-- phpMyAdmin SQL Dump
-- version 4.0.4.1
-- http://www.phpmyadmin.net
--
-- Inang: 127.0.0.1
-- Waktu pembuatan: 24 Des 2018 pada 05.12
-- Versi Server: 5.5.32
-- Versi PHP: 5.4.19

SET SQL_MODE = "NO_AUTO_VALUE_ON_ZERO";
SET time_zone = "+00:00";


/*!40101 SET @OLD_CHARACTER_SET_CLIENT=@@CHARACTER_SET_CLIENT */;
/*!40101 SET @OLD_CHARACTER_SET_RESULTS=@@CHARACTER_SET_RESULTS */;
/*!40101 SET @OLD_COLLATION_CONNECTION=@@COLLATION_CONNECTION */;
/*!40101 SET NAMES utf8 */;

--
-- Basis data: `jmto_eproc`
--
CREATE DATABASE IF NOT EXISTS `jmto_eproc` DEFAULT CHARACTER SET latin1 COLLATE latin1_swedish_ci;
USE `jmto_eproc`;

DELIMITER $$
--
-- Fungsi
--
CREATE DEFINER=`root`@`localhost` FUNCTION `F_KOTA`(PID INT) RETURNS text CHARSET latin1
BEGIN

  DECLARE KOTA text DEFAULT "";

    SELECT name INTO KOTA FROM regencies WHERE id = PID;
  RETURN KOTA;
END$$

CREATE DEFINER=`root`@`localhost` FUNCTION `F_PROPINSI`(PID INT) RETURNS text CHARSET latin1
BEGIN

  DECLARE PROP text DEFAULT "";

    SELECT name INTO PROP FROM provinces WHERE id = PID;
  RETURN PROP;
END$$

CREATE DEFINER=`root`@`localhost` FUNCTION `F_TIPE_PERUSAHAAN`(PID INT) RETURNS text CHARSET latin1
BEGIN

  DECLARE TIPE text DEFAULT "";

    SELECT tipe_perusahaan INTO TIPE FROM drt_tipe_perusahaan WHERE id = PID;
  RETURN TIPE;
END$$

DELIMITER ;

-- --------------------------------------------------------

--
-- Struktur dari tabel `drt_akta`
--

CREATE TABLE IF NOT EXISTS `drt_akta` (
  `id` int(11) NOT NULL AUTO_INCREMENT,
  `id_peserta` int(11) DEFAULT NULL,
  `nomor` varchar(50) DEFAULT NULL,
  `tgl_srt` date DEFAULT NULL,
  `notaris` varchar(30) DEFAULT NULL,
  `alamat_notaris` varchar(200) DEFAULT NULL,
  `dok` varchar(255) DEFAULT NULL,
  `perubahan_nomor` varchar(50) DEFAULT NULL,
  `perubahan_tgl_srt` date DEFAULT NULL,
  `perubahan_notaris` varchar(100) DEFAULT NULL,
  `perubahan_alamat_notaris` varchar(200) DEFAULT NULL,
  `perubahan_dok` varchar(255) DEFAULT NULL,
  `created` datetime DEFAULT NULL,
  `updated` datetime DEFAULT NULL,
  `status` smallint(6) DEFAULT '1',
  `status_delete` smallint(6) DEFAULT '0',
  PRIMARY KEY (`id`) USING BTREE
) ENGINE=InnoDB  DEFAULT CHARSET=latin1 ROW_FORMAT=COMPACT AUTO_INCREMENT=37 ;

--
-- Dumping data untuk tabel `drt_akta`
--

INSERT INTO `drt_akta` (`id`, `id_peserta`, `nomor`, `tgl_srt`, `notaris`, `alamat_notaris`, `dok`, `perubahan_nomor`, `perubahan_tgl_srt`, `perubahan_notaris`, `perubahan_alamat_notaris`, `perubahan_dok`, `created`, `updated`, `status`, `status_delete`) VALUES
(1, 4, '121212', '2018-07-10', '1212', '121212', '4_akta_0.949166001531210096_.pdf', '12121212', '2018-07-11', '12121212', '121212122', '4_akta2_0.949197001531210096_.pdf', '2018-07-10 15:08:16', NULL, 1, 1),
(2, 5, '45', '2016-04-07', 'H.Rizul Sudarmadi', 'Jalan Alu Alu No.5 Rawamangun Jakarta Timur', '5_akta_0.230165001531360496_.pdf', '', '0000-00-00', '', '', '5_akta2_0.230182001531360496_.pdf', '2018-07-12 08:54:56', NULL, 1, 0),
(3, 8, '8wfwefwef423423424', '2005-06-02', 'Rusnaldy,SH', 'Jl.Let.Jen.M.T.Haryono Kav 2-3 Komplek Sakti PLaza Jakarta', '8_akta_0.134115001544685805_.zip', '2', '2016-02-29', 'Indra Tjahja Rinanto,SH', 'JL.Anggrek Nelimurni No.B 68 Jakarta Barat', '8_akta2_0.134129001544685805_.zip', '2018-12-13 14:23:25', NULL, 1, 1),
(4, 11, '28', '1976-03-15', 'G.H.S .Loemban  Tobing ,SH ', 'Jl. Kebon Binatang  I/10 Telp.O.G.46266', '11_akta_0.149931001535085009_.pdf', '3', '2017-11-30', 'Linda Darlinah Siran,SH,Mkn', 'Komp. Ruko Medical Jl. Raya Pondok Kelapa Blok E Kav. 7 Pondok Kelapa Kota Administrasi Jakarta  Timur ', '11_akta2_0.149959001535085009_.pdf', '2018-08-24 11:30:09', NULL, 1, 0),
(5, 14, '17', '0000-00-00', 'CARSUANDY, SH', 'JALAN RADEN SALEH N0 5 KARANG TENGAH KOTA TANGERANG', '14_akta_0.359618001535092724_.pdf', '', '0000-00-00', '', '', '14_akta2_0.359647001535092724_.pdf', '2018-08-24 13:38:44', NULL, 1, 0),
(6, 20, 'Akta Nomor 116', '2005-12-21', 'Sujayanto SH., MM', 'Kabupaten Sidoarjo', '20_akta_0.594242001535093678_.pdf', 'AHU-AH.01.03-0135688', '2017-05-12', 'SITI NURUL YULIAMI, SH., M.KN.', 'Surabaya', '20_akta2_0.594269001535093678_.pdf', '2018-08-24 13:54:38', NULL, 1, 0),
(7, 13, '9', '2012-12-03', 'NETTY MARIA MACHDAR,SH', 'KOMPLEK PERKANTORAN HARMONI MAS, JL. BLOK A/3, JAKARTA 11110 INDONESIA ', '13_akta_0.341902001535094971_.pdf', '247', '2018-01-29', 'RACHMAT BASUKI,SH.,M.Kn', 'JALAN PANATAYUDA I NOMOR 45 A KABUPATEN KARAWANG JAWA BARAT', '13_akta2_0.341928001535094971_.pdf', '2018-08-24 14:16:11', NULL, 1, 0),
(8, 28, '111', '1991-09-25', 'RADEN IMAM SOESATYO PRAWIROKOE', 'CIANJUR', '28_akta_0.319485001535101592_.pdf', '4', '2016-04-18', 'BAGUS NUGRAHA KUSUMA WARDHANA', 'JAKARTA SELATAN', '28_akta2_0.319512001535101592_.pdf', '2018-08-24 16:06:32', NULL, 1, 0),
(9, 27, '01,-', '2015-06-26', 'NY. FRANSISCA INNING SOEMANTRI', 'Jl. Mekarsari No.20 Kel. Bekasi, Kec. Bekasi Timur, Kota Bekasi 17112', '27_akta_0.741734001535103313_.pdf', '', '0000-00-00', '', '', '27_akta2_0.741760001535103313_.pdf', '2018-08-24 16:35:13', NULL, 1, 0),
(10, 16, '12', '2005-11-22', 'BINSAR SIMANJUNTAK, SH', 'JALAN SAUDARA NOMOR 12 MEDAN', '16_akta_0.064517001535970889_.pdf', '147', '2008-05-16', 'BINSAR SIMANJUNTAK, SH', 'JALAN SAUDARA NOMOR 12 MEDAN', '16_akta2_0.064545001535970889_.pdf', '2018-09-03 17:34:49', NULL, 1, 0),
(11, 16, '23', '2010-12-09', 'BINSAR SIMANJUNTAK, SH', 'JALAN SAUDARA NOMOR 12 MEDAN', '16_akta_0.747639001535971137_.pdf', '102', '2016-04-19', 'BINSAR SIMANJUNTAK, SH', 'JALAN SAUDARA NOMOR 12 MEDAN ', '16_akta2_0.747673001535971137_.pdf', '2018-09-03 17:38:57', NULL, 1, 0),
(12, 16, '131', '2016-05-17', 'BINSAR SIMANJUNTAK, SH', 'JALAN SAUDARA NOMOR 12 MEDAN', '16_akta_0.335773001535971168_.pdf', '156', '2017-06-20', 'BINSAR SIMANJUNTAK, SH', 'JALAN SAUDARA NOMOR 12 MEDAN', '16_akta2_0.335802001535971168_.pdf', '2018-09-03 17:39:28', NULL, 1, 0),
(13, 19, '12', '2016-02-19', 'Ali Muda Rambe, SH', 'Jl. Jend Gatot Subroto No. 102 -N Simpang Barat, Medan.', '19_akta_0.674110001535341027_.pdf', '', '0000-00-00', '', '', '19_akta2_0.674139001535341027_.pdf', '2018-08-27 10:37:07', NULL, 1, 0),
(14, 30, '001386/BH/M.KUKM2/VI/2016', '2016-04-07', 'H. RIZUL SUDARMADI, SH. MKn.', 'Jalan Alu-alu No. 5 Rawamangun, Jakarta 1322o', '30_akta_0.297613001535359839_.pdf', '', '0000-00-00', '', '', '30_akta2_0.297638001535359839_.pdf', '2018-08-27 15:50:39', NULL, 1, 0),
(15, 15, '08', '2016-05-11', 'Ali Muda Rambe, SH', 'JL. GATOT SUBROTO NO. 102-N SIMPANG BARAT ', '15_akta_0.054602001535439488_.pdf', '', '0000-00-00', '', '', '15_akta2_0.054627001535439488_.pdf', '2018-08-28 13:58:08', NULL, 1, 0),
(16, 4, 'wewe', '2018-10-16', 'wewew', 'wewewe', '4_akta_0.524789001539051630_.pdf', 'wewe', '2018-10-09', 'wewe', 'wewe', '4_akta2_0.524811001539051630_.pdf', '2018-10-09 09:20:30', NULL, 1, 1),
(17, 4, 'test', '2018-11-23', 'test', 'test', '4_akta_0.190104001542946247_.pdf', 'etes', '2018-11-23', 'wwee', 'weee', '4_akta2_0.190140001542946247_.pdf', '2018-11-23 11:10:47', NULL, 1, 1),
(18, NULL, NULL, NULL, NULL, NULL, NULL, NULL, NULL, NULL, NULL, NULL, '2018-11-23 11:16:23', NULL, 1, 0),
(19, 8, 'xxx1212313123qweasdasdf4234', '2018-12-13', 'tessssss', 'hbsafjkbsdfasdf213423qwr', '8_akta_0.628943001544685661_.zip', '123123123', '2018-10-09', 'xxxxxx', 'dasd', '8_akta2_0.628978001544685661_.zip', '2018-12-13 14:21:01', NULL, 1, 1),
(20, 8, '321', '2018-12-26', '111', '', '8_akta_0.382692001544691134_.txt', '', '0000-00-00', '', '', '8_akta2_0.382708001544691134_.txt', '2018-12-13 16:14:29', NULL, 1, 1),
(21, NULL, '', '0000-00-00', '', '', NULL, '', '0000-00-00', '', '', NULL, '2018-12-13 16:35:54', NULL, 1, 0),
(22, 4, 's', '2018-12-31', 's', 'sss', '4_akta_0.997708001544759003_.pdf', '', '0000-00-00', '', '', '4_akta2_0.997723001544759003_.pdf', '2018-12-14 10:43:23', NULL, 1, 1),
(23, NULL, '333', '2018-12-12', 'daqsd', 'dqweqwer', NULL, NULL, NULL, NULL, NULL, NULL, '2018-12-14 13:13:56', NULL, 1, 0),
(24, NULL, 'we', '2018-12-21', 'qweq', 'qwe', NULL, NULL, NULL, NULL, NULL, NULL, '2018-12-14 13:14:18', NULL, 1, 0),
(25, NULL, 'qwe', '2018-12-11', 'qwer', 'werqwer', NULL, NULL, NULL, NULL, NULL, NULL, '2018-12-14 13:16:22', NULL, 1, 0),
(26, NULL, 'qweqw', '2018-12-03', 'eeee', 'qweq', NULL, NULL, NULL, NULL, NULL, NULL, '2018-12-14 13:16:36', NULL, 1, 0),
(32, NULL, 'T444', '2018-12-25', 'daqsd', 'qweqwe', '.20181214141833.pdf', 'ddd', '2018-12-24', 'eqwe', 'qweqwe', '.20181214141833.pdf', '2018-12-14 14:18:33', NULL, 1, 0),
(33, 4, '123456789', '2018-12-31', 'Ardy Sundana', 'Alamat', '4_akta_0.230690001545011594_.pdf', '33333', '2018-12-24', 'ARS', 'wer', '4_akta2_0.230690001545011594_.pdf', '2018-12-17 03:27:40', '2018-12-17 03:27:40', 1, 0),
(34, 4, 'dw', '2018-12-17', 'd', 'd', '4.20181214142759.pdf', NULL, NULL, 'csd', NULL, '4.20181214142759.', '2018-12-15 13:38:21', '2018-12-15 13:38:21', 1, 1),
(35, 4, 'c', '2018-12-14', 'c', 'c', '4.20181214143052.pdf', NULL, NULL, NULL, NULL, '4.20181214142922.pdf', '2018-12-14 14:29:05', '2018-12-14 14:30:52', 1, 1),
(36, 4, 'sss', '2018-12-25', 's', 's', '4.20181214143120.pdf', 's', '2018-11-26', 'ddd', 'ddddd', '4.20181214143134.pdf', '2018-12-14 14:31:20', '2018-12-14 14:31:48', 1, 1);

-- --------------------------------------------------------

--
-- Struktur dari tabel `drt_data_perusahaan`
--

CREATE TABLE IF NOT EXISTS `drt_data_perusahaan` (
  `id` int(11) NOT NULL AUTO_INCREMENT,
  `id_peserta` int(11) DEFAULT NULL,
  `bentuk_perusahaan` smallint(2) DEFAULT NULL,
  `nama_perusahaan` varchar(200) DEFAULT NULL,
  `npwp` varchar(20) DEFAULT NULL,
  `no_pengukuhan` varchar(100) DEFAULT NULL,
  `alamat` varchar(255) DEFAULT NULL,
  `propinsi` smallint(5) DEFAULT NULL,
  `kota` smallint(5) DEFAULT NULL,
  `telp` varchar(25) DEFAULT NULL,
  `fax` varchar(25) DEFAULT NULL,
  `hp` varchar(14) DEFAULT NULL,
  `kode_pos` varchar(7) DEFAULT NULL,
  `email` varchar(50) DEFAULT NULL,
  `website` varchar(100) DEFAULT NULL,
  `kantor_cabang` smallint(1) DEFAULT NULL COMMENT '1=ya, 2=tidak',
  `created` datetime DEFAULT NULL,
  `ip_address` varchar(15) DEFAULT NULL,
  `status` smallint(255) DEFAULT NULL,
  `approved` smallint(6) DEFAULT '0',
  `file_npwp` varchar(255) DEFAULT NULL,
  `file_pkp` varchar(255) DEFAULT NULL,
  PRIMARY KEY (`id`) USING BTREE
) ENGINE=InnoDB  DEFAULT CHARSET=utf8 ROW_FORMAT=COMPACT AUTO_INCREMENT=28 ;

--
-- Dumping data untuk tabel `drt_data_perusahaan`
--

INSERT INTO `drt_data_perusahaan` (`id`, `id_peserta`, `bentuk_perusahaan`, `nama_perusahaan`, `npwp`, `no_pengukuhan`, `alamat`, `propinsi`, `kota`, `telp`, `fax`, `hp`, `kode_pos`, `email`, `website`, `kantor_cabang`, `created`, `ip_address`, `status`, `approved`, `file_npwp`, `file_pkp`) VALUES
(1, 4, 1, 'PT. SAPTA PESONA', '12.121.212.1-212.121', '12121212', 'sdsdsds', 31, 3171, '12121212', '121212', '121212', '1212', 'ismail.proyek@gmail.com', 'www.quadras.co.id', 2, '2018-07-10 14:52:23', '172.16.2.2', NULL, 0, '4_npwp_20181214162314.pdf', '4_pkp_20181214162314.pdf'),
(2, 5, 4, 'koperasi jlo tes', '76.359.941.2-005.000', 'S295PKP/WPJ.20/KP.0603/2016', 'Gedung Kantor Cabang Jagorawi Lt 4 Plaza Toll TMII Jakarta Tinur', 31, 3172, '021 22944722', '', '', '', 'arisbudiyanto561986@gmail.com', '', 2, '2018-07-12 08:49:44', '172.16.2.2', NULL, 0, NULL, NULL),
(3, 6, 1, 'Test', '11.111.111.1-111.111', '11111', '11111', 31, 3172, '11235449894', '12131312313', '1231313223', '12331', 'natasha_evelyn@rocketmail.com', '', 2, '2018-08-15 10:18:48', '172.16.2.2', NULL, 0, NULL, NULL),
(4, 8, 1, 'Paku Mas', '02.463.715.9-005.000', 'PEM-00510/WPJ.20/KP.0603/2013', 'Rukan Taman Pondok KelapaBlok F2 JL.Raya Pondok Kelapa Kec Duren Sawit', 31, 3172, '021 87798473', '021 87798473', '08179171815', '13550', 'robyriswan0709@gmail.com', '', NULL, '2018-08-15 14:53:27', '36.70.14.199', NULL, 0, NULL, NULL),
(6, 11, 1, 'PT. Tamba Ria Jaya ', '01.359.873.5-008.000', 'PEM-00085/WPJ.20/KP.0903/2007', 'Kom. Rukan Taman Pondok  Kelapa Blok F No.4 Jl. Raya Pondok  Kelapa  Jakarta  Timur ', 31, 3172, '02186901255', '0218640495', '081315684653', '13450', 'tambaria.jaya@yahoo.com', '', 2, '2018-08-20 16:28:22', '117.102.92.21', NULL, 0, NULL, NULL),
(10, 14, 1, 'PT MULTIARTHA ADHI SARANA', '81.917.809.6-416.000', 'S-865PKP/WPJ.08/KP.0903/2017', 'JALAN RADEN FATAH NO 111 KELURAHAN PARUNG SERAB', 36, 3671, '02122742798', '02122742798', '082227776916', '15153', 'triwiyadi735@gmail.com', '', 2, '2018-08-24 10:45:39', '180.252.98.233', NULL, 0, NULL, NULL),
(12, 20, 1, 'PT Bangun Persada Transportation', '02.370.602.1-603.000', 'PEM-00043/WPJ.20/KP.0103/2006', 'Jln. Raya Krian No.7 Ds. Ponokawan RT.006/RW.001 Kec. Krian - Kab. Sidoarjo', 35, 3515, '0318986531', '0318986531', '082230912444', '61262', 'bpt_trans39@yahoo.com', '', 2, '2018-08-24 12:54:22', '180.248.58.123', NULL, 0, NULL, NULL),
(13, 23, 1, 'PT Husada Putra Pratama', '31.479.803.4-603.000', 'PEM-117.UP/WPJ.24/KP.0103/2012', 'Jl. Trosobo Utama RT.019/RW.005 Desa Sidodadi Kec. Taman Kab. Sidoarjo', 35, 3515, '031-7882685', '031-7882685', '081335333177', '61257', 'husadaputra.hpp@gmail.com', '', 2, '2018-08-24 14:22:17', '180.248.58.123', NULL, 0, NULL, NULL),
(16, 27, 1, 'KUMALA CAHAYA KITA', '73.470.388.7-061.000', 'S-2293PKP/WPJ.04/KP.0803/2015', 'Kindo Square Blok C4 Lt 3 Jl Duren Tiga No. 101 RT 008/01 Jakarta Selatan', 31, 3171, '021 79195081', '', '082124999631', '12760', 'pt.kumalack@yahoo.co.id', '', 2, '2018-08-24 15:59:09', '223.255.229.8', NULL, 0, NULL, NULL),
(17, 28, 1, 'PT ARMADA ANTAR LINTAS NUSA', '01.646.510.6-002.000', 'PEM-00384/WPJ.20/KP.0203/2012', 'JL. RS FATMAWATI NO. 4M LT. 3 CILANDAK BARAT CILANDAK JAKARTA SELATAN', 31, 3171, '021 7656042', '-', '0816868037', '', 'aaclub_indo@yahoo.co.id', '', 2, '2018-08-24 16:07:58', '140.213.8.49', NULL, 0, NULL, NULL),
(19, 13, 1, 'PT. Duta Hidayah', '03.276.881.4-009.000', 'S-560PKP/WPJ.20/KP.0803/2017', 'JL.GIRI KENCANA PERUMAHAN WIRA KENCANA NO.16 A RT.008/02, CILANGKAP CIPAYUNG', 31, 3172, '021-84594832', '021-84594832', '08128045948', '13870', 'achmad.dt@gmail.com', '', 2, '2018-08-24 17:29:40', '125.166.210.166', NULL, 0, NULL, NULL),
(20, 16, 1, 'PT. Eratama Putra Prakarsa', '01.487.697.3-125.000', 'S-417PKP/WPj.01/KP.0903/2015', 'Dusun III Gg. Aman No. 99 Desa Suka Makmur Kec. Deli Tua', 12, 1212, '0821-6614-3346', '', '', '20355', 'dindapratiwiningrumh@gmail.com', '', 1, '2018-08-25 14:03:58', '110.137.61.120', NULL, 0, NULL, NULL),
(23, 19, 2, 'PUTRA DELI', '75.318.135.3-121.000', 'S-153PKP/WPJ.01/KP.0303/2016', 'Jl. Mongonsidi Simpang Karya Kasih Gg. Upah Tendi No. 1 Kel. Anggrung Kec. Medan Polonia', 12, 1275, '085361250423', '-', '085361250423', '20152', 'madiahhandayani22@gmail.com', '-', 2, '2018-08-27 10:33:46', '125.162.38.23', NULL, 0, NULL, NULL),
(25, 30, 4, 'KOPERASI JASA LAYANAN OPERASI BERSAMA', '76.359.941.2-005.000', 'S-295PKP/WPJ.20/KP.0603/2016', 'PLAZA TOL TAMAN MINI INDONESIA INDAH, KAMPUNG DUKUH VI RT. 008 RW. 002 DUKUH, KRAMAT JATI', 31, 3172, '021-22701977', '021-22701976', '', '', 'koperasijlo@gmail.com', '', 2, '2018-08-27 11:12:30', '172.16.2.2', NULL, 0, NULL, NULL),
(27, 15, 2, 'RAJA KARYA', '76.132.690.9-124.000', 'S-292PKP/WPJ.01/KP.0803/2016', 'Jl. Gatot Subroto Gg. Johar No. 1 Kel. Sei Putih Barat Kec. Medan Petisah', 12, 1275, '085361250423', '', '085361250423', '20112', 'RAJAKARYA24@gmail.com', '-', 2, '2018-08-28 18:13:17', '36.68.134.122', NULL, 0, NULL, NULL);

-- --------------------------------------------------------

--
-- Struktur dari tabel `drt_date_lock`
--

CREATE TABLE IF NOT EXISTS `drt_date_lock` (
  `id` int(11) NOT NULL AUTO_INCREMENT,
  `id_peserta` int(11) DEFAULT NULL,
  `sdate` date DEFAULT NULL,
  `edate` date DEFAULT NULL,
  PRIMARY KEY (`id`) USING BTREE
) ENGINE=InnoDB  DEFAULT CHARSET=latin1 ROW_FORMAT=COMPACT AUTO_INCREMENT=3 ;

--
-- Dumping data untuk tabel `drt_date_lock`
--

INSERT INTO `drt_date_lock` (`id`, `id_peserta`, `sdate`, `edate`) VALUES
(1, 4, '0000-00-00', '0000-00-00'),
(2, 4, '2018-10-01', '2018-10-20');

-- --------------------------------------------------------

--
-- Struktur dari tabel `drt_domisili`
--

CREATE TABLE IF NOT EXISTS `drt_domisili` (
  `id` int(11) NOT NULL AUTO_INCREMENT,
  `id_peserta` int(11) DEFAULT NULL,
  `nomor` varchar(100) DEFAULT NULL,
  `instansi_penerbit` varchar(100) DEFAULT NULL,
  `tgl_terbit` date DEFAULT NULL,
  `tgl_sampai` date DEFAULT NULL,
  `file` varchar(100) DEFAULT NULL,
  PRIMARY KEY (`id`) USING BTREE
) ENGINE=InnoDB  DEFAULT CHARSET=latin1 ROW_FORMAT=COMPACT AUTO_INCREMENT=3 ;

--
-- Dumping data untuk tabel `drt_domisili`
--

INSERT INTO `drt_domisili` (`id`, `id_peserta`, `nomor`, `instansi_penerbit`, `tgl_terbit`, `tgl_sampai`, `file`) VALUES
(1, 4, '0987654321', 'test', '2018-11-23', '2018-11-29', '4_ijin_usaha_0.843554001542934755.pdf'),
(2, 8, '', '', '1970-01-01', '1970-01-01', '8_ijin_usaha_0.223617001544694926.rar');

-- --------------------------------------------------------

--
-- Struktur dari tabel `drt_ijin_usaha`
--

CREATE TABLE IF NOT EXISTS `drt_ijin_usaha` (
  `id` int(11) NOT NULL AUTO_INCREMENT,
  `id_peserta` int(11) DEFAULT NULL,
  `jenis_ijin` varchar(100) DEFAULT NULL,
  `nomor_surat` varchar(100) DEFAULT NULL,
  `berlaku_sampai` date DEFAULT NULL,
  `instansi_pemberi` varchar(100) DEFAULT NULL,
  `kualifikasi` smallint(2) DEFAULT NULL,
  `klasifikasi` int(10) DEFAULT NULL,
  `klasifikasi_lainnya` varchar(300) DEFAULT NULL,
  `dok` varchar(100) DEFAULT NULL,
  `created` datetime DEFAULT NULL,
  `updated` datetime DEFAULT NULL,
  `status` smallint(1) DEFAULT '0',
  `status_delete` smallint(1) DEFAULT '0',
  PRIMARY KEY (`id`) USING BTREE
) ENGINE=InnoDB  DEFAULT CHARSET=latin1 ROW_FORMAT=COMPACT AUTO_INCREMENT=82 ;

--
-- Dumping data untuk tabel `drt_ijin_usaha`
--

INSERT INTO `drt_ijin_usaha` (`id`, `id_peserta`, `jenis_ijin`, `nomor_surat`, `berlaku_sampai`, `instansi_pemberi`, `kualifikasi`, `klasifikasi`, `klasifikasi_lainnya`, `dok`, `created`, `updated`, `status`, `status_delete`) VALUES
(24, 1, '12 tes', '12 tes', '2018-08-31', '12', 1, 7, '12 test', '1_ijin_usaha_0.441692001534124595.pdf', '2018-08-13 08:43:15', '2018-08-13 09:11:24', 0, 0),
(25, 1, '212', '321 iim', '2018-08-31', '23', 2, 9, 'test 212', '1_ijin_usaha_0.452960001534126807.pdf', '2018-08-13 08:49:11', '2018-08-13 09:20:07', 0, 0),
(26, 1, '2323', '2323', '2018-08-15', '233', 1, 10, '232', '1_ijin_usaha_0.292877001534126527.pdf', '2018-08-13 09:15:27', NULL, 0, 0),
(27, 1, 'cc122', 'cc iim', '2018-08-01', 'cc', 1, 10, 'ccc', '1_ijin_usaha_0.425764001534143138.pdf', '2018-08-13 13:52:18', '2018-08-15 16:14:42', 0, 0),
(30, 14, 'SURAT IJIN USAHA PERDAGANGAN', '0345/PM/V/DPMPTSP/2017', '1970-01-01', 'DINAS PENANAMAN MODAL DAN PELAYANAN TERPADU SATU PINTU', 3, 11, 'PENYEDIA TENAGA KERJA', '14_ijin_usaha_0.294166001535083603.pdf', '2018-08-24 11:06:43', NULL, 0, 0),
(31, 11, 'SIUP', '114/24.1PM.7/31.75/-1.824.27/e/2018', '2023-02-13', 'Unit Pelaksana PTSP Kota Administrasi Jakarta  Timur ', 3, 5, '- Perdagangan Besar Mesin,Peralatan dan Perelngkapan Lainnya \r\n', '11_ijin_usaha_0.284146001535085348.pdf', '2018-08-24 11:35:48', NULL, 0, 0),
(32, 11, 'TDP ', '48626/24.3.0/31.75.00.000/1.824.271/2015', '2020-10-17', 'Kantor PTSP Kota Administrasi Jakarta Timur ', 3, 10, 'Perdagangan Besar Mesin,Peralatan dan perlengkapan lainnya ', '11_ijin_usaha_0.554824001535085563.pdf', '2018-08-24 11:39:23', NULL, 0, 0),
(33, 20, 'SIUP', '510/55-PJ/404.6.2/2016', '2021-01-11', 'Badan Pelayanan Perijinan Terpadu', 3, 11, 'Jasa Angkutan Barang,Pemasangan Rambu dan Peyedia  Tenaga Kerja,Penyewaan Peralatan Kerja,Cleaning Service, Rambu Telematika, Telekomunikasi, Elektrikal, Mekanikal, Pengurusan surat - surat penting dan jasa persewaan alat Transportasi. Perdagangan Alat/Bibit/Hasil: Pertanian, Peternakan, Pertambanga', '20_ijin_usaha_0.993910001535091221.jpg', '2018-08-24 13:13:41', '2018-08-28 11:47:06', 0, 0),
(34, 20, 'Surat Ijin Operasional Perusahaan Penyedia Jasa Pekerja/Buruh', 'P2T/184/08.03/02/XI/2016', '2019-11-16', 'Pemerinta Provinsi Jawa Timur Badan Penanaman Modal UPT Pelayanan Perizinan Terpadu', 3, 11, 'Usaha Pelayanan kebersihan, Usaha Penyediaan Makanan bagi Pekerja/Buruh, Usaha Tenaga Pengamanan dan Usaha penyediaan Angkutan Bagi Pekerja/Buruh.', '20_ijin_usaha_0.329354001535091704.jpg', '2018-08-24 13:21:44', NULL, 0, 0),
(35, 13, 'SURAT IZIN USAHA PERAGANGAN ', '669/24.1PM.7/31.75/-1.824.27/e/2017', '2023-10-20', 'PELAYANAN TERPADU SATU PINTU KOTA ADMINISTRASI JAKARTA TIMUR', 3, 11, 'BAHAN PANGAN, JASA KEBERSIHAN, ALAT TULIS KANTOR DAN BARANG CETAKAN', '13_ijin_usaha_0.135146001535093726.pdf', '2018-08-24 13:55:26', '2018-08-24 15:26:37', 0, 0),
(36, 13, 'IZIN USAHA JASA KONSTRUKSI NASIONAL', '2601/C.31/31.75/-1.785.56/2017', '2020-06-05', 'PELAYANAN TERPADU SATU PINTU KOTA ADMINISTRASI JAKARTA TIMUR', 3, 11, 'BANGUNAN SIPIL, BANGUNAN GEDUNG', '13_ijin_usaha_0.620884001535094382.pdf', '2018-08-24 14:06:22', NULL, 0, 0),
(37, 13, 'SURAT KETERANGAN DOMISILI PERUSAHAAN', '52/27.1BU/31.75.10.1002/-071.562/e/2017', '2022-04-09', 'PELAYANAN TERPADU SATU PINTU KELURAHAN CILANGKAP', 3, 11, '', '13_ijin_usaha_0.696677001535096459.pdf', '2018-08-24 14:40:59', NULL, 0, 0),
(38, 13, 'TANDA DAFTAR PERUSAHAAN ', '72/24.3PT.1/31.75/-1.824.27/e/2018', '2023-02-20', 'PELAYANAN TERPADU SATU PINTU JAKARTA TIMUR', 3, 11, '', '13_ijin_usaha_0.193329001535097298.pdf', '2018-08-24 14:54:58', '2018-08-24 14:57:44', 0, 0),
(39, 23, 'Surat Ijin Usaha Perdagangan Menengah', '510/133-PJ/404.5.15/2017', '2022-03-14', 'Pemerintah Kabupaten Sidoarjo Dinas Penanaman Modal Dan Pelayanan Terpadu Satu Pintu', 3, 11, 'Perdagangan Mekanikal, Elektrikal, Bahan Makanan, ATK, Alat - Alat Kesehatan, Pertanian, Perikanan, Peternakan, Pertamanan, Kehutanan, Suku Cadang/Spare Part Kendaraan, Alat - alat Berat, Bibit Ikan, Alat/Hasil Percetakan Penjilidan, Pakaian Dinas, Bibit Tanaman, Obat - Obatan Selain di Apotik, Komp', '23_ijin_usaha_0.135873001535097836.pdf', '2018-08-24 15:03:56', NULL, 0, 0),
(40, 13, 'SERTIFIKAT BADAN USAHA', '13095420', '2019-01-12', 'KADIN DKI JAKARTA', 3, 11, '1. BAHAN PANGAN, JASA BOGA \r\n2. JASA PEMEBERSIH\r\n3. ATK,  AP/SC KESELAMATAN ANGKUTAN DARAT\r\n              AP/SC RADIO, TELEKOMUNIKASI DAN ELEKTRONIKA\r\n              AP/SC TEKSTIL DAN PRODUK TEKSTIL', '13_ijin_usaha_0.025055001535098727.pdf', '2018-08-24 15:18:47', NULL, 0, 0),
(41, 13, 'IZIN OPERASIONAL PERUSAHAAN PENYEDIA JASA PEKERJA/BURUH', '011/G.4/31.75.10/-1.837/2018', '2021-02-14', 'PELAYANAN TERPADU SATU PINTU KECAMATAN CIPAYUNG', 3, 11, '', '13_ijin_usaha_0.814574001535099637.pdf', '2018-08-24 15:33:57', '2018-08-24 16:22:58', 0, 0),
(42, 28, 'SIUP', '425/24.1PB.7/31.74/-1.824.27/e/2017', '1970-01-01', 'UNIT PELAKSANA PELAYANAN TERPADU SATU PINTU KOTA JAKARTA SELATAN', 2, 3, '', '28_ijin_usaha_0.582346001535099785.pdf', '2018-08-24 15:36:25', NULL, 0, 0),
(43, 28, 'TDP', '1054/24.3PT.1/31.74/-1.824.27/e/2017', '2022-06-12', 'UNIT PELASANA TERPADU SATU PINTU KOTA ADMINISTRASI JAKARTA SELATAN', 2, 3, '', '28_ijin_usaha_0.398553001535100005.pdf', '2018-08-24 15:40:05', NULL, 0, 0),
(44, 28, 'SKDP', '700/27.1BU.1/31.74.06.1001/-071.562/e/2017', '2022-10-08', 'UNIT PELAKSANA PELAYANAN TERPADU SATU PINTU', 2, 3, '', '28_ijin_usaha_0.817090001535100187.pdf', '2018-08-24 15:43:07', NULL, 0, 0),
(45, 13, 'SRTIIKAN BADAN USAHA JASA PELAKSANA KONTRUKSI', '0-3172-07-149-1-09-9064692', '2020-06-05', 'LPJK', 3, 11, '1. BANGUNAN SIPIL\r\n2. BANGUNAN GEDUNG', '13_ijin_usaha_0.869229001535100221.pdf', '2018-08-24 15:43:41', NULL, 0, 0),
(46, 28, 'KADIN', '20203-04062400/4-5-2004', '1970-01-01', 'KADIN JAKARTA', 2, 3, '', '28_ijin_usaha_0.954095001535100451.pdf', '2018-08-24 15:47:31', NULL, 0, 0),
(47, 28, 'SBU', '1.0903-000-1069046', '2019-02-05', 'BSK KADIN JAKARTA', 2, 3, '', '28_ijin_usaha_0.634445001535100886.pdf', '2018-08-24 15:54:46', NULL, 0, 0),
(48, 28, 'SK GUBERNUR', '660/-1.811.32', '2022-07-03', 'GUBERNUR DKI JKARTA', 2, 3, '', '28_ijin_usaha_0.894067001535101016.pdf', '2018-08-24 15:56:56', NULL, 0, 0),
(49, 28, 'KEMENKUHAM', 'AHU-0008475.AH.01.02.TAHUN 2016', '2022-03-05', 'KEMENTERIAN HUKUM DAN HAM', 2, 3, '', '28_ijin_usaha_0.451415001535101263.pdf', '2018-08-24 16:01:03', NULL, 0, 0),
(50, 27, 'TDP', '09.03.1.46.99888', '2020-08-03', 'Kepala Kantor PTSP KOTA ADMINISTRASI JAKARTA SELATAN ', 3, 11, '', '27_ijin_usaha_0.611750001535102917.pdf', '2018-08-24 16:04:43', '2018-08-24 16:28:37', 0, 0),
(51, 13, 'KTA KADIN', '180115-001339', '2019-03-31', 'KADIN JAKARTA TIMUR', 3, 11, '', '13_ijin_usaha_0.761051001535101554.pdf', '2018-08-24 16:05:54', NULL, 0, 0),
(52, 27, 'SIUP', '3454/24.1PM/31.74/-2.824.27/2015', '2020-07-24', 'KEPALA KANTOR PTSP KOTA ADMINISTRASI  JAKARTA SELATAN', 3, 11, '4642,6811,8121', '27_ijin_usaha_0.637723001535103014.pdf', '2018-08-24 16:09:19', '2018-08-24 16:30:14', 0, 0),
(53, 27, 'SBU Cleaning Service', '1-0903-012-1067418', '2018-11-14', 'KADIN DKI JAKARTA', 3, 11, 'Jasa Pembersih', '27_ijin_usaha_0.360013001535102128.pdf', '2018-08-24 16:15:28', NULL, 0, 0),
(54, 27, 'KTA APTEK', 'J.252-P/033-II/14/2017', '2018-12-05', 'APTEK DKI JAKARTA', 3, 11, '- Pemeliharan Barang dan Peralatan Mesin-mesina, Mekanikal, Elektrikal dan \r\n  Elektronika\r\n- Pemeliharaan dan reparasi Mesin da Peralatan Industri\r\n- Pemeliharan Alat Angkutan Darat\r\n- Pemeliharaan Alat Berat', '27_ijin_usaha_0.442632001535102453.pdf', '2018-08-24 16:20:53', NULL, 0, 0),
(55, 13, 'SRTIIKAT ISO', 'QMS-02-2018-1097R, OHS-02-2018-1045R, EMS-02-2018-1058R', '2021-02-15', 'QMS CERTIICATE', 3, 11, '1. ISO 9001:2015\r\n2. ISO 14001:2015\r\n3. ISO 45001:2016', '13_ijin_usaha_0.558113001535102530.pdf', '2018-08-24 16:22:10', NULL, 0, 0),
(56, 27, 'KTA ARDIN', '1-0903-015-1067428', '2018-11-14', 'KADIN DKI JAKARTA', 3, 11, '- alat/peralatan/suku cadang : tulis dan barang cetakan\r\n- alat/peralatan/suku cadang : visualisasi/olahraga dan kesenian\r\n- alat/peralatan/suku cadang : furniture/meubelair\r\n- alat/peralatan/suku cadang : keselamatan angkutan darat ', '27_ijin_usaha_0.064700001535102826.pdf', '2018-08-24 16:27:06', NULL, 0, 0),
(57, 16, 'IZIN USAHA JASA KONSTRUKSI', '1.1212.2.0045.126250', '2021-05-06', 'DINAS PENANAMAN MODAL DAN PELAYANAN PERIZINAN TERPADU SATU PINTU', 2, 11, 'BANGUNAN GEDUNG - BANGUNAN SIPIL', '16_ijin_usaha_0.927958001535208635.pdf', '2018-08-25 21:49:29', '2018-08-25 21:50:35', 0, 0),
(58, 19, 'Ijin Usaha Perdagangan', '2861/2997/1.1/1504/08/2016', '2020-08-18', 'PEMKO MEDAN BADAN PELAYANAN PERIJINAN TERPADU', 2, 10, '', '19_ijin_usaha_0.588827001535341592.pdf', '2018-08-27 10:45:57', '2018-08-27 10:46:32', 0, 0),
(59, 19, 'Ijin Usaha Jasa Konstruksi', '1.140186.1275.2.06355/K1/BR/0392/0451/4.1/05/2016', '2019-05-11', 'PEMKO MEDAN BADAN PELAYANAN PERIJINAN TERPADU', 2, 11, 'Jasa Pelaksana Konstruksi Bangunan Gedung dan Bangunan Sipil', '19_ijin_usaha_0.606994001535341927.pdf', '2018-08-27 10:52:07', NULL, 0, 0),
(60, 19, 'Ijin Gangguan', '1510/1521/1255/2.1/1504/03/2016', '2019-03-03', 'PEMKO MEDAN BADAN PELAYANAN PERIJINAN TERPADU', 2, 10, 'Kontraktor, Leveransir, Dagang Umum, Jasa', '19_ijin_usaha_0.434945001535342453.pdf', '2018-08-27 11:00:53', NULL, 0, 0),
(61, 30, 'DOMISILI', '27/27.1BU.1/31.75.04.1003/-071.562/e/2017', '1970-01-01', 'KELURAHAN DUKUH', 1, 10, '', '30_ijin_usaha_0.313524001535343731.pdf', '2018-08-27 11:22:11', NULL, 0, 0),
(62, 30, 'SIUP', '64/24.1PK/31.75.04/1.824.27/e/2016', '2021-12-07', 'KECAMATAN KRAMAT JATI', 1, 11, 'JASA ADMINISTRASI', '30_ijin_usaha_0.958456001535362479.pdf', '2018-08-27 16:34:39', NULL, 0, 0),
(63, 20, 'TDP', '13.17.1.49.02113', '2021-01-18', 'Badan Pelayanan Perizinan Terpadu Sidoarjo', 3, 11, '', '20_ijin_usaha_0.074110001535432534.jpg', '2018-08-28 12:02:14', '2018-08-28 12:13:37', 0, 0),
(64, 20, 'Ijin Operasional Satpam', 'SI/9161/XI/2016', '2018-11-27', 'Polda Jatim', 3, 11, 'Penyedia Tenaga Kerja Satuan Pengamanan', '20_ijin_usaha_0.866925001535432902.pdf', '2018-08-28 12:08:22', NULL, 0, 0),
(65, 20, 'SKDP', '424/751/404.8.8.15/2017', '2018-11-06', 'Kantor Kelurahan Ds. Ponokawan', 3, 11, '', '20_ijin_usaha_0.160432001535433596.jpg', '2018-08-28 12:19:56', NULL, 0, 0),
(66, 15, 'Ijin Gangguan', '3205/3214/3014/2.1/1104/05/2016', '2019-05-19', 'PEMKO MEDAN BADAN PELAYANAN PERIJINAN TERPADU', 1, 10, '', '15_ijin_usaha_0.546411001535438659.pdf', '2018-08-28 13:44:19', NULL, 0, 0),
(67, 15, 'IJIN USAHA JASA KONSTRUKSI', '1.141329.1275.2.06702/K1/BR/0202/0237/1.6/03/2017', '2020-03-10', 'PEMKO MEDAN DINAS PENANAMAN MODAL DAN PELAYANAN TERPADU SATU PINTU', 1, 11, 'JASA PELAKSANAN KONSTRUKSI BANGUNAN GEDUNG DAN BANGUNA SIPIL', '15_ijin_usaha_0.368112001535438952.pdf', '2018-08-28 13:49:12', NULL, 0, 0),
(68, 15, 'IJIN USAHA PERDAGANGAN ', '2056/1924/1.1/1104/05/2016', '2019-06-01', 'PEMKO MEDAN BADAN PELAYANAN PERIJINAN TERPADU', 1, 10, '', '15_ijin_usaha_0.733553001535439039.pdf', '2018-08-28 13:50:39', NULL, 0, 0),
(81, 4, 'Barang', '34567', '2018-12-17', 'ihvbibb', 1, 1, 'hbjlknm', '4_ijin_usaha_20181217033116.pdf', '2018-12-17 03:31:45', '2018-12-17 03:31:45', 0, 0);

-- --------------------------------------------------------

--
-- Struktur dari tabel `drt_ijin_usaha_klasifikasi`
--

CREATE TABLE IF NOT EXISTS `drt_ijin_usaha_klasifikasi` (
  `id` int(11) NOT NULL AUTO_INCREMENT,
  `klasifikasi` varchar(255) DEFAULT NULL,
  `status` smallint(255) DEFAULT '1',
  PRIMARY KEY (`id`) USING BTREE
) ENGINE=InnoDB  DEFAULT CHARSET=latin1 ROW_FORMAT=COMPACT AUTO_INCREMENT=5 ;

--
-- Dumping data untuk tabel `drt_ijin_usaha_klasifikasi`
--

INSERT INTO `drt_ijin_usaha_klasifikasi` (`id`, `klasifikasi`, `status`) VALUES
(1, 'Barang', 1),
(2, 'Jasa Konstruksi', 1),
(3, 'Jasa Konsultansi', 1),
(4, 'Jasa lainnya', 1);

-- --------------------------------------------------------

--
-- Struktur dari tabel `drt_ijin_usaha_klbi`
--

CREATE TABLE IF NOT EXISTS `drt_ijin_usaha_klbi` (
  `id` int(11) NOT NULL AUTO_INCREMENT,
  `drt_ijin_usaha_id` int(11) DEFAULT NULL,
  `id_peserta` int(11) DEFAULT NULL,
  `kode_klbi` varchar(20) DEFAULT NULL,
  PRIMARY KEY (`id`) USING BTREE
) ENGINE=InnoDB  DEFAULT CHARSET=latin1 ROW_FORMAT=COMPACT AUTO_INCREMENT=37 ;

--
-- Dumping data untuk tabel `drt_ijin_usaha_klbi`
--

INSERT INTO `drt_ijin_usaha_klbi` (`id`, `drt_ijin_usaha_id`, `id_peserta`, `kode_klbi`) VALUES
(1, NULL, 4, '02307 '),
(2, NULL, 4, '01623 '),
(3, NULL, 4, '01623 '),
(4, NULL, 4, '01623 '),
(5, NULL, 4, '012'),
(6, NULL, 4, '01121 '),
(7, NULL, 4, '0122'),
(8, NULL, 4, '012'),
(9, NULL, 4, '42219'),
(10, NULL, 4, '20231'),
(11, NULL, 4, '15111'),
(33, 81, 4, '11'),
(34, 81, 4, '01'),
(35, 81, 4, '11'),
(36, 81, 4, '01112 ');

-- --------------------------------------------------------

--
-- Struktur dari tabel `drt_ijin_usaha_kualifikasi`
--

CREATE TABLE IF NOT EXISTS `drt_ijin_usaha_kualifikasi` (
  `id` int(11) NOT NULL AUTO_INCREMENT,
  `kualifikasi` varchar(255) DEFAULT NULL,
  `status` smallint(255) DEFAULT '1',
  PRIMARY KEY (`id`) USING BTREE
) ENGINE=InnoDB  DEFAULT CHARSET=latin1 ROW_FORMAT=COMPACT AUTO_INCREMENT=4 ;

--
-- Dumping data untuk tabel `drt_ijin_usaha_kualifikasi`
--

INSERT INTO `drt_ijin_usaha_kualifikasi` (`id`, `kualifikasi`, `status`) VALUES
(1, 'Perusahaan Kecil', 1),
(2, 'Perusahaan Besar', 1),
(3, 'Perusahaan Sedang', 1);

-- --------------------------------------------------------

--
-- Struktur dari tabel `drt_klasifikasi_perusahaan`
--

CREATE TABLE IF NOT EXISTS `drt_klasifikasi_perusahaan` (
  `id` int(11) NOT NULL AUTO_INCREMENT,
  `klasifikasi_perusahaan` varchar(255) DEFAULT NULL,
  `status` smallint(255) DEFAULT '1',
  PRIMARY KEY (`id`) USING BTREE
) ENGINE=InnoDB DEFAULT CHARSET=latin1 ROW_FORMAT=COMPACT AUTO_INCREMENT=1 ;

-- --------------------------------------------------------

--
-- Struktur dari tabel `drt_klbi`
--

CREATE TABLE IF NOT EXISTS `drt_klbi` (
  `id` int(11) NOT NULL AUTO_INCREMENT,
  `kode` varchar(11) DEFAULT NULL,
  `ket` varchar(255) DEFAULT NULL,
  PRIMARY KEY (`id`) USING BTREE
) ENGINE=InnoDB  DEFAULT CHARSET=latin1 ROW_FORMAT=COMPACT AUTO_INCREMENT=3 ;

--
-- Dumping data untuk tabel `drt_klbi`
--

INSERT INTO `drt_klbi` (`id`, `kode`, `ket`) VALUES
(1, '4510', 'MOBIL (BUKAN SHOWROOM)'),
(2, '4530', 'SUKU CADANG MOBIL / AKSESORI MOBIL (BUKAN BENGKEL)');

-- --------------------------------------------------------

--
-- Struktur dari tabel `drt_koefisien`
--

CREATE TABLE IF NOT EXISTS `drt_koefisien` (
  `id` int(11) NOT NULL AUTO_INCREMENT,
  `kode` varchar(5) DEFAULT NULL,
  `nilai` double DEFAULT NULL,
  PRIMARY KEY (`id`) USING BTREE
) ENGINE=InnoDB  DEFAULT CHARSET=latin1 ROW_FORMAT=COMPACT AUTO_INCREMENT=8 ;

--
-- Dumping data untuk tabel `drt_koefisien`
--

INSERT INTO `drt_koefisien` (`id`, `kode`, `nilai`) VALUES
(2, 'a', 1),
(3, 'b', 0.75),
(4, 'c', 0.5),
(5, 'd', 0),
(6, 'e', 0),
(7, 'f', 0);

-- --------------------------------------------------------

--
-- Struktur dari tabel `drt_koefisien_b`
--

CREATE TABLE IF NOT EXISTS `drt_koefisien_b` (
  `id` int(11) NOT NULL AUTO_INCREMENT,
  `tahun` varchar(5) DEFAULT NULL,
  `inflasi` double DEFAULT NULL,
  `koef_b` double DEFAULT NULL,
  PRIMARY KEY (`id`) USING BTREE
) ENGINE=InnoDB  DEFAULT CHARSET=latin1 ROW_FORMAT=COMPACT AUTO_INCREMENT=10 ;

--
-- Dumping data untuk tabel `drt_koefisien_b`
--

INSERT INTO `drt_koefisien_b` (`id`, `tahun`, `inflasi`, `koef_b`) VALUES
(1, '2010', 6.96, 1.32),
(2, '2011', 3.79, 1.23),
(3, '2012', 4.3, 1.19),
(4, '2013', 8.38, 1.14),
(5, '2014', 8.36, 1.06),
(6, '2015', 3.53, 1.04),
(7, '2016', 3.53, 1.04),
(8, '2017', 3.81, 1.09),
(9, '2018', 3.92, 1.04);

-- --------------------------------------------------------

--
-- Struktur dari tabel `drt_koefisien_bobot`
--

CREATE TABLE IF NOT EXISTS `drt_koefisien_bobot` (
  `id` int(11) NOT NULL AUTO_INCREMENT,
  `kode` int(11) DEFAULT NULL,
  `desc` varchar(50) DEFAULT NULL,
  `bobot` double DEFAULT NULL,
  PRIMARY KEY (`id`) USING BTREE
) ENGINE=InnoDB DEFAULT CHARSET=latin1 ROW_FORMAT=COMPACT AUTO_INCREMENT=1 ;

-- --------------------------------------------------------

--
-- Struktur dari tabel `drt_koefisien_c`
--

CREATE TABLE IF NOT EXISTS `drt_koefisien_c` (
  `id` int(11) NOT NULL AUTO_INCREMENT,
  `kode` varchar(5) DEFAULT NULL,
  `desc` varchar(220) DEFAULT NULL,
  `koef_c` double DEFAULT NULL,
  PRIMARY KEY (`id`) USING BTREE
) ENGINE=InnoDB  DEFAULT CHARSET=latin1 ROW_FORMAT=COMPACT AUTO_INCREMENT=10 ;

--
-- Dumping data untuk tabel `drt_koefisien_c`
--

INSERT INTO `drt_koefisien_c` (`id`, `kode`, `desc`, `koef_c`) VALUES
(8, '1', 'Ada', 1),
(9, '2', 'Tidak Ada', 0);

-- --------------------------------------------------------

--
-- Struktur dari tabel `drt_konfirmasi_data`
--

CREATE TABLE IF NOT EXISTS `drt_konfirmasi_data` (
  `id` int(11) NOT NULL AUTO_INCREMENT,
  `id_peserta` int(11) DEFAULT NULL,
  `akta` smallint(6) DEFAULT NULL,
  `akta_ket` varchar(255) DEFAULT NULL,
  `tdp` smallint(6) DEFAULT NULL,
  `tdp_ket` varchar(255) DEFAULT NULL,
  `domisili` smallint(6) DEFAULT NULL,
  `domisili_ket` varchar(255) DEFAULT NULL,
  `ijin_usaha` smallint(6) DEFAULT NULL,
  `ijin_usaha_ket` varchar(255) DEFAULT NULL,
  `sbu` smallint(6) DEFAULT NULL,
  `sbu_ket` varchar(255) DEFAULT NULL,
  `upload_dokumen` smallint(6) DEFAULT NULL,
  `upload_dokumen_ket` varchar(255) DEFAULT NULL,
  `data_perusahaan` smallint(6) DEFAULT NULL,
  `data_perusahaan_ket` varchar(255) DEFAULT NULL,
  `pajak` smallint(6) DEFAULT NULL,
  `pajak_ket` varchar(255) DEFAULT NULL,
  `pengurus` smallint(6) DEFAULT NULL,
  `pengurus_ket` varchar(255) DEFAULT NULL,
  `tenaga_ahli` smallint(6) DEFAULT NULL,
  `tenaga_ahli_ket` varchar(255) DEFAULT NULL,
  `peralatan` smallint(6) DEFAULT NULL,
  `peralatan_ket` varchar(255) DEFAULT NULL,
  `pengalaman` smallint(6) DEFAULT NULL,
  `pengalaman_ket` varchar(255) DEFAULT NULL,
  `pekerjaan_berjalan` smallint(6) DEFAULT NULL,
  `pekerjaan_berjalan_ket` varchar(255) DEFAULT NULL,
  `aspek_keuangan` smallint(6) DEFAULT NULL,
  `aspek_keuangan_ket` varchar(255) DEFAULT NULL,
  `surat_penting` smallint(6) DEFAULT NULL,
  `surat_penting_ket` varchar(255) DEFAULT NULL,
  `created` datetime DEFAULT NULL,
  PRIMARY KEY (`id`) USING BTREE
) ENGINE=InnoDB  DEFAULT CHARSET=latin1 ROW_FORMAT=COMPACT AUTO_INCREMENT=6 ;

--
-- Dumping data untuk tabel `drt_konfirmasi_data`
--

INSERT INTO `drt_konfirmasi_data` (`id`, `id_peserta`, `akta`, `akta_ket`, `tdp`, `tdp_ket`, `domisili`, `domisili_ket`, `ijin_usaha`, `ijin_usaha_ket`, `sbu`, `sbu_ket`, `upload_dokumen`, `upload_dokumen_ket`, `data_perusahaan`, `data_perusahaan_ket`, `pajak`, `pajak_ket`, `pengurus`, `pengurus_ket`, `tenaga_ahli`, `tenaga_ahli_ket`, `peralatan`, `peralatan_ket`, `pengalaman`, `pengalaman_ket`, `pekerjaan_berjalan`, `pekerjaan_berjalan_ket`, `aspek_keuangan`, `aspek_keuangan_ket`, `surat_penting`, `surat_penting_ket`, `created`) VALUES
(5, 4, 2, 'akta ada yg kurang', 2, 'TDP masa berlaku sudah habis', 1, '', 1, 'cccc', 2, 'vvv', 2, '', 2, '', 2, '', 1, '', 1, '', 1, '', 1, '', 1, '', 1, '', 1, '', '2018-10-12 11:22:18');

-- --------------------------------------------------------

--
-- Struktur dari tabel `drt_konfirmasi_penilaian`
--

CREATE TABLE IF NOT EXISTS `drt_konfirmasi_penilaian` (
  `id` int(11) NOT NULL AUTO_INCREMENT,
  `id_peserta` int(11) DEFAULT NULL,
  `stat_data_perusahaan` int(11) DEFAULT NULL,
  `ket_data_perusahaan` varchar(220) DEFAULT NULL,
  `stat_ijin_usaha` int(11) DEFAULT NULL,
  `ket_ijin_usaha` varchar(220) DEFAULT NULL,
  `stat_pajak` int(11) DEFAULT NULL,
  `ket_pajak` varchar(220) DEFAULT NULL,
  `stat_akta` int(11) DEFAULT NULL,
  `ket_akta` varchar(220) DEFAULT NULL,
  `stat_pemilik` int(11) DEFAULT NULL,
  `ket_pemilik` varchar(220) DEFAULT NULL,
  `stat_tenaga_ahli` int(11) DEFAULT NULL,
  `ket_tenaga_ahli` varchar(220) DEFAULT NULL,
  `stat_peralatan` int(11) DEFAULT NULL,
  `ket_peralatan` varchar(220) DEFAULT NULL,
  `stat_pengalaman` int(11) DEFAULT NULL,
  `ket_pengalaman` varchar(220) DEFAULT NULL,
  `stat_ongoing` int(11) DEFAULT NULL,
  `ket_ongoing` varchar(220) DEFAULT NULL,
  `stat_lap_keu` int(11) DEFAULT NULL,
  `ket_lap_keu` varchar(220) DEFAULT NULL,
  `stat_soft_copy` int(11) DEFAULT NULL,
  `ket_soft_copy` varchar(220) DEFAULT NULL,
  `created` datetime DEFAULT NULL,
  `created_by` int(11) DEFAULT NULL,
  PRIMARY KEY (`id`) USING BTREE
) ENGINE=InnoDB  DEFAULT CHARSET=latin1 ROW_FORMAT=COMPACT AUTO_INCREMENT=2 ;

--
-- Dumping data untuk tabel `drt_konfirmasi_penilaian`
--

INSERT INTO `drt_konfirmasi_penilaian` (`id`, `id_peserta`, `stat_data_perusahaan`, `ket_data_perusahaan`, `stat_ijin_usaha`, `ket_ijin_usaha`, `stat_pajak`, `ket_pajak`, `stat_akta`, `ket_akta`, `stat_pemilik`, `ket_pemilik`, `stat_tenaga_ahli`, `ket_tenaga_ahli`, `stat_peralatan`, `ket_peralatan`, `stat_pengalaman`, `ket_pengalaman`, `stat_ongoing`, `ket_ongoing`, `stat_lap_keu`, `ket_lap_keu`, `stat_soft_copy`, `ket_soft_copy`, `created`, `created_by`) VALUES
(1, 14, NULL, '', NULL, '', NULL, '', NULL, '', NULL, '', NULL, '', NULL, '', NULL, '', NULL, '', NULL, 'Mohon isi data pada laporan keuangan ke dalam formulir', NULL, '', '2018-08-30 15:16:53', 1);

-- --------------------------------------------------------

--
-- Struktur dari tabel `drt_lapkeu_aspek`
--

CREATE TABLE IF NOT EXISTS `drt_lapkeu_aspek` (
  `id` int(11) NOT NULL AUTO_INCREMENT,
  `id_peserta` int(11) DEFAULT NULL,
  `thn` int(11) DEFAULT NULL,
  `uraian_1` varchar(100) DEFAULT NULL,
  `uraian_2` varchar(100) DEFAULT NULL,
  `uraian_3` double DEFAULT NULL,
  `uraian_4` double DEFAULT NULL,
  `uraian_5` double DEFAULT NULL,
  `uraian_6` double DEFAULT NULL,
  `uraian_7` double DEFAULT NULL,
  `status_delete` int(11) DEFAULT '0',
  `file` varchar(100) DEFAULT NULL,
  PRIMARY KEY (`id`) USING BTREE
) ENGINE=InnoDB  DEFAULT CHARSET=latin1 ROW_FORMAT=COMPACT AUTO_INCREMENT=16 ;

--
-- Dumping data untuk tabel `drt_lapkeu_aspek`
--

INSERT INTO `drt_lapkeu_aspek` (`id`, `id_peserta`, `thn`, `uraian_1`, `uraian_2`, `uraian_3`, `uraian_4`, `uraian_5`, `uraian_6`, `uraian_7`, `status_delete`, `file`) VALUES
(2, 4, 2017, 'Audited', 'Wajar', 3000000, 3000000, 3000000, 4000000, 3000000, 0, NULL),
(3, 5, 2016, 'Audited', 'Wajar', 150000000, 174052082, 826608328, 755698578, 130400000, 0, NULL),
(4, 5, 2016, 'Audited', 'Wajar', 1000000000, 500000000, 5000000, 8000000, 400000, 0, '5_on_going_0.491522001531996936_.pdf'),
(5, 11, 2016, 'Audited', 'Wajar', 2791146042, 268586078, 7126059914, 5353821992, 268586078, 0, '11_on_going_0.471808001535095074_.pdf'),
(6, 14, 2017, 'Audited', 'Wajar', 1.465, 200, 1.565, 1.721, 200, 0, '14_on_going_0.863680001535096612_.pdf'),
(7, 28, 2017, 'In house', 'Wajar', 680.885, 32.355, 5.786, 3.536, 1.848, 0, '28_on_going_0.116140001535106311_.pdf'),
(8, 13, 2015, 'Audited', 'Wajar', 610473811, 295000000, 1532189065, 799973811, 295000000, 0, '13_on_going_0.228525001535116584_.pdf'),
(9, 13, 2016, 'Audited', 'Wajar', 646231851, 592647048, 1571400207, 1039487979, 592647048, 0, '13_on_going_0.698388001535117210_.pdf'),
(10, 15, 2017, 'In house', 'Wajar', 332227099, 187420, 10000000, 342227099, 187420, 0, '15_on_going_0.748644001535442269_.pdf'),
(11, 19, 2015, '', 'Wajar', 578873700, 0, 7500000, 578873700, 386727, 0, '19_on_going_0.120871001535973448_.pdf'),
(12, 19, 2017, 'In house', 'Wajar', 687799087, 237890000, 943189087, 17500000, 678592, 0, '19_on_going_0.955556001535973576_.pdf'),
(13, 4, 2015, 'In house', 'Wajar', 232323, 232323, 2323, 2323, 232323, 0, '4_on_going_0.764778001539049062_.pdf'),
(15, 4, 2017, 'Audited', 'Wajar', 123456789, 7899099, 8909999, 890999, 98087678, 0, '4_keuangan_20181217034434.pdf');

-- --------------------------------------------------------

--
-- Struktur dari tabel `drt_lapkeu_laba_rugi`
--

CREATE TABLE IF NOT EXISTS `drt_lapkeu_laba_rugi` (
  `id` int(11) NOT NULL AUTO_INCREMENT,
  `id_peserta` int(11) DEFAULT NULL,
  `tahun` int(11) DEFAULT NULL,
  `penjualan` double(25,0) DEFAULT NULL,
  `hpp` double(25,0) DEFAULT NULL,
  `laba_bruto` double(25,0) DEFAULT NULL,
  `beban_operasional` double(25,0) DEFAULT NULL,
  `laba_operasional` double(25,0) DEFAULT NULL,
  `pendapatan_beban_lainnya` double(25,0) DEFAULT NULL,
  `laba_rugi_sebelum_pajak` double(25,0) DEFAULT NULL,
  `diaudit_akuntan` smallint(6) DEFAULT NULL,
  `created` datetime DEFAULT NULL,
  `updated` datetime DEFAULT NULL,
  `status` smallint(6) DEFAULT '0',
  `status_delete` smallint(6) DEFAULT '0',
  `dok` varchar(200) DEFAULT NULL,
  PRIMARY KEY (`id`) USING BTREE
) ENGINE=InnoDB DEFAULT CHARSET=latin1 ROW_FORMAT=COMPACT AUTO_INCREMENT=1 ;

-- --------------------------------------------------------

--
-- Struktur dari tabel `drt_lapkeu_pasiva_aktiva`
--

CREATE TABLE IF NOT EXISTS `drt_lapkeu_pasiva_aktiva` (
  `id` int(11) NOT NULL AUTO_INCREMENT,
  `id_peserta` int(11) DEFAULT NULL,
  `tahun` int(11) DEFAULT NULL,
  `kas` double(25,0) DEFAULT NULL,
  `persediaan` double(25,0) DEFAULT NULL,
  `aktiva_lancar_lainnya` double(25,0) DEFAULT NULL,
  `kendaraan` double(25,0) DEFAULT NULL,
  `mesin_besar` double(25,0) DEFAULT NULL,
  `mesin_kecil` double(25,0) DEFAULT NULL,
  `aktiva_tetap_lainnya` double(25,0) DEFAULT NULL,
  `perabot` double(25,0) DEFAULT NULL,
  `total_aktiva` double(25,0) DEFAULT NULL,
  `hutang_jangka_pendek` double(25,0) DEFAULT NULL,
  `hutang_jangka_panjang` double(25,0) DEFAULT NULL,
  `laba_ditahan` double(25,0) DEFAULT NULL,
  `modal_saham` double(25,0) DEFAULT NULL,
  `total_passiva` double(25,0) DEFAULT NULL,
  `diaudit_akuntan` smallint(6) DEFAULT '0',
  `created` datetime DEFAULT NULL,
  `updated` datetime DEFAULT NULL,
  `status` smallint(6) DEFAULT '0',
  `status_delete` smallint(255) DEFAULT '0',
  `dok` varchar(100) DEFAULT NULL,
  PRIMARY KEY (`id`) USING BTREE
) ENGINE=InnoDB DEFAULT CHARSET=latin1 ROW_FORMAT=COMPACT AUTO_INCREMENT=1 ;

-- --------------------------------------------------------

--
-- Struktur dari tabel `drt_m_klbi`
--

CREATE TABLE IF NOT EXISTS `drt_m_klbi` (
  `id` int(11) NOT NULL AUTO_INCREMENT,
  `kode` varchar(12) DEFAULT NULL,
  `description` varchar(255) DEFAULT NULL,
  PRIMARY KEY (`id`) USING BTREE
) ENGINE=InnoDB  DEFAULT CHARSET=latin1 ROW_FORMAT=COMPACT AUTO_INCREMENT=2443 ;

--
-- Dumping data untuk tabel `drt_m_klbi`
--

INSERT INTO `drt_m_klbi` (`id`, `kode`, `description`) VALUES
(1, 'A', 'PERTANIAN, KEHUTANAN DAN PERIKANAN'),
(2, '01', 'PERTANIAN TANAMAN, PETERNAKAN, PERBURUAN DAN KEGIATAN YBDI'),
(3, '011', 'PERTANIAN TANAMAN SEMUSIM'),
(4, '0111', 'PERTANIAN SEREALIA (BUKAN PADI), ANEKA KACANG DAN BIJI-BIJIAN PENGHASIL MINYAK'),
(5, '01111 ', 'PERTANIAN JAGUNG'),
(6, '01112 ', 'PERTANIAN GANDUM'),
(7, '01113 ', 'PERTANIAN KEDELAI'),
(8, '01114 ', 'PERTANIAN KACANG TANAH'),
(9, '01115 ', 'PERTANIAN KACANG HIJAU'),
(10, '01116 ', 'PERTANIAN ANEKA KACANG HORTIKULTURA'),
(11, '01117 ', 'PERTANIAN BIJI-BIJIAN PENGHASIL MINYAK MAKAN'),
(12, '01118 ', 'PERTANIAN BIJI-BIJIAN PENGHASIL BUKAN MINYAK MAKAN'),
(13, '01119 ', 'PERTANIAN SEREALIA LAINNYA, ANEKA KACANG DAN BIJI-BIJIAN PENGHASIL MINYAK LAINNYA'),
(14, '0112', 'PERTANIAN PADI'),
(15, '01121 ', 'PERTANIAN PADI HIBRIDA'),
(16, '01122 ', 'PERTANIAN PADI INBRIDA'),
(17, '0113', 'PERTANIAN SAYURAN, BUAH DAN ANEKA UMBI'),
(18, '01131 ', 'PERTANIAN HORTIKULTURA SAYURAN DAUN'),
(19, '01132 ', 'PERTANIAN HORTIKULTURA BUAH'),
(20, '01133 ', 'PERTANIAN HORTIKULTURA SAYURAN BUAH'),
(21, '01134 ', 'PERTANIAN HORTIKULTURA SAYURAN UMBI '),
(22, '01135 ', 'PERTANIAN ANEKA UMBI PALAWIJA'),
(23, '01136 ', 'PERTANIAN JAMUR'),
(24, '01137 ', 'PERTANIAN BIT GULA DAN TANAMAN PEMANIS BUKAN TEBU'),
(25, '01139 ', 'PERTANIAN HORTIKULTURA SAYURAN LAINNYA'),
(26, '0114', 'PERKEBUNAN TEBU'),
(27, '01140 ', 'PERKEBUNAN TEBU'),
(28, '0115', 'PERKEBUNAN TEMBAKAU'),
(29, '01150 ', 'PERKEBUNAN TEMBAKAU'),
(30, '0116', 'PERTANIAN TANAMAN BERSERAT'),
(31, '01160 ', 'PERTANIAN TANAMAN BERSERAT'),
(32, '0119', 'PERTANIAN TANAMAN SEMUSIM LAINNYA'),
(33, '01191 ', 'PERTANIAN TANAMAN RUMPUT-RUMPUTAN DAN TANAMAN PAKAN TERNAK'),
(34, '01192 ', 'PEMBIBITAN BIT (BUKAN BIT GULA) DAN BIBIT TANAMAN PAKAN TERNAK'),
(35, '01193 ', 'PERTANIAN TANAMAN BUNGA'),
(36, '01194', 'PERTANIAN PEMBIBITAN TANAMAN BUNGA'),
(37, '01199 ', 'PERTANIAN TANAMAN SEMUSIM LAINNYA YTDL'),
(38, '012', 'PERTANIAN TANAMAN TAHUNAN'),
(39, '0121', 'PERTANIAN BUAH ANGGUR'),
(40, '01210 ', 'PERTANIAN BUAH ANGGUR'),
(41, '0122', 'PERTANIAN BUAH-BUAHAN TROPIS DAN SUBTROPIS'),
(42, '01220', 'PERTANIAN BUAH-BUAHAN TROPIS DAN SUBTROPIS'),
(43, '0123', 'PERTANIAN BUAH JERUK'),
(44, '01230 ', 'PERTANIAN BUAH JERUK'),
(45, '0124', 'PERTANIAN BUAH APEL DAN BUAH BATU (POME AND STONE FRUITS)'),
(46, '01240 ', 'PERTANIAN BUAH APEL DAN BUAH BATU (POME AND STONE FRUITS)'),
(47, '0125', 'PERTANIAN SAYURAN DAN BUAH SEMAK DAN BUAH BIJI KACANG-KACANGAN LAINNYA'),
(48, '01251 ', 'PERTANIAN BUAH BERI'),
(49, '01252 ', 'PERTANIAN BUAH BIJI KACANG-KACANGAN'),
(50, '01253 ', 'PERTANIAN SAYURAN TAHUNAN'),
(51, '01259 ', 'PERTANIAN BUAH SEMAK LAINNYA'),
(52, '0126', 'PERKEBUNAN BUAH-BUAHAN PENGHASIL MINYAK (OLEAGINOUS)'),
(53, '01261 ', 'PERKEBUNAN BUAH KELAPA'),
(54, '01262 ', 'PERKEBUNAN BUAH KELAPA SAWIT'),
(55, '01269 ', 'PERKEBUNAN BUAH OLEAGINOUS LAINNYA'),
(56, '0127', 'PERTANIAN TANAMAN UNTUK BAHAN MINUMAN'),
(57, '01270 ', 'PERTANIAN TANAMAN UNTUK BAHAN MINUMAN'),
(58, '0128', 'PERKEBUNAN TANAMAN REMPAH-REMPAH, AROMATIK/PENYEGAR, NARKOTIK DAN OBAT'),
(59, '01281 ', 'PERKEBUNAN LADA'),
(60, '01282 ', 'PERKEBUNAN CENGKEH'),
(61, '01283 ', 'PERTANIAN CABAI'),
(62, '01284 ', 'PERKEBUNAN TANAMAN AROMATIK/PENYEGAR'),
(63, '01285 ', 'PERTANIAN TANAMAN OBAT ATAU BIOFARMAKA RIMPANG'),
(64, '01286 ', 'PERTANIAN TANAMAN OBAT ATAU BIOFARMAKA NON RIMPANG'),
(65, '01289 ', 'PERTANIAN TANAMAN REMPAH-REMPAH, AROMATIK/PENYEGAR, NARKOTIK DAN OBAT LAINNYA'),
(66, '0129', 'PERKEBUNAN TANAMAN TAHUNAN LAINNYA'),
(67, '01291 ', 'PERKEBUNAN KARET DAN TANAMAN PENGHASIL GETAH LAINNYA'),
(68, '01299 ', 'PERTANIAN CEMARA DAN TANAMAN TAHUNAN LAINNYA'),
(69, '013', 'PERTANIAN TANAMAN HIAS DAN PENGEMBANGBIAKAN TANAMAN'),
(70, '0130', 'PERTANIAN TANAMAN HIAS DAN PENGEMBANGBIAKAN TANAMAN'),
(71, '01301 ', 'PERTANIAN TANAMAN HIAS'),
(72, '01302 ', 'PERTANIAN PENGEMBANGBIAKAN TANAMAN'),
(73, '014', 'PETERNAKAN'),
(74, '0141', 'PETERNAKAN SAPI DAN KERBAU'),
(75, '01411 ', 'PEMBIBITAN DAN BUDIDAYA SAPI POTONG'),
(76, '01412 ', 'PEMBIBITAN DAN BUDIDAYA SAPI PERAH'),
(77, '01413 ', 'PEMBIBITAN DAN BUDIDAYA KERBAU POTONG'),
(78, '01414 ', 'PEMBIBITAN DAN BUDIDAYA KERBAU PERAH'),
(79, '0142', 'PETERNAKAN KUDA DAN SEJENISNYA'),
(80, '01420 ', 'PETERNAKAN KUDA DAN SEJENISNYA'),
(81, '0143', 'PETERNAKAN UNTA DAN SEJENISNYA'),
(82, '01430 ', 'PETERNAKAN UNTA DAN SEJENISNYA'),
(83, '0144', 'PETERNAKAN DOMBA DAN KAMBING'),
(84, '01441 ', 'PEMBIBITAN DAN BUDIDAYA DOMBA'),
(85, '01442 ', 'PEMBIBITAN DAN BUDIDAYA KAMBING POTONG'),
(86, '01443 ', 'PEMBIBITAN DAN BUDIDAYA KAMBING PERAH'),
(87, '0145', 'PETERNAKAN BABI'),
(88, '01450 ', 'PETERNAKAN BABI'),
(89, '0146', 'PETERNAKAN UNGGAS'),
(90, '01461 ', 'BUDIDAYA AYAM RAS PEDAGING'),
(91, '01462 ', 'BUDIDAYA AYAM RAS PETELUR'),
(92, '01463 ', 'PEMBIBITAN DAN BUDIDAYA AYAM BURAS'),
(93, '01464 ', 'PEMBIBITAN DAN BUDIDAYA ITIK DAN ITIK MANILA'),
(94, '01465 ', 'PEMBIBITAN DAN BUDIDAYA KALKUN'),
(95, '01466 ', 'PEMBIBITAN DAN BUDIDAYA BURUNG PUYUH'),
(96, '01467 ', 'PEMBIBITAN DAN BUDIDAYA BURUNG MERPATI'),
(97, '01468 ', 'PEMBIBITAN AYAM RAS'),
(98, '01469 ', 'PEMBIBITAN DAN BUDIDAYA TERNAK UNGGAS LAINNYA'),
(99, '0149', 'PETERNAKAN LAINNYA'),
(100, '01611 ', 'JASA PENGOLAHAN LAHAN'),
(101, '01612 ', 'JASA PEMUPUKAN, PENANAMAN BIBIT/BENIH DAN PENGENDALIAN HAMA DAN GULMA'),
(102, '01613 ', 'JASA PEMANENAN'),
(103, '01614 ', 'JASA PENYEMPROTAN DAN PENYERBUKAN MELALUI UDARA'),
(104, '01619 ', 'JASA PENUNJANG PERTANIAN LAINNYA'),
(105, '0162', 'JASA PENUNJANG PETERNAKAN'),
(106, '01621 ', 'JASA PELAYANAN KESEHATAN TERNAK'),
(107, '01622 ', 'JASA PERKAWINAN TERNAK'),
(108, '01623 ', 'JASA PENETASAN TELUR'),
(109, '01629 ', 'JASA PENUNJANG PETERNAKAN LAINNYA'),
(110, '0163', 'JASA PASCA PANEN'),
(111, '01630 ', 'JASA PASCA PANEN'),
(112, '0164', 'PEMILIHAN BENIH TANAMAN UNTUK PENGEMBANGBIAKAN'),
(113, '01640 ', 'PEMILIHAN BENIH TANAMAN UNTUK PENGEMBANGBIAKAN'),
(114, '017', 'PERBURUAN, PENANGKAPAN DAN PENANGKARAN TUMBUHAN/ SATWA LIAR'),
(115, '0171', 'PERBURUAN DAN PENANGKAPAN SATWA LIAR'),
(116, '01711 ', 'PERBURUAN DAN PENANGKAPAN PRIMATA'),
(117, '01712 ', 'PERBURUAN DAN PENANGKAPAN MAMALIA'),
(118, '01713 ', 'PERBURUAN DAN PENANGKAPAN REPTIL'),
(119, '01714 ', 'PERBURUAN DAN PENANGKAPAN BURUNG'),
(120, '01715 ', 'PERBURUAN DAN PENANGKAPAN INSEKTA'),
(121, '01719 ', 'PERBURUAN DAN PENANGKAPAN SATWA LIAR LAINNYA'),
(122, '0172', 'PENANGKARAN TUMBUHAN/SATWA LIAR'),
(123, '01721 ', 'PENANGKARAN PRIMATA'),
(124, '01722 ', 'PENANGKARAN MAMALIA'),
(125, '01723 ', 'PENANGKARAN REPTIL'),
(126, '01724 ', 'PENANGKARAN BURUNG'),
(127, '01725 ', 'PENANGKARAN INSEKTA'),
(128, '01726 ', 'PENANGKARAN ANGGREK'),
(129, '01727 ', 'PENANGKARAN IKAN DAN CORAL/KARANG'),
(130, '01729 ', 'PENANGKARAN TUMBUHAN/SATWA LIAR LAINNYA'),
(131, '02', 'KEHUTANAN DAN PEMANENAN KAYU DAN HASIL HUTAN SELAIN KAYU'),
(132, '021', 'PENGUSAHAAN HUTAN'),
(133, '0211', 'PENGUSAHAAN HUTAN TANAMAN'),
(134, '02111 ', 'PENGUSAHAAN HUTAN JATI'),
(135, '02112 ', 'PENGUSAHAAN HUTAN PINUS'),
(136, '02113 ', 'PENGUSAHAAN HUTAN MAHONI'),
(137, '02114 ', 'PENGUSAHAAN HUTAN SONOKELING'),
(138, '02115 ', 'PENGUSAHAAN HUTAN SENGON/ALBASIA/JEUNJING'),
(139, '02116 ', 'PENGUSAHAAN HUTAN CENDANA'),
(140, '02117 ', 'PENGUSAHAAN HUTAN ALKASIA'),
(141, '02118 ', 'PENGUSAHAAN HUTAN EKALIPTUS'),
(142, '02119 ', 'PENGUSAHAAN HUTAN LAINNYA'),
(143, '0212', 'PENGUSAHAAN HUTAN ALAM'),
(144, '02120 ', 'PENGUSAHAAN HUTAN ALAM'),
(145, '213', 'PENGUSAHAAN HASIL HUTAN BUKAN KAYU'),
(146, '02131 ', 'PENGUSAHAAN ROTAN'),
(147, '02132 ', 'PENGUSAHAAN GETAH PINUS'),
(148, '02133 ', 'PENGUSAHAAN DAUN KAYU PUTIH'),
(149, '02134 ', 'PENGUSAHAAN BAMBU'),
(150, '02135 ', 'PENGUSAHAAN DAMAR'),
(151, '02136 ', 'PENGUSAHAAN GAHARU'),
(152, '02139 ', 'PENGUSAHAAN HUTAN BUKAN KAYU LAINNYA'),
(153, '0214', 'PENGUSAHAAN PEMBIBITAN TANAMAN KEHUTANAN'),
(154, '02141 ', 'PENGUSAHAAN PEMBIBITAN TANAMAN JATI'),
(155, '02142 ', 'PENGUSAHAAN PEMBIBITAN TANAMAN PINUS'),
(156, '02143 ', 'PENGUSAHAAN PEMBIBITAN TANAMAN MAHONI'),
(157, '02144 ', 'PENGUSAHAAN PEMBIBITAN TANAMAN SONOKELING'),
(158, '02145 ', 'PENGUSAHAAN PEMBIBITAN TANAMAN SENGON/ALBASIA/JEUNJING'),
(159, '02146 ', 'PENGUSAHAAN PEMBIBITAN TANAMAN JABON'),
(160, '02147 ', 'PENGUSAHAAN PEMBIBITAN TANAMAN AKASIA'),
(161, '02148 ', 'PENGUSAHAAN PEMBIBITAN TANAMAN EKALIPTUS'),
(162, '02149 ', 'PENGUSAHAAN PEMBIBITAN TANAMAN KEHUTANAN LAINNYA'),
(163, '022', 'PEMANENAN DAN PEMUNGUTAN KAYU'),
(164, '0220', 'PEMANENAN DAN PEMUNGUTAN KAYU'),
(165, '02201 ', 'PEMANENAN KAYU'),
(166, '02202 ', 'USAHA PEMUNGUTAN KAYU'),
(167, '02209 ', 'USAHA KEHUTANAN LAINNYA'),
(168, '023', 'PEMUNGUTAN HASIL HUTAN BUKAN KAYU'),
(169, '0230', 'PEMUNGUTAN HASIL HUTAN BUKAN KAYU'),
(170, '02301 ', 'PEMUNGUTAN GETAH KARET'),
(171, '02302 ', 'PEMUNGUTAN ROTAN'),
(172, '02303 ', 'PEMUNGUTAN GETAH PINUS'),
(173, '02304 ', 'PEMUNGUTAN DAUN KAYU PUTIH'),
(174, '02305 ', 'PEMUNGUTAN KOKON/KEPOMPONG ULAT SUTERA'),
(175, '02306 ', 'PEMUNGUTAN DAMAR'),
(176, '02307 ', 'PEMUNGUTAN MADU'),
(177, '02308 ', 'PEMUNGUTAN BAMBU'),
(178, '02309 ', 'PEMUNGUTAN BUKAN KAYU LAINNYA'),
(179, '024', 'JASA PENUNJANG KEHUTANAN'),
(180, '0240', 'JASA PENUNJANG KEHUTANAN'),
(181, '02401 ', 'JASA PENGGUNAAN KAWASAN HUTAN DI LUAR SEKTOR KEHUTANAN'),
(182, '02402 ', 'JASA PERLINDUNGAN HUTAN DAN KONSERVASI ALAM'),
(183, '02403 ', 'JASA REHABILITASI DAN RESTORASI KEHUTANAN SOSIAL'),
(184, '02404 ', 'JASA KEHUTANAN BIDANG PERENCANAAN KEHUTANAN'),
(185, '02405 ', 'JASA SERTIFIKASI, INSPEKSI, DAN VERIFIKASI PRODUK KEHUTANAN'),
(186, '02409 ', 'JASA PENUNJANG KEHUTANAN LAINNYA'),
(187, '03', 'PERIKANAN'),
(188, '031', 'PERIKANAN TANGKAP'),
(189, '0311', 'PENANGKAPAN IKAN DI LAUT'),
(190, '03111 ', 'PENANGKAPAN PISCES/IKAN BERSIRIP DI LAUT'),
(191, '03112 ', 'PENANGKAPAN CRUSTACEA DI LAUT'),
(192, '03113 ', 'PENANGKAPAN MOLLUSCA DI LAUT'),
(193, '03114 ', 'PENANGKAPAN/PENGAMBILAN TUMBUHAN AIR DI LAUT'),
(194, '03115 ', 'PENANGKAPAN/PENGAMBILAN INDUK/BENIH IKAN DI LAUT'),
(195, '03116 ', 'PENANGKAPAN ECHINODERMATA DI LAUT'),
(196, '03117 ', 'PENANGKAPAN COELENTERATA DI LAUT'),
(197, '03118 ', 'PENANGKAPAN IKAN HIAS LAUT'),
(198, '03119 ', 'PENANGKAPAN BIOTA AIR LAINNYA DI LAUT'),
(199, '0312', 'PENANGKAPAN IKAN DI PERAIRAN UMUM'),
(200, '03121 ', 'PENANGKAPAN PISCES/IKAN BERSIRIP DI PERAIRAN UMUM'),
(201, '03122 ', 'PENANGKAPAN CRUSTACEA DI PERAIRAN UMUM'),
(202, '03123 ', 'PENANGKAPAN MOLLUSCA DI PERAIRAN UMUM'),
(203, '03124 ', 'PENANGKAPAN/PENGAMBILAN TUMBUHAN AIR DI PERAIRAN UMUM'),
(204, '03125 ', 'PENANGKAPAN/PENGAMBILAN INDUK/BENIH IKAN DI PERAIRAN UMUM'),
(205, '03126 ', 'PENANGKAPAN IKAN HIAS DI PERAIRAN UMUM'),
(206, '03129 ', 'PENANGKAPAN BIOTA AIR LAINNYA DI PERAIRAN UMUM'),
(207, '0313', 'JASA PENANGKAPAN IKAN DI LAUT'),
(208, '03131 ', 'JASA SARANA PRODUKSI PENANGKAPAN IKAN DI LAUT'),
(209, '03132 ', 'JASA PRODUKSI PENANGKAPAN IKAN DI LAUT'),
(210, '03133 ', 'JASA PASCA PANEN PENANGKAPAN IKAN DI LAUT'),
(211, '0314', 'JASA  PENANGKAPAN IKAN DI PERAIRAN UMUM'),
(212, '03141 ', 'JASA SARANA PRODUKSI PENANGKAPAN IKAN DI PERAIRAN UMUM'),
(213, '03142 ', 'JASA PRODUKSI PENANGKAPAN IKAN DI PERAIRAN UMUM'),
(214, '03143 ', 'JASA PASCA PANEN PENANGKAPAN IKAN DI PERAIRAN UMUM'),
(215, '032', 'PERIKANAN BUDIDAYA'),
(216, '0321', 'BUDIDAYA IKAN LAUT'),
(217, '03211 ', 'PEMBESARAN PISCES/ IKAN BERSIRIP  LAUT'),
(218, '03212 ', 'PEMBENIHAN IKAN LAUT'),
(219, '03213 ', 'BUDIDAYA IKAN HIAS AIR LAUT'),
(220, '03214 ', 'BUDIDAYA KARANG (CORAL)'),
(221, '03215 ', 'PEMBESARAN MOLLUSCA LAUT'),
(222, '03216 ', 'PEMBESARAN CRUSTACEA LAUT'),
(223, '03217 ', 'PEMBESARAN TUMBUHAN AIR LAUT'),
(224, '03219 ', 'BUDIDAYA BIOTA AIR LAUT LAINNYA'),
(225, '0322', 'BUDIDAYA IKAN AIR TAWAR'),
(226, '03221 ', 'PEMBESARAN IKAN AIR TAWAR DI KOLAM'),
(227, '03222 ', 'PEMBESARAN IKAN AIR TAWAR DI KARAMBA JARING APUNG/KARAMBA JARING TANCAP'),
(228, '03223 ', 'PEMBESARAN IKAN AIR TAWAR DI KARAMBA'),
(229, '03224 ', 'PEMBESARAN IKAN AIR TAWAR DI SAWAH'),
(230, '03225 ', 'BUDIDAYA IKAN HIAS AIR TAWAR'),
(231, '03226 ', 'PEMBENIHAN IKAN AIR TAWAR'),
(232, '03229 ', 'BUDIDAYA IKAN AIR TAWAR DI MEDIA LAINNYA'),
(233, '0323', 'JASA BUDIDAYA IKAN LAUT'),
(234, '03231 ', 'JASA SARANA PRODUKSI BUDIDAYA IKAN LAUT'),
(235, '03232 ', 'JASA PRODUKSI BUDIDAYA IKAN LAUT'),
(236, '03233 ', 'JASA PASCA PANEN BUDIDAYA IKAN LAUT'),
(237, '0324', 'JASA BUDIDAYA IKAN AIR TAWAR'),
(238, '03241 ', 'JASA SARANA PRODUKSI BUDIDAYA IKAN AIR TAWAR'),
(239, '03242 ', 'JASA PRODUKSI BUDIDAYA IKAN AIR TAWAR'),
(240, '03243 ', 'JASA PASCA PANEN BUDIDAYA IKAN AIR TAWAR'),
(241, '0325', 'BUDIDAYA IKAN AIR PAYAU'),
(242, '03251 ', 'PEMBESARAN PISCES/IKAN BERSIRIP AIR PAYAU'),
(243, '03252 ', 'PEMBENIHAN IKAN AIR PAYAU'),
(244, '03253 ', 'PEMBESARAN MOLLUSCA AIR PAYAU'),
(245, '03254 ', 'PEMBESARAN CRUSTACEA AIR PAYAU'),
(246, '03255 ', 'PEMBESARAN TUMBUHAN AIR PAYAU'),
(247, '03259 ', 'BUDIDAYA BIOTA AIR PAYAU LAINNYA'),
(248, '0326', 'JASA BUDIDAYA IKAN AIR PAYAU'),
(249, '03261 ', 'JASA SARANA PRODUKSI BUDIDAYA IKAN AIR PAYAU'),
(250, '03262 ', 'JASA PRODUKSI BUDIDAYA IKAN AIR PAYAU'),
(251, '03263 ', 'JASA PASCA PANEN BUDIDAYA IKAN AIR PAYAU'),
(252, 'B', 'PERTAMBANGAN DAN PENGGALIAN'),
(253, '05', 'PERTAMBANGAN BATU BARA DAN LIGNIT'),
(254, '051', 'PERTAMBANGAN BATU BARA'),
(255, '0510', 'PERTAMBANGAN BATU BARA'),
(256, '05101 ', 'PERTAMBANGAN BATU BARA'),
(257, '05102 ', 'GASIFIKASI BATU BARA DI LOKASI PENAMBANGAN'),
(258, '052', 'PERTAMBANGAN LIGNIT'),
(259, '0520', 'PERTAMBANGAN LIGNIT'),
(260, '05200 ', 'PERTAMBANGAN LIGNIT'),
(261, '06', 'PERTAMBANGAN MINYAK BUMI DAN GAS ALAM DAN PANAS BUMI'),
(262, '061', 'PERTAMBANGAN MINYAK BUMI'),
(263, '0610', 'PERTAMBANGAN MINYAK BUMI'),
(264, '06100 ', 'PERTAMBANGAN MINYAK BUMI'),
(265, '062', 'PERTAMBANGAN GAS ALAM DAN PENGUSAHAAN TENAGA PANAS BUMI'),
(266, '0620', 'PERTAMBANGAN GAS ALAM DAN PENGUSAHAAN TENAGA PANAS BUMI'),
(267, '06201 ', 'PERTAMBANGAN GAS ALAM'),
(268, '06202 ', 'PENGUSAHAAN TENAGA PANAS BUMI'),
(269, '07', 'PERTAMBANGAN BIJIH LOGAM'),
(270, '071', 'PERTAMBANGAN PASIR BESI DAN BIJIH BESI'),
(271, '0710', 'PERTAMBANGAN PASIR BESI DAN BIJIH BESI'),
(272, '07101 ', 'PERTAMBANGAN PASIR BESI'),
(273, '07102 ', 'PERTAMBANGAN BIJIH BESI'),
(274, '072', 'PERTAMBANGAN BIJIH LOGAM YANG TIDAK MENGANDUNG BESI, TIDAK TERMASUK BIJIH LOGAM MULIA'),
(275, '0721', 'PERTAMBANGAN BIJIH URANIUM DAN THORIUM'),
(276, '07210 ', 'PERTAMBANGAN BIJIH URANIUM DAN THORIUM'),
(277, '0729', 'PERTAMBANGAN BIJIH LOGAM LAINNYA YANG TIDAK MENGANDUNG BESI, TIDAK TERMASUK BIJIH LOGAM MULIA'),
(278, '07291 ', 'PERTAMBANGAN BIJIH TIMAH'),
(279, '07292 ', 'PERTAMBANGAN BIJIH TIMAH HITAM'),
(280, '07293 ', 'PERTAMBANGAN BIJIH BAUKSIT/ALUMINIUM'),
(281, '07294 ', 'PERTAMBANGAN BIJIH TEMBAGA'),
(282, '07295 ', 'PERTAMBANGAN BIJIH NIKEL'),
(283, '07296 ', 'PERTAMBANGAN BIJIH MANGAN'),
(284, '07299 ', 'PERTAMBANGAN BAHAN GALIAN LAINNYA YANG TIDAK MENGANDUNG BIJIH BESI'),
(285, '073', 'PERTAMBANGAN BIJIH LOGAM MULIA'),
(286, '0730', 'PERTAMBANGAN BIJIH LOGAM MULIA'),
(287, '07301 ', 'PERTAMBANGAN EMAS DAN PERAK'),
(288, '07309 ', 'PERTAMBANGAN BIJIH LOGAM MULIA LAINNYA'),
(289, '08', 'PERTAMBANGAN DAN PENGGALIAN LAINNYA'),
(290, '081', 'PENGGALIAN BATU, PASIR DAN TANAH LIAT'),
(291, '0810', 'PENGGALIAN BATU, PASIR DAN TANAH LIAT'),
(292, '08101 ', 'PENGGALIAN BATU HIAS DAN BATU BANGUNAN'),
(293, '08102 ', 'PENGGALIAN BATU KAPUR/GAMPING'),
(294, '08103 ', 'PENGGALIAN KERIKIL (SIRTU)'),
(295, '08104 ', 'PENGGALIAN PASIR'),
(296, '08105 ', 'PENGGALIAN TANAH DAN TANAH LIAT'),
(297, '08106 ', 'PENGGALIAN GIPS'),
(298, '08107 ', 'PENGGALIAN TRAS'),
(299, '08108 ', 'PENGGALIAN BATU APUNG'),
(300, '08109 ', 'PENGGALIAN BATU, PASIR DAN TANAH LIAT LAINNYA'),
(301, '089', 'PERTAMBANGAN DAN PENGGALIAN LAINNYA YTDL'),
(302, '0891', 'PERTAMBANGAN MINERAL, BAHAN KIMIA DAN BAHAN PUPUK'),
(303, '08911 ', 'PERTAMBANGAN BELERANG'),
(304, '08912 ', 'PERTAMBANGAN FOSFAT'),
(305, '08913 ', 'PERTAMBANGAN NITRAT'),
(306, '08914 ', 'PERTAMBANGAN YODIUM'),
(307, '08915 ', 'PERTAMBANGAN POTASH (KALIUM KARBONAT)'),
(308, '08919 ', 'PERTAMBANGAN MINERAL, BAHAN KIMIA DAN BAHAN PUPUK LAINNYA'),
(309, '0892', 'EKSTRAKSI TANAH GEMUK (PEAT)'),
(310, '08920 ', 'EKSTRAKSI TANAH GEMUK (PEAT)'),
(311, '0893', 'EKSTRAKSI GARAM'),
(312, '08930 ', 'EKSTRAKSI GARAM'),
(313, '0899', 'PERTAMBANGAN DAN PENGGALIAN LAINNYA YTDL'),
(314, '08991', 'PERTAMBANGAN BATU MULIA'),
(315, '08992', 'PENGGALIAN FELDSPAR DAN KALSIT'),
(316, '08993 ', 'PERTAMBANGAN ASPAL ALAM'),
(317, '08994 ', 'PENGGALIAN ASBES'),
(318, '08995 ', 'PENGGALIAN KUARSA/PASIR KUARSA'),
(319, '08999 ', 'PERTAMBANGAN DAN PENGGALIAN LAINNYA YTDL'),
(320, '09', 'AKTIVITAS JASA PENUNJANG PERTAMBANGAN'),
(321, '091', 'AKTIVITAS PENUNJANG PERTAMBANGAN MINYAK BUMI DAN GAS ALAM'),
(322, '0910', 'AKTIVITAS PENUNJANG PERTAMBANGAN MINYAK BUMI DAN GAS ALAM'),
(323, '09100 ', 'AKTIVITAS PENUNJANG PERTAMBANGAN MINYAK BUMI DAN GAS ALAM'),
(324, '099', 'AKTIVITAS PENUNJANG PERTAMBANGAN DAN PENGGALIAN LAINNYA'),
(325, '0990', 'AKTIVITAS PENUNJANG PERTAMBANGAN DAN PENGGALIAN LAINNYA'),
(326, '09900 ', 'AKTIVITAS PENUNJANG PERTAMBANGAN DAN PENGGALIAN LAINNYA'),
(327, 'C', 'INDUSTRI PENGOLAHAN'),
(328, '10', 'INDUSTRI MAKANAN'),
(329, '101', 'INDUSTRI PENGOLAHAN DAN PENGAWETAN DAGING'),
(330, '1011', 'KEGIATAN RUMAH POTONG DAN PENGEPAKAN DAGING BUKAN UNGGAS'),
(331, '10110 ', 'KEGIATAN RUMAH POTONG DAN PENGEPAKAN DAGING BUKAN UNGGAS'),
(332, '1012', 'KEGIATAN RUMAH POTONG DAN PENGEPAKAN DAGING UNGGAS'),
(333, '10120 ', 'KEGIATAN RUMAH POTONG DAN PENGEPAKAN DAGING UNGGAS'),
(334, '1013', 'INDUSTRI PENGOLAHAN DAN PENGAWETAN PRODUK DAGING DAN DAGING UNGGAS'),
(335, '10130 ', 'INDUSTRI PENGOLAHAN DAN PENGAWETAN PRODUK DAGING DAN DAGING UNGGAS'),
(336, '102', 'INDUSTRI PENGOLAHAN DAN PENGAWETAN IKAN DAN BIOTA AIR'),
(337, '1021', 'INDUSTRI PENGOLAHAN DAN PENGAWETAN IKAN DAN PRODUK IKAN'),
(338, '10211', 'INDUSTRI PENGGARAMAN/PENGERINGAN IKAN'),
(339, '10212', 'INDUSTRI PENGASAPAN/PEMANGGANGAN IKAN'),
(340, '10213', 'INDUSTRI PEMBEKUAN IKAN'),
(341, '10214', 'INDUSTRI PEMINDANGAN IKAN'),
(342, '10215', 'INDUSTRI PERAGIAN/FERMENTASI IKAN'),
(343, '10216 ', 'INDUSTRI BERBASIS DAGING LUMATAN DAN SURIMI'),
(344, '10217 ', 'INDUSTRI PENDINGINAN/PENGESAN IKAN'),
(345, '10219 ', 'INDUSTRI PENGOLAHAN DAN PENGAWETAN LAINNYA UNTUK IKAN'),
(346, '1022', 'INDUSTRI PENGOLAHAN DAN PENGAWETAN IKAN DAN BIOTA AIR DALAM KALENG'),
(347, '10221', 'INDUSTRI PENGOLAHAN DAN PENGAWETAN IKAN DAN BIOTA AIR  (BUKAN UDANG) DALAM KALENG'),
(348, '10222', 'INDUSTRI PENGOLAHAN DAN PENGAWETAN UDANG DALAM KALENG'),
(349, '1029', 'INDUSTRI PENGOLAHAN DAN PENGAWETAN BIOTA AIR LAINNYA'),
(350, '10291', 'INDUSTRI PENGGARAMAN/PENGERINGAN BIOTA AIR LAINNYA'),
(351, '10292', 'INDUSTRI PENGASAPAN/PEMANGGANGAN BIOTA AIR LAINNYA'),
(352, '10293', 'INDUSTRI PEMBEKUAN BIOTA AIR LAINNYA'),
(353, '10294', 'INDUSTRI PEMINDANGAN BIOTA AIR LAINNYA'),
(354, '10295', 'INDUSTRI PERAGIAN/FERMENTASI BIOTA AIR LAINNYA'),
(355, '10296', 'INDUSTRI BERBASIS LUMATAN BIOTA AIR LAINNYA'),
(356, '10297', 'INDUSTRI PENDINGINAN/PENGESAN BIOTA AIR LAINNYA'),
(357, '10298', 'INDUSTRI PENGOLAHAN RUMPUT LAUT'),
(358, '10299', 'INDUSTRI PENGOLAHAN DAN PENGAWETAN LAINNYA UNTUK BIOTA AIR LAINNYA'),
(359, '103', 'INDUSTRI PENGOLAHAN DAN PENGAWETAN BUAH-BUAHAN DAN SAYURAN'),
(360, '1031', 'INDUSTRI PENGOLAHAN DAN PENGAWETAN BUAH-BUAHAN DAN SAYURAN DENGAN CARA DIASINKAN, DILUMATKAN, DIKERINGKAN DAN DIBEKUKAN'),
(361, '10311', 'INDUSTRI PENGASINAN/PEMANISAN BUAH-BUAHAN DAN SAYURAN'),
(362, '10312', 'INDUSTRI PELUMATAN BUAH-BUAHAN DAN SAYURAN'),
(363, '10313', 'INDUSTRI PENGERINGAN BUAH-BUAHAN DAN SAYURAN'),
(364, '10314', 'INDUSTRI PEMBEKUAN BUAH-BUAHAN DAN SAYURAN'),
(365, '1032', 'INDUSTRI PENGOLAHAN DAN PENGAWETAN BUAH-BUAHAN DAN SAYURAN DALAM KALENG'),
(366, '10320 ', 'INDUSTRI PENGOLAHAN DAN PENGAWETAN BUAH-BUAHAN DAN SAYURAN DALAM KALENG'),
(367, '1033', 'INDUSTRI PENGOLAHAN SARI BUAH DAN SAYURAN'),
(368, '10330 ', 'INDUSTRI PENGOLAHAN SARI BUAH DAN SAYURAN'),
(369, '1039', 'INDUSTRI PENGOLAHAN DAN PENGAWETAN LAINNYA BUAH-BUAHAN DAN SAYURAN '),
(370, '10391', 'INDUSTRI TEMPE KEDELAI'),
(371, '10391', 'INDUSTRI TAHU KEDELAI'),
(372, '10399 ', 'INDUSTRI PENGOLAHAN DAN PENGAWETAN LAINNYA BUAH-BUAHAN DAN SAYURAN'),
(373, '104', 'INDUSTRI MINYAK DAN LEMAK NABATI DAN HEWANI'),
(374, '1041', 'INDUSTRI MINYAK DAN LEMAK NABATI DAN HEWANI (BUKAN KELAPA DAN KELAPA SAWIT) '),
(375, '10411', 'INDUSTRI MINYAK MENTAH DAN LEMAK NABATI'),
(376, '10412', 'INDUSTRI MARGARINE'),
(377, '10413', 'INDUSTRI MINYAK MENTAH DAN LEMAK HEWANI SELAIN IKAN'),
(378, '10414', 'INDUSTRI MINYAK IKAN'),
(379, '10415', 'INDUSTRI MINYAK GORENG BUKAN MINYAK KELAPA DAN MINYAK KELAPA SAWIT'),
(380, '1042', 'INDUSTRI KOPRA, MINYAK MENTAH DAN MINYAK GORENG KELAPA, TEPUNG DAN PELET KELAPA '),
(381, '10421', 'INDUSTRI KOPRA'),
(382, '10422', 'INDUSTRI MINYAK MENTAH KELAPA'),
(383, '10423', 'INDUSTRI MINYAK GORENG KELAPA'),
(384, '10424', 'INDUSTRI TEPUNG DAN PELET KELAPA'),
(385, '1043', 'INDUSTRI MINYAK MENTAH/MURNI KELAPA SAWIT (CRUDE PALM OIL) DAN MINYAK GORENG KELAPA SAWIT'),
(386, '10431', 'INDUSTRI MINYAK MENTAH KELAPA SAWIT (CRUDE PALM OIL)'),
(387, '10432', 'INDUSTRI MINYAK MENTAH INTI KELAPA SAWIT (CRUDE PALM KERNEL OIL)'),
(388, '10433', 'INDUSTRI PEMISAHAN/FRAKSINASI MINYAK MENTAH KELAPA SAWIT DAN MINYAK MENTAH INTI KELAPA SAWIT'),
(389, '10434', 'INDUSTRI PEMURNIAN MINYAK MENTAH KELAPA SAWIT DAN MINYAK MENTAH INTI KELAPA SAWIT'),
(390, '10435', 'INDUSTRI PEMISAHAN/FRAKSINASI MINYAK MURNI KELAPA SAWIT'),
(391, '10436', 'INDUSTRI PEMISAHAN/FRAKSINASI MINYAK MURNI INTI KELAPA SAWIT'),
(392, '10437', 'INDUSTRI MINYAK GORENG KELAPA SAWIT'),
(393, '1049', 'INDUSTRI MINYAK MENTAH DAN LEMAK NABATI DAN HEWANI LAINNYA'),
(394, ' 10490 ', 'INDUSTRI MINYAK MENTAH DAN LEMAK NABATI DAN HEWANI LAINNYA'),
(395, '105', 'INDUSTRI PENGOLAHAN SUSU, PRODUK DARI SUSU DAN ES KRIM'),
(396, '1051', 'INDUSTRI PENGOLAHAN SUSU SEGAR DAN KRIM'),
(397, '10510 ', 'INDUSTRI PENGOLAHAN SUSU SEGAR DAN KRIM'),
(398, '1052', 'INDUSTRI PENGOLAHAN SUSU BUBUK DAN SUSU KENTAL'),
(399, '10520 ', 'INDUSTRI PENGOLAHAN SUSU BUBUK DAN SUSU KENTAL'),
(400, '1053', 'INDUSTRI PENGOLAHAN ES KRIM DAN SEJENISNYA'),
(401, '10531', 'INDUSTRI PENGOLAHAN ES KRIM'),
(402, '10532', 'INDUSTRI PENGOLAHAN ES SEJENISNYA YANG DAPAT DIMAKAN (BUKAN ES BATU DAN ES BALOK)'),
(403, '1059', 'INDUSTRI PENGOLAHAN PRODUK DARI SUSU LAINNYA'),
(404, '10590 ', 'INDUSTRI PENGOLAHAN PRODUK DARI SUSU LAINNYA'),
(405, '106', 'INDUSTRI PENGGILINGAN PADI-PADIAN, TEPUNG DAN PATI'),
(406, '1061', 'INDUSTRI PENGGILINGAN SERELIA DAN BIJI-BIJIAN LAINNYA (BUKAN BERAS DAN JAGUNG)'),
(407, '10611', 'INDUSTRI PENGGILINGAN GANDUM DAN SERELIA LAINNYA'),
(408, '10612', 'INDUSTRI PENGGILINGAN ANEKA KACANG (TERMASUK LEGUMINOUS)'),
(409, '10613', 'INDUSTRI PENGGILINGAN ANEKA  UMBI DAN SAYURAN (TERMASUK RHIZOMA)'),
(410, '10614', 'INDUSTRI TEPUNG CAMPURAN DAN ADONAN TEPUNG'),
(411, '10615', 'INDUSTRI MAKANAN SEREAL'),
(412, '10616', 'INDUSTRI TEPUNG TERIGU'),
(413, '1062', 'INDUSTRI PATI DAN PRODUK PATI (BUKAN BERAS DAN JAGUNG)'),
(414, '10621', 'INDUSTRI PATI UBI KAYU'),
(415, '10622', 'INDUSTRI BERBAGAI MACAM PATI PALMA'),
(416, '10623', 'INDUSTRI GLUKOSA DAN SEJENISNYA'),
(417, '10629 ', 'INDUSTRI PATI LAINNYA'),
(418, '1063', 'INDUSTRI PENGGILINGAN BERAS DAN JAGUNG DAN INDUSTRI TEPUNG BERAS DAN JAGUNG'),
(419, '10631', 'INDUSTRI PENGGILINGAN PADI DAN PENYOSOHAN BERAS'),
(420, '10632', 'INDUSTRI PENGGILINGAN DAN PEMBERSIHAN JAGUNG'),
(421, '10633', 'INDUSTRI TEPUNG BERAS DAN TEPUNG JAGUNG'),
(422, '10634', 'INDUSTRI PATI BERAS DAN JAGUNG'),
(423, '107', 'INDUSTRI MAKANAN LAINNYA'),
(424, '1071', 'INDUSTRI PRODUK ROTI DAN KUE'),
(425, '10710 ', 'INDUSTRI PRODUK ROTI DAN KUE'),
(426, '1072', 'INDUSTRI GULA'),
(427, '10721', 'INDUSTRI GULA PASIR'),
(428, '10722', 'INDUSTRI GULA MERAH'),
(429, '10723', 'INDUSTRI SIROP'),
(430, '10729 ', 'INDUSTRI PENGOLAHAN GULA LAINNYA BUKAN SIROP'),
(431, '1073', 'INDUSTRI KAKAO, COKELAT DAN KEMBANG GULA'),
(432, '10731', 'INDUSTRI KAKAO'),
(433, '10732', 'INDUSTRI MAKANAN DARI COKELAT DAN KEMBANG GULA'),
(434, '10733', 'INDUSTRI MANISAN BUAH-BUAHAN DAN SAYURAN KERING'),
(435, '10739 ', 'INDUSTRI KEMBANG GULA LAINNYA'),
(436, '1074', 'INDUSTRI MAKARONI, MIE DAN PRODUK SEJENISNYA'),
(437, '10740 ', 'INDUSTRI MAKARONI, MIE DAN PRODUK SEJENISNYA'),
(438, '1075', 'INDUSTRI MAKANAN DAN MASAKAN OLAHAN'),
(439, '10750 ', 'INDUSTRI MAKANAN DAN MASAKAN OLAHAN'),
(440, '1076', 'INDUSTRI PENGOLAHAN KOPI, TEH DAN HERBAL (HERB INFUSION)'),
(441, '10761 ', 'INDUSTRI PENGOLAHAN KOPI'),
(442, '10762', 'INDUSTRI PENGOLAHAN HERBAL (HERB INFUSION)'),
(443, '10763', 'INDUSTRI PENGOLAHAN TEH'),
(444, '1077', 'INDUSTRI BUMBU-BUMBUAN DAN PRODUK MASAK LAINNYA'),
(445, '10771', 'INDUSTRI KECAP'),
(446, '10772', 'INDUSTRI BUMBU MASAK DAN PENYEDAP MASAKAN'),
(447, '10773', 'INDUSTRI PRODUK MASAK DARI KELAPA'),
(448, '10774', 'INDUSTRI PENGOLAHAN GARAM'),
(449, '10779 ', 'INDUSTRI PRODUK MASAK  LAINNYA'),
(450, '1079', 'INDUSTRI PRODUK MAKANAN LAINNYA'),
(451, '10791', 'INDUSTRI MAKANAN BAYI'),
(452, '10792', 'INDUSTRI KUE BASAH'),
(453, '10793', 'INDUSTRI MAKANAN DARI KEDELE DAN KACANG-KACANGAN LAINNYA BUKAN KECAP, TEMPE DAN TAHU'),
(454, '10794', 'INDUSTRI KERUPUK, KERIPIK, PEYEK DAN SEJENISNYA'),
(455, '10795', 'INDUSTRI KRIMER NABATI'),
(456, '10799 ', 'INDUSTRI PRODUK MAKANAN LAINNYA'),
(457, '108', 'INDUSTRI MAKANAN HEWAN'),
(458, '1080', 'INDUSTRI MAKANAN HEWAN'),
(459, '10801', 'INDUSTRI RANSUM MAKANAN HEWAN'),
(460, '10802', 'INDUSTRI KONSENTRAT MAKANAN HEWAN'),
(461, '11', 'INDUSTRI MINUMAN'),
(462, '110', 'INDUSTRI MINUMAN'),
(463, '1101', 'INDUSTRI MINUMAN BERALKOHOL HASIL DESTILASI'),
(464, '11010 ', 'INDUSTRI MINUMAN BERALKOHOL HASIL DESTILASI'),
(465, '1102', 'INDUSTRI MINUMAN BERALKOHOL HASIL FERMENTASI ANGGUR DAN HASIL PERTANIAN LAINNYA'),
(466, '11020 ', 'INDUSTRI MINUMAN BERALKOHOL HASIL FERMENTASI ANGGUR DAN HASIL PERTANIAN LAINNYA'),
(467, '1103', 'INDUSTRI MINUMAN BERALKOHOL HASIL FERMENTASI MALT DAN INDUSTRI MALT'),
(468, '11031', 'INDUSTRI MINUMAN BERALKOHOL HASIL FERMENTASI MALT'),
(469, '11032', 'INDUSTRI MALT'),
(470, '1104', 'INDUSTRI MINUMAN RINGAN'),
(471, '11040 ', 'INDUSTRI MINUMAN RINGAN'),
(472, '1105', 'INDUSTRI AIR MINUM DAN AIR MINERAL'),
(473, '11050 ', 'INDUSTRI AIR MINUM DAN AIR MINERAL'),
(474, '1109', 'INDUSTRI MINUMAN LAINNYA'),
(475, '11090 ', 'INDUSTRI MINUMAN LAINNYA'),
(476, '12', 'INDUSTRI PENGOLAHAN TEMBAKAU'),
(477, '120', 'INDUSTRI PENGOLAHAN TEMBAKAU'),
(478, '1201', 'INDUSTRI ROKOK DAN PRODUK TEMBAKAU LAINNYA'),
(479, '12011', 'INDUSTRI KRETEK'),
(480, '12012', 'INDUSTRI ROKOK PUTIH'),
(481, '12019 ', 'INDUSTRI ROKOK LAINNYA'),
(482, '1209', 'INDUSTRI PENGOLAHAN TEMBAKAU LAINNYA'),
(483, '12091 ', 'INDUSTRI PENGERINGAN DAN PENGOLAHAN TEMBAKAU'),
(484, '12099 ', 'INDUSTRI BUMBU ROKOK SERTA KELENGKAPAN ROKOK LAINNYA'),
(485, '13', 'INDUSTRI TEKSTIL'),
(486, '131', 'INDUSTRI PEMINTALAN, PENENUNAN DAN PENYELESAIAN AKHIR TEKSTIL'),
(487, '1311', 'INDUSTRI PENGOLAHAN DAN PEMINTALAN SERAT TEKSTIL'),
(488, '13111', 'INDUSTRI PERSIAPAN SERAT TEKSTIL'),
(489, '13112', 'INDUSTRI PEMINTALAN BENANG'),
(490, '13113', 'INDUSTRI PEMINTALAN BENANG JAHIT'),
(491, '1312', 'INDUSTRI PERTENUNAN TEKSTIL'),
(492, '13121', 'INDUSTRI PERTENUNAN (BUKAN PERTENUNAN KARUNG GONI DAN KARUNG LAINNYA)'),
(493, '13122', 'INDUSTRI KAIN TENUN IKAT'),
(494, '13123', 'INDUSTRI BULU TIRUAN TENUNAN'),
(495, '1313', 'INDUSTRI PENYELESAIAN AKHIR TEKSTIL'),
(496, '13131', 'INDUSTRI PENYEMPURNAAN BENANG'),
(497, '13132', 'INDUSTRI PENYEMPURNAAN KAIN'),
(498, '13133', 'INDUSTRI PENCETAKAN KAIN'),
(499, '13134', 'INDUSTRI BATIK'),
(500, '139', 'INDUSTRI TEKSTIL LAINNYA'),
(501, '1391', 'INDUSTRI KAIN RAJUTAN DAN SULAMAN'),
(502, '13911', 'INDUSTRI KAIN RAJUTAN'),
(503, '13912', 'INDUSTRI KAIN SULAMAN/BORDIR'),
(504, '13913', 'INDUSTRI BULU TIRUAN RAJUTAN'),
(505, '1392', 'INDUSTRI PEMBUATAN BARANG TEKSTIL, BUKAN PAKAIAN JADI'),
(506, '13921', 'INDUSTRI BARANG JADI TEKSTIL UNTUK KEPERLUAN RUMAH TANGGA'),
(507, '13922', 'INDUSTRI BARANG JADI TEKSTIL SULAMAN'),
(508, '13923', 'INDUSTRI BANTAL DAN SEJENISNYA'),
(509, '13924', 'INDUSTRI BARANG JADI RAJUTAN DAN SULAMAN'),
(510, '13925', 'INDUSTRI KARUNG GONI'),
(511, '13926', 'INDUSTRI KARUNG BUKAN GONI'),
(512, '13929', 'INDUSTRI BARANG JADI TEKSTIL LAINNYA'),
(513, '1393', 'INDUSTRI KARPET DAN PERMADANI'),
(514, '13930', 'INDUSTRI KARPET DAN PERMADANI'),
(515, '1394', 'INDUSTRI TALI DAN BARANG DARI TALI'),
(516, '13941', 'INDUSTRI TALI'),
(517, '13942', 'INDUSTRI BARANG DARI TALI'),
(518, '1399', 'INDUSTRI TEKSTIL LAINNYA YTDL'),
(519, '13991', 'INDUSTRI KAIN PITA (NARROW FABRIC)'),
(520, '13992', 'INDUSTRI YANG MENGHASILKAN KAIN KEPERLUAN INDUSTRI'),
(521, '13993', 'INDUSTRI NON WOVEN (BUKAN TENUNAN)'),
(522, '13994', 'INDUSTRI KAIN BAN'),
(523, '13995', 'INDUSTRI KAPUK'),
(524, '13999', 'INDUSTRI TEKSTIL LAINNYA YTDL'),
(525, '14', 'INDUSTRI PAKAIAN JADI'),
(526, '141', 'INDUSTRI PAKAIAN JADI DAN PERLENGKAPANNYA, BUKAN PAKAIAN JADI DARI KULIT BERBULU'),
(527, '1411', 'INDUSTRI PAKAIAN JADI (BUKAN PENJAHITAN DAN PEMBUATAN PAKAIAN)'),
(528, '14111', 'INDUSTRI PAKAIAN JADI  (KONVEKSI) DARI TEKSTIL'),
(529, '14112', 'INDUSTRI PAKAIAN JADI (KONVEKSI) DARI KULIT'),
(530, '1412', 'PENJAHITAN DAN PEMBUATAN PAKAIAN SESUAI PESANAN'),
(531, '14120', 'PENJAHITAN DAN PEMBUATAN PAKAIAN SESUAI PESANAN'),
(532, '1413', 'INDUSTRI PERLENGKAPAN PAKAIAN YANG UTAMANYA TERBUAT DARI TEKSTIL'),
(533, '14131', 'INDUSTRI PERLENGKAPAN PAKAIAN DARI TEKSTIL'),
(534, '14132', 'INDUSTRI PERLENGKAPAN PAKAIAN DARI KULIT'),
(535, '142', 'INDUSTRI PAKAIAN JADI DAN BARANG DARI KULIT BERBULU'),
(536, '1420', 'INDUSTRI PAKAIAN JADI DAN BARANG DARI KULIT BERBULU'),
(537, '14200 ', 'INDUSTRI PAKAIAN JADI DAN BARANG DARI KULIT BERBULU'),
(538, '143', 'INDUSTRI PAKAIAN JADI RAJUTAN DAN SULAMAN/BORDIR'),
(539, '1430', 'INDUSTRI PAKAIAN JADI RAJUTAN DAN SULAMAN/BORDIR'),
(540, '14301', 'INDUSTRI PAKAIAN JADI RAJUTAN'),
(541, '14302', 'INDUSTRI PAKAIAN JADI SULAMAN/BORDIR'),
(542, '14303', 'INDUSTRI RAJUTAN KAOS KAKI DAN SEJENISNYA'),
(543, '15', 'INDUSTRI KULIT, BARANG DARI KULIT DAN ALAS KAKI'),
(544, '151', 'INDUSTRI KULIT DAN BARANG DARI KULIT, TERMASUK KULIT BUATAN'),
(545, '1511', 'INDUSTRI KULIT DAN KULIT BUATAN, TERMASUK PENCELUPAN KULIT BERBULU'),
(546, '15111', 'INDUSTRI PENGAWETAN KULIT'),
(547, '15112', 'INDUSTRI PENYAMAKAN KULIT'),
(548, '15113', 'INDUSTRI PENCELUPAN KULIT BULU'),
(549, '15114', 'INDUSTRI KULIT BUATAN/IMITASI'),
(550, '1512', 'INDUSTRI BARANG DARI KULIT DAN KULIT BUATAN, KOPER, TAS TANGAN DAN SEJENISNYA, PELANA DAN ALAT PENGEKANG (HARNESS)'),
(551, '15121', 'INDUSTRI BARANG DARI KULIT DAN KULIT BUATAN UNTUK KEPERLUAN PRIBADI'),
(552, '15122', 'INDUSTRI BARANG DARI KULIT DAN KULIT BUATAN UNTUK KEPERLUAN TEKNIK/INDUSTRI'),
(553, '15123', 'INDUSTRI BARANG DARI KULIT DAN KULIT BUATAN UNTUK KEPERLUAN HEWAN'),
(554, '15129 ', 'INDUSTRI BARANG DARI KULIT DAN KULIT BUATAN UNTUK KEPERLUAN LAINNYA'),
(555, '152', 'INDUSTRI ALAS KAKI'),
(556, '1520', 'INDUSTRI ALAS KAKI'),
(557, '15201', 'INDUSTRI ALAS KAKI UNTUK KEPERLUAN SEHARI-HARI'),
(558, '15202', 'INDUSTRI SEPATU OLAHRAGA'),
(559, '15203', 'INDUSTRI SEPATU TEKNIK LAPANGAN/KEPERLUAN INDUSTRI'),
(560, '15209', 'INDUSTRI ALAS KAKI LAINNYA'),
(561, '16', 'INDUSTRI KAYU, BARANG DARI KAYU DAN GABUS (TIDAK TERMASUK FURNITUR) DAN BARANG ANYAMAN DARI BAMBU, ROTAN DAN SEJENISNYA'),
(562, '161', 'INDUSTRI PENGGERGAJIAN DAN PENGAWETAN KAYU, ROTAN, BAMBU DAN SEJENISNYA'),
(563, '1610', 'INDUSTRI PENGGERGAJIAN DAN PENGAWETAN KAYU, ROTAN, BAMBU DAN SEJENISNYA'),
(564, '16101', 'INDUSTRI PENGGERGAJIAN KAYU'),
(565, '16102', 'INDUSTRI PENGAWETAN KAYU'),
(566, '16103', 'INDUSTRI PENGAWETAN ROTAN, BAMBU DAN SEJENISNYA'),
(567, '16104', 'INDUSTRI PENGOLAHAN ROTAN'),
(568, '162', 'INDUSTRI BARANG DARI KAYU; INDUSTRI BARANG DARI GABUS DAN BARANG ANYAMAN DARI JERAMI, ROTAN, BAMBU DAN SEJENIS LAINNYA'),
(569, '1621', 'INDUSTRI KAYU LAPIS, VENEER DAN SEJENISNYA'),
(570, '16211', 'INDUSTRI KAYU LAPIS'),
(571, '16212', 'INDUSTRI KAYU LAPIS LAMINASI, TERMASUK DECORATIVE PLYWOOD'),
(572, '16213', 'INDUSTRI PANEL KAYU LAINNYA'),
(573, '16214', 'INDUSTRI VENEER'),
(574, '1622', 'INDUSTRI BARANG BANGUNAN DARI KAYU'),
(575, '16221', 'INDUSTRI BARANG BANGUNAN DARI KAYU'),
(576, '16222', 'INDUSTRI BANGUNAN PRAFABRIKASI DARI KAYU'),
(577, '1623', 'INDUSTRI WADAH DARI KAYU'),
(578, '16230', 'INDUSTRI WADAH DARI KAYU'),
(579, '1629', 'INDUSTRI BARANG LAINNYA DARI KAYU; INDUSTRI BARANG DARI GABUS DAN BARANG ANYAMAN DARI JERAMI, ROTAN, BAMBU DAN SEJENISNYA'),
(580, '16291', 'INDUSTRI BARANG ANYAMAN DARI ROTAN DAN BAMBU'),
(581, '16292', 'INDUSTRI BARANG ANYAMAN DARI TANAMAN BUKAN ROTAN DAN BAMBU'),
(582, '16293', 'INDUSTRI KERAJINAN UKIRAN DARI KAYU BUKAN MEBELLER'),
(583, '16294', 'INDUSTRI ALAT DAPUR DARI KAYU, ROTAN DAN BAMBU'),
(584, '16295', 'INDUSTRI KAYU BAKAR DAN PELET KAYU'),
(585, '16299', 'INDUSTRI BARANG DARI KAYU, ROTAN, GABUS LAINNYA YTDL'),
(586, '17', 'INDUSTRI KERTAS DAN BARANG DARI KERTAS'),
(587, '170', 'INDUSTRI KERTAS DAN BARANG DARI KERTAS'),
(588, '1701', 'INDUSTRI BUBUR KERTAS, KERTAS DAN PAPAN KERTAS'),
(589, '17011', 'INDUSTRI BUBUR KERTAS (PULP)'),
(590, '17012', 'INDUSTRI KERTAS BUDAYA'),
(591, '17013', 'INDUSTRI KERTAS BERHARGA'),
(592, '17014', 'INDUSTRI KERTAS KHUSUS'),
(593, '17019', 'INDUSTRI KERTAS LAINNYA'),
(594, '1702', 'INDUSTRI KERTAS DAN PAPAN KERTAS BERGELOMBANG DAN WADAH DARI KERTAS DAN PAPAN KERTAS'),
(595, '17021', 'INDUSTRI KERTAS DAN PAPAN KERTAS BERGELOMBANG'),
(596, '17022', 'INDUSTRI KEMASAN DAN KOTAK DARI KERTAS DAN KARTON'),
(597, '1709', 'INDUSTRI BARANG DARI KERTAS DAN PAPAN KERTAS LAINNYA'),
(598, '17091 ', 'INDUSTRI KERTAS TISSUE'),
(599, '17099 ', 'INDUSTRI BARANG DARI KERTAS DAN PAPAN KERTAS LAINNYA YTDL'),
(600, '18', 'INDUSTRI PENCETAKAN DAN REPRODUKSI MEDIA REKAMAN'),
(601, '181', 'INDUSTRI PENCETAKAN DAN KEGIATAN YBDI'),
(602, '1811', 'INDUSTRI PENCETAKAN'),
(603, '18112', 'INDUSTRI PENCETAKAN UMUM'),
(604, '18113', 'INDUSTRI PENCETAKAN KHUSUS'),
(605, '1812', 'KEGIATAN JASA PENUNJANG PENCETAKAN'),
(606, '18120 ', 'KEGIATAN JASA PENUNJANG PENCETAKAN'),
(607, '182', 'REPRODUKSI MEDIA REKAMAN'),
(608, '1820', 'REPRODUKSI MEDIA REKAMAN'),
(609, '18201', 'REPRODUKSI MEDIA REKAMAN SUARA DAN PIRANTI LUNAK'),
(610, '18202', 'REPRODUKSI MEDIA REKAMAN FILM DAN VIDEO'),
(611, '19', 'INDUSTRI PRODUK DARI BATU BARA DAN PENGILANGAN MINYAK BUMI'),
(612, '191', 'INDUSTRI PRODUK DARI BATU BARA'),
(613, '1910', 'INDUSTRI PRODUK DARI BATU BARA'),
(614, '19100', 'INDUSTRI PRODUK DARI BATU BARA'),
(615, '192', 'INDUSTRI PRODUK PENGILANGAN MINYAK BUMI'),
(616, '1921', 'INDUSTRI BAHAN BAKAR DAN MINYAK PELUMAS HASIL PENGILANGAN MINYAK BUMI'),
(617, '19211', 'INDUSTRI BAHAN BAKAR DARI PEMURNIAN DAN PENGILANGAN MINYAK BUMI'),
(618, '19212', 'INDUSTRI PEMBUATAN MINYAK PELUMAS'),
(619, '19213', 'INDUSTRI PENGOLAHAN KEMBALI MINYAK PELUMAS BEKAS'),
(620, '1929', 'INDUSTRI PRODUK PENGILANGAN MINYAK BUMI LAINNYA'),
(621, '19291', 'INDUSTRI PRODUK DARI HASIL KILANG MINYAK BUMI'),
(622, '19292', 'INDUSTRI BRIKET BATU BARA'),
(623, '20', 'INDUSTRI BAHAN KIMIA DAN BARANG DARI BAHAN KIMIA'),
(624, '201', 'INDUSTRI BAHAN KIMIA'),
(625, '2011', 'INDUSTRI KIMIA DASAR'),
(626, '20111', 'INDUSTRI KIMIA DASAR ANORGANIK KHLOR DAN ALKALI'),
(627, '20112', 'INDUSTRI KIMIA DASAR ANORGANIK GAS INDUSTRI'),
(628, '20113', 'INDUSTRI KIMIA DASAR ANORGANIK PIGMEN'),
(629, '20114', 'INDUSTRI KIMIA DASAR ANORGANIK LAINNYA'),
(630, '20115', 'INDUSTRI KIMIA DASAR ORGANIK YANG BERSUMBER DARI HASIL PERTANIAN'),
(631, '20116', 'INDUSTRI KIMIA DASAR ORGANIK UNTUK  BAHAN BAKU ZAT WARNA DAN PIGMEN, ZAT WARNA DAN PIGMEN'),
(632, '20117', 'INDUSTRI KIMIA DASAR ORGANIK YANG BERSUMBER DARI MINYAK BUMI, GAS ALAM DAN BATU BARA'),
(633, '20118', 'INDUSTRI KIMIA DASAR ORGANIK YANG MENGHASILKAN BAHAN KIMIA KHUSUS'),
(634, '20119', 'INDUSTRI KIMIA DASAR ORGANIK LAINNYA'),
(635, '2012', 'INDUSTRI PUPUK DAN BAHAN SENYAWA NITROGEN'),
(636, '20121', 'INDUSTRI PUPUK ALAM/NON SINTETIS HARA MAKRO PRIMER'),
(637, '20122', 'INDUSTRI PUPUK BUATAN TUNGGAL HARA MAKRO PRIMER'),
(638, '20123', 'INDUSTRI PUPUK BUATAN MAJEMUK HARA MAKRO PRIMER'),
(639, '20124', 'INDUSTRI PUPUK BUATAN CAMPURAN HARA MAKRO PRIMER'),
(640, '20125', 'INDUSTRI PUPUK HARA MAKRO SEKUNDER'),
(641, '20126', 'INDUSTRI PUPUK HARA MIKRO'),
(642, '20127', 'INDUSTRI PUPUK PELENGKAP'),
(643, '20128', 'INDUSTRI MEDIA TANAM'),
(644, '20129', 'INDUSTRI PUPUK LAINNYA'),
(645, '2013', 'INDUSTRI PLASTIK DAN KARET BUATAN DALAM BENTUK DASAR'),
(646, '20131', 'INDUSTRI DAMAR BUATAN (RESIN SINTETIS) DAN BAHAN BAKU PLASTIK'),
(647, '20132', 'INDUSTRI KARET BUATAN'),
(648, '202', 'INDUSTRI BARANG KIMIA LAINNYA'),
(649, '2021', 'INDUSTRI PESTISIDA DAN PRODUK AGROKIMIA LAINNYA'),
(650, '20211', 'INDUSTRI BAHAN BAKU PEMBERANTAS HAMA (BAHAN AKTIF)'),
(651, '20212', 'INDUSTRI PEMBERANTAS HAMA (FORMULASI)'),
(652, '20213', 'INDUSTRI ZAT PENGATUR TUMBUH'),
(653, '20214', 'INDUSTRI BAHAN AMELIORAN (PEMBENAH TANAH)'),
(654, '2022', 'INDUSTRI CAT DAN TINTA CETAK, PERNIS DAN BAHAN PELAPISAN SEJENISNYA  DAN LAK'),
(655, '20221', 'INDUSTRI CAT DAN TINTA CETAK'),
(656, '20222', 'INDUSTRI PERNIS (TERMASUK MASTIK)'),
(657, '20223', 'INDUSTRI LAK'),
(658, '2023', 'INDUSTRI SABUN DAN DETERJEN, BAHAN PEMBERSIH DAN PENGILAP, PARFUM DAN KOSMETIK'),
(659, '20231', 'INDUSTRI SABUN DAN BAHAN PEMBERSIH KEPERLUAN RUMAH TANGGA'),
(660, '20232', 'INDUSTRI KOSMETIK, TERMASUK PASTA GIGI'),
(661, '2029', 'INDUSTRI BARANG KIMIA LAINNYA YTDL'),
(662, '20291', 'INDUSTRI PEREKAT/LEM'),
(663, '20292', 'INDUSTRI BAHAN PELEDAK'),
(664, '20293', 'INDUSTRI TINTA'),
(665, '20294', 'INDUSTRI MINYAK ATSIRI'),
(666, '20295', 'INDUSTRI KOREK API'),
(667, '20299', 'INDUSTRI BARANG KIMIA LAINNYA YTDL'),
(668, '203', 'INDUSTRI SERAT BUATAN'),
(669, '2030', 'INDUSTRI SERAT BUATAN'),
(670, '20301', 'INDUSTRI SERAT/BENANG/STRIP FILAMEN BUATAN'),
(671, '20302', 'INDUSTRI SERAT STAPEL BUATAN'),
(672, '21', 'INDUSTRI FARMASI, PRODUK OBAT KIMIA DAN OBAT TRADISIONAL'),
(673, '210', 'INDUSTRI FARMASI, PRODUK OBAT KIMIA DAN OBAT TRADISIONAL'),
(674, '2101', 'INDUSTRI FARMASI DAN PRODUK OBAT KIMIA'),
(675, '21011', 'INDUSTRI BAHAN FARMASI'),
(676, '21012', 'INDUSTRI PRODUK FARMASI UNTUK MANUSIA'),
(677, '21013', 'INDUSTRI PRODUK FARMASI UNTUK HEWAN'),
(678, '2102', 'INDUSTRI OBAT TRADISIONAL'),
(679, '21021', 'INDUSTRI BAHAN BAKU OBAT TRADISIONAL'),
(680, '21022', 'INDUSTRI PRODUK OBAT TRADISIONAL'),
(681, '22', 'INDUSTRI KARET, BARANG DARI KARET DAN PLASTIK'),
(682, '221', 'INDUSTRI KARET DAN BARANG DARI KARET'),
(683, '2211', 'INDUSTRI BAN DAN VULKANISIR BAN'),
(684, '22111 ', 'INDUSTRI BAN LUAR DAN BAN DALAM'),
(685, '22112 ', 'INDUSTRI VULKANISIR BAN'),
(686, '2212', 'INDUSTRI PENGASAPAN, REMILLING DAN KARET REMAH'),
(687, '22121', 'INDUSTRI PENGASAPAN KARET'),
(688, '22122', 'INDUSTRI REMILLING KARET'),
(689, '22123', 'INDUSTRI KARET REMAH (CRUMB RUBBER)'),
(690, '2219', 'INDUSTRI BARANG DARI KARET LAINNYA'),
(691, '22191', 'INDUSTRI BARANG DARI KARET UNTUK KEPERLUAN RUMAH TANGGA'),
(692, '22192', 'INDUSTRI BARANG DARI KARET UNTUK KEPERLUAN INDUSTRI'),
(693, '22199', 'INDUSTRI BARANG DARI KARET LAINNYA YTDL'),
(694, '222', 'INDUSTRI BARANG DARI PLASTIK'),
(695, '2221', 'INDUSTRI BARANG DARI PLASTIK UNTUK BANGUNAN'),
(696, '22210 ', 'INDUSTRI BARANG DARI PLASTIK UNTUK BANGUNAN'),
(697, '2222', 'INDUSTRI BARANG DARI PLASTIK UNTUK PENGEMASAN'),
(698, '22220 ', 'INDUSTRI BARANG DARI PLASTIK UNTUK PENGEMASAN'),
(699, '2223', 'INDUSTRI PIPA PLASTIK DAN PERLENGKAPANNYA'),
(700, '22230 ', 'INDUSTRI PIPA PLASTIK DAN PERLENGKAPANNYA'),
(701, '2229', 'INDUSTRI BARANG DARI PLASTIK LAINNYA'),
(702, '22291', 'INDUSTRI BARANG PLASTIK LEMBARAN'),
(703, '22292', 'INDUSTRI PERLENGKAPAN DAN PERALATAN RUMAH TANGGA (TIDAK TERMASUK FURNITUR)'),
(704, '22293', 'INDUSTRI BARANG DAN PERALATAN TEKNIK/INDUSTRI DARI PLASTIK'),
(705, '22299', 'INDUSTRI BARANG PLASTIK LAINNYA YTDL'),
(706, '23', 'INDUSTRI BARANG GALIAN BUKAN LOGAM'),
(707, '231', 'INDUSTRI KACA DAN BARANG DARI KACA'),
(708, '2311', 'INDUSTRI KACA'),
(709, '23111', 'INDUSTRI KACA LEMBARAN'),
(710, '23112', 'INDUSTRI KACA PENGAMAN'),
(711, '23119', 'INDUSTRI KACA LAINNYA'),
(712, '2312', 'INDUSTRI BARANG DARI KACA'),
(713, '23121', 'INDUSTRI PERLENGKAPAN DAN PERALATAN RUMAH TANGGA DARI KACA'),
(714, '23122', 'INDUSTRI ALAT-ALAT LABORATORIUM, FARMASI DAN KESEHATAN DARI KACA'),
(715, '23123', 'INDUSTRI KEMASAN DARI KACA'),
(716, '23129', 'INDUSTRI BARANG LAINNYA DARI KACA'),
(717, '239', 'INDUSTRI BARANG GALIAN BUKAN LOGAM LAINNYA'),
(718, '2391', 'INDUSTRI BARANG REFRAKTORI (TAHAN API)'),
(719, '23911', 'INDUSTRI BATA, MORTAR, SEMEN, DAN SEJENISNYA YANG TAHAN API'),
(720, '23919', 'INDUSTRI BARANG TAHAN API DARI TANAH LIAT/KERAMIK LAINNYA'),
(721, '2392', 'INDUSTRI BAHAN BANGUNAN DARI TANAH LIAT/KERAMIK'),
(722, '23921', 'INDUSTRI BATU BATA DARI TANAH LIAT/KERAMIK'),
(723, '23922', 'INDUSTRI GENTENG DARI TANAH LIAT/KERAMIK'),
(724, '23923', 'INDUSTRI PERALATAN SANITER DARI PORSELEN'),
(725, '23929', 'INDUSTRI BAHAN BANGUNAN DARI TANAH LIAT/KERAMIK BUKAN BATU BATA DAN GENTENG'),
(726, '2393', 'INDUSTRI BARANG TANAH LIAT/KERAMIK DAN PORSELEN BUKAN BAHAN BANGUNAN'),
(727, '23931', 'INDUSTRI PERLENGKAPAN RUMAH TANGGA DARI PORSELEN'),
(728, '23932', 'INDUSTRI PERLENGKAPAN RUMAH TANGGA DARI TANAH LIAT/KERAMIK'),
(729, '23933', 'INDUSTRI ALAT LABORATORIUM DAN ALAT LISTRIK/TEKNIK DARI PORSELEN'),
(730, '23939', 'INDUSTRI BARANG TANAH LIAT/KERAMIK DAN PORSELEN LAINNYA BUKAN BAHAN BANGUNAN'),
(731, '2394', 'INDUSTRI SEMEN, KAPUR DAN GIPS'),
(732, '23941', 'INDUSTRI SEMEN'),
(733, '23942', 'INDUSTRI KAPUR'),
(734, '23943', 'INDUSTRI GIPS'),
(735, '2395', 'INDUSTRI BARANG DARI SEMEN, KAPUR, GIPS DAN ASBES'),
(736, '23951', 'INDUSTRI BARANG DARI SEMEN'),
(737, '23952', 'INDUSTRI BARANG DARI KAPUR'),
(738, '23953', 'INDUSTRI BARANG DARI SEMEN DAN KAPUR UNTUK KONSTRUKSI'),
(739, '23954', 'INDUSTRI BARANG DARI GIPS UNTUK KONSTRUKSI'),
(740, '23955', 'INDUSTRI BARANG DARI ASBES UNTUK KEPERLUAN BAHAN BANGUNAN'),
(741, '23956', 'INDUSTRI BARANG DARI ASBES UNTUK KEPERLUAN INDUSTRI'),
(742, '23957', 'INDUSTRI MORTAR ATAU BETON SIAP PAKAI'),
(743, '23959', 'INDUSTRI BARANG DARI SEMEN, KAPUR, GIPS DAN ASBES LAINNYA'),
(744, '2396', 'INDUSTRI BARANG DARI BATU'),
(745, '23961', 'INDUSTRI BARANG DARI MARMER DAN GRANIT UNTUK KEPERLUAN RUMAH TANGGA DAN PAJANGAN'),
(746, '23962', 'INDUSTRI BARANG DARI MARMER DAN GRANIT UNTUK KEPERLUAN BAHAN BANGUNAN'),
(747, '23963', 'INDUSTRI BARANG DARI BATU UNTUK KEPERLUAN RUMAH TANGGA, PAJANGAN, DAN BAHAN BANGUNAN'),
(748, '23969', 'INDUSTRI BARANG DARI MARMER, GRANIT DAN BATU LAINNYA'),
(749, '2399', 'INDUSTRI BARANG GALIAN BUKAN LOGAM LAINNYA YTDL'),
(750, '23990', 'INDUSTRI BARANG GALIAN BUKAN LOGAM LAINNYA YTDL'),
(751, '24', 'INDUSTRI LOGAM DASAR'),
(752, '241', 'INDUSTRI LOGAM DASAR BESI DAN BAJA'),
(753, '2410', 'INDUSTRI LOGAM DASAR BESI DAN BAJA'),
(754, '24101', 'INDUSTRI BESI DAN BAJA DASAR (IRON AND STEEL MAKING)'),
(755, '24102', 'INDUSTRI PENGGILINGAN BAJA (STEEL ROLLING)'),
(756, '24103', 'INDUSTRI PIPA DAN SAMBUNGAN PIPA DARI BAJA DAN BESI'),
(757, '242', 'INDUSTRI LOGAM DASAR MULIA DAN LOGAM DASAR BUKAN BESI LAINNYA'),
(758, '2420', 'INDUSTRI LOGAM DASAR MULIA DAN LOGAM DASAR BUKAN BESI LAINNYA'),
(759, '24201', 'INDUSTRI PEMBUATAN LOGAM DASAR MULIA'),
(760, '24202', 'INDUSTRI PEMBUATAN LOGAM DASAR BUKAN BESI'),
(761, '24203', 'INDUSTRI PENGGILINGAN LOGAM BUKAN BESI'),
(762, '24204', 'INDUSTRI EKSTRUSI LOGAM BUKAN BESI'),
(763, '24205', 'INDUSTRI PIPA DAN SAMBUNGAN PIPA DARI LOGAM BUKAN BESI DAN BAJA'),
(764, '24206', 'INDUSTRI PENGOLAHAN URANIUM DAN BIJIH URANIUM'),
(765, '243', 'INDUSTRI PENGECORAN LOGAM'),
(766, '2431', 'INDUSTRI PENGECORAN BESI DAN BAJA'),
(767, '24310', 'INDUSTRI PENGECORAN BESI DAN BAJA'),
(768, '2432', 'INDUSTRI PENGECORAN LOGAM BUKAN BESI DAN BAJA'),
(769, '24320', 'INDUSTRI PENGECORAN LOGAM BUKAN BESI DAN BAJA'),
(770, '25', 'INDUSTRI BARANG LOGAM, BUKAN MESIN DAN PERALATANNYA'),
(771, '251', 'INDUSTRI BARANG LOGAM SIAP PASANG UNTUK BANGUNAN, TANGKI, TANDON AIR DAN  GENERATOR UAP'),
(772, '2511', 'INDUSTRI BARANG LOGAM SIAP PASANG UNTUK BANGUNAN'),
(773, '25111', 'INDUSTRI BARANG DARI LOGAM BUKAN ALUMINIUM SIAP PASANG UNTUK BANGUNAN'),
(774, '25112', 'INDUSTRI BARANG DARI LOGAM ALUMINIUM SIAP PASANG UNTUK BANGUNAN'),
(775, '25113', 'INDUSTRI KONSTRUKSI BERAT SIAP PASANG DARI BAJA UNTUK BANGUNAN'),
(776, '25119', 'INDUSTRI BARANG DARI LOGAM SIAP PASANG UNTUK KONSTRUKSI LAINNYA'),
(777, '2512', 'INDUSTRI TANGKI, TANDON AIR DAN WADAH DARI LOGAM'),
(778, '25120', 'INDUSTRI TANGKI, TANDON AIR DAN WADAH DARI LOGAM'),
(779, '2513', 'INDUSTRI GENERATOR UAP, BUKAN KETEL PEMANAS'),
(780, '25130', 'INDUSTRI GENERATOR UAP, BUKAN KETEL PEMANAS'),
(781, '252', 'INDUSTRI SENJATA DAN AMUNISI'),
(782, '2520', 'INDUSTRI SENJATA DAN AMUNISI'),
(783, '25200', 'INDUSTRI SENJATA DAN AMUNISI'),
(784, '259', 'INDUSTRI BARANG LOGAM LAINNYA DAN JASA PEMBUATAN BARANG LOGAM'),
(785, '2591', 'INDUSTRI PENEMPAAN, PENGEPRESAN, PENCETAKAN DAN PEMBENTUKAN LOGAM; METALURGI BUBUK'),
(786, '25910', 'INDUSTRI PENEMPAAN, PENGEPRESAN, PENCETAKAN DAN PEMBENTUKAN LOGAM; METALURGI BUBUK'),
(787, '2592', 'JASA INDUSTRI UNTUK BERBAGAI PENGERJAAN KHUSUS LOGAM DAN BARANG DARI LOGAM'),
(788, '25920', 'JASA INDUSTRI UNTUK BERBAGAI PENGERJAAN KHUSUS LOGAM DAN BARANG DARI LOGAM'),
(789, '2593', 'INDUSTRI ALAT POTONG, PERKAKAS TANGAN DAN PERALATAN UMUM'),
(790, '25931', 'INDUSTRI ALAT POTONG DAN PERKAKAS TANGAN UNTUK PERTANIAN'),
(791, '25932', 'INDUSTRI ALAT POTONG DAN PERKAKAS TANGAN PERTUKANGAN'),
(792, '25933', 'INDUSTRI ALAT POTONG DAN PERKAKAS TANGAN YANG DIGUNAKAN DALAM RUMAH TANGGA'),
(793, '25934', 'INDUSTRI PERALATAN UMUM'),
(794, '2594', 'INDUSTRI EMBER, KALENG, DRUM DAN WADAH SEJENIS DARI LOGAM'),
(795, '25940', 'INDUSTRI EMBER, KALENG, DRUM DAN WADAH SEJENIS DARI LOGAM'),
(796, '2595', 'INDUSTRI BARANG DARI KAWAT DAN PAKU, MUR DAN BAUT, BUKAN KABEL LOGAM'),
(797, '25951', 'INDUSTRI BARANG DARI KAWAT'),
(798, '25952', 'INDUSTRI PAKU, MUR DAN BAUT'),
(799, '2599', 'INDUSTRI BARANG LOGAM LAINNYA YTDL'),
(800, '25991', 'INDUSTRI BRANKAS, FILLING KANTOR DAN SEJENISNYA'),
(801, '25992', 'INDUSTRI PERALATAN DAPUR DAN PERALATAN MEJA DARI LOGAM'),
(802, '25993', 'INDUSTRI KEPERLUAN RUMAH TANGGA DARI LOGAM BUKAN PERALATAN DAPUR DAN PERALATAN MEJA'),
(803, '25994', 'INDUSTRI PEMBUATAN PROFIL'),
(804, '25995', 'INDUSTRI LAMPU DARI LOGAM'),
(805, '25999', 'INDUSTRI BARANG LOGAM LAINNYA YTDL'),
(806, '26', 'INDUSTRI KOMPUTER, BARANG ELEKTRONIK DAN OPTIK'),
(807, '261', 'INDUSTRI KOMPONEN DAN PAPAN ELEKTRONIK'),
(808, '2611', 'INDUSTRI TABUNG ELEKTRON DAN KONEKTOR ELEKTRONIK'),
(809, '26110', 'INDUSTRI TABUNG ELEKTRON DAN KONEKTOR ELEKTRONIK'),
(810, '2612', 'INDUSTRI SEMI KONDUKTOR DAN KOMPONEN ELEKTRONIK LAINNYA '),
(811, '26120', 'INDUSTRI SEMI KONDUKTOR DAN KOMPONEN ELEKTRONIK LAINNYA'),
(812, '262', 'INDUSTRI KOMPUTER DAN PERLENGKAPANNYA'),
(813, '2621', 'INDUSTRI  KOMPUTER DAN/ATAU PERAKITAN KOMPUTER'),
(814, '26210', 'INDUSTRI KOMPUTER DAN/ATAU PERAKITAN KOMPUTER'),
(815, '2622', 'INDUSTRI PERLENGKAPAN KOMPUTER'),
(816, '26220', 'INDUSTRI PERLENGKAPAN KOMPUTER'),
(817, '263', 'INDUSTRI PERALATAN KOMUNIKASI'),
(818, '2631', 'INDUSTRI PERALATAN TELEPON DAN FAKSIMILI'),
(819, '26310', 'INDUSTRI PERALATAN TELEPON DAN FAKSIMILI'),
(820, '2632', 'INDUSTRI PERALATAN KOMUNIKASI TANPA KABEL (WIRELESS)'),
(821, '26320', 'INDUSTRI PERALATAN KOMUNIKASI TANPA KABEL (WIRELESS)'),
(822, '2639', 'INDUSTRI PERALATAN KOMUNIKASI LAINNYA'),
(823, '26391', 'INDUSTRI KARTU CERDAS (SMART CARD)'),
(824, '26399', 'INDUSTRI PERALATAN KOMUNIKASI LAINNYA'),
(825, '264', 'INDUSTRI PERALATAN AUDIO DAN VIDEO ELEKTRONIK'),
(826, '2641', 'INDUSTRI TELEVISI DAN/ATAU PERAKITAN TELEVISI'),
(827, '26410', 'INDUSTRI TELEVISI DAN/ATAU PERAKITAN TELEVISI'),
(828, '2642', 'INDUSTRI PERALATAN PEREKAM, PENERIMA DAN PENGGANDA AUDIO DAN VIDEO, BUKAN INDUSTRI TELEVISI'),
(829, '26420', 'INDUSTRI PERALATAN PEREKAM, PENERIMA DAN PENGGANDA AUDIO DAN VIDEO, BUKAN INDUSTRI TELEVISI'),
(830, '2649', 'INDUSTRI PERALATAN AUDIO DAN VIDEO ELEKTRONIK LAINNYA'),
(831, '26490', 'INDUSTRI PERALATAN AUDIO DAN VIDEO ELEKTRONIK LAINNYA'),
(832, '265', 'INDUSTRI ALAT UKUR, ALAT UJI, PERALATAN NAVIGASI DAN KONTROL DAN ALAT UKUR WAKTU'),
(833, '2651', 'INDUSTRI ALAT UKUR, ALAT UJI, PERALATAN NAVIGASI DAN KONTROL'),
(834, '26511', 'INDUSTRI ALAT UKUR DAN ALAT UJI MANUAL'),
(835, '26512', 'INDUSTRI ALAT UKUR DAN ALAT UJI ELEKTRIK'),
(836, '26513', 'INDUSTRI ALAT UKUR DAN ALAT UJI ELEKTRONIK'),
(837, '26514', 'INDUSTRI ALAT UJI DALAM PROSES INDUSTRI'),
(838, '2652', 'INDUSTRI ALAT UKUR WAKTU'),
(839, '26520', 'INDUSTRI ALAT UKUR WAKTU'),
(840, '266', 'INDUSTRI PERALATAN IRADIASI, ELEKTROMEDIKAL DAN ELEKTROTERAPI'),
(841, '2660', 'INDUSTRI PERALATAN IRADIASI, ELEKTROMEDIKAL DAN ELEKTROTERAPI'),
(842, '26601', 'INDUSTRI PERALATAN IRADIASI/SINAR X, PERLENGKAPAN DAN SEJENISNYA'),
(843, '26602', 'INDUSTRI PERALATAN ELEKTROMEDIKAL DAN ELEKTROTERAPI'),
(844, '267', 'INDUSTRI PERALATAN FOTOGRAFI DAN INSTRUMEN OPTIK BUKAN KACA MATA'),
(845, '2671', 'INDUSTRI PERALATAN FOTOGRAFI'),
(846, '26710', 'INDUSTRI PERALATAN FOTOGRAFI'),
(847, '2679', 'INDUSTRI PERALATAN FOTOGRAFI DAN INSTRUMEN OPTIK LAINNYA '),
(848, '26791', 'INDUSTRI KAMERA CINEMATOGRAFI PROYEKTOR DAN PERLENGKAPANNYA'),
(849, '26792', 'INDUSTRI TEROPONG DAN INSTRUMEN OPTIK BUKAN KACA MATA'),
(850, '268', 'INDUSTRI MEDIA MAGNETIK DAN MEDIA OPTIK'),
(851, '2680', 'INDUSTRI MEDIA MAGNETIK DAN MEDIA OPTIK '),
(852, '26800', 'INDUSTRI MEDIA MAGNETIK DAN MEDIA OPTIK'),
(853, '27', 'INDUSTRI PERALATAN LISTRIK'),
(854, '271', 'INDUSTRI MOTOR LISTRIK, GENERATOR, TRANSFORMATOR DAN PERALATAN PENGONTROL DAN PENDISTRIBUSIAN LISTRIK'),
(855, '2711', 'INDUSTRI MOTOR LISTRIK, GENERATOR DAN TRANSFORMATOR'),
(856, '27111', 'INDUSTRI MOTOR LISTRIK'),
(857, '27112', 'INDUSTRI MESIN PEMBANGKIT LISTRIK'),
(858, '27113', 'INDUSTRI PENGUBAH TEGANGAN (TRANSFORMATOR), PENGUBAH ARUS (RECTIFIER) DAN PENGONTROL TEGANGAN (VOLTAGE STABILIZER)'),
(859, '2712', 'INDUSTRI PERALATAN PENGONTROL DAN PENDISTRIBUSIAN LISTRIK'),
(860, '27120', 'INDUSTRI PERALATAN PENGONTROL DAN PENDISTRIBUSIAN LISTRIK'),
(861, '272', 'INDUSTRI BATU BATERAI DAN AKUMULATOR LISTRIK'),
(862, '2720', 'INDUSTRI BATU BATERAI DAN AKUMULATOR LISTRIK'),
(863, '27201', 'INDUSTRI BATU BATERAI'),
(864, '27202', 'INDUSTRI AKUMULATOR LISTRIK'),
(865, '273', 'INDUSTRI KABEL DAN PERLENGKAPANNYA'),
(866, '2731', 'INDUSTRI KABEL SERAT OPTIK'),
(867, '27310', 'INDUSTRI KABEL SERAT OPTIK'),
(868, '2732', 'INDUSTRI KABEL LISTRIK DAN ELEKTRONIK LAINNYA'),
(869, '27320', 'INDUSTRI KABEL LISTRIK DAN ELEKTRONIK LAINNYA'),
(870, '2733', 'INDUSTRI PERLENGKAPAN KABEL'),
(871, '27330', 'INDUSTRI PERLENGKAPAN KABEL'),
(872, '274', 'INDUSTRI PERALATAN PENERANGAN LISTRIK (TERMASUK PERALATAN PENERANGAN BUKAN LISTRIK)'),
(873, '2740', 'INDUSTRI PERALATAN PENERANGAN LISTRIK (TERMASUK PERALATAN PENERANGAN BUKAN LISTRIK)'),
(874, '27401', 'INDUSTRI BOLA LAMPU PIJAR, LAMPU PENERANGAN TERPUSAT DAN LAMPU ULTRA VIOLET'),
(875, '27402', 'INDUSTRI LAMPU TABUNG GAS (LAMPU PEMBUANG LISTRIK)'),
(876, '27403', 'INDUSTRI PERALATAN PENERANGAN UNTUK ALAT TRANSPORTASI'),
(877, '27404', 'INDUSTRI LAMPU LED'),
(878, '27409', 'INDUSTRI PERALATAN PENERANGAN LAINNYA');
INSERT INTO `drt_m_klbi` (`id`, `kode`, `description`) VALUES
(879, '275', 'INDUSTRI PERALATAN RUMAH TANGGA'),
(880, '2751', 'INDUSTRI PERALATAN LISTRIK RUMAH TANGGA'),
(881, '27510', 'INDUSTRI PERALATAN LISTRIK RUMAH TANGGA'),
(882, '2752', 'INDUSTRI PERALATAN ELEKTROTERMAL RUMAH TANGGA'),
(883, '27520', 'INDUSTRI PERALATAN ELEKTROTERMAL RUMAH TANGGA'),
(884, '2753', 'INDUSTRI PERALATAN PEMANAS DAN MASAK BUKAN LISTRIK RUMAH TANGGA'),
(885, '27530', 'INDUSTRI PERALATAN PEMANAS DAN MASAK BUKAN LISTRIK RUMAH TANGGA'),
(886, '279', 'INDUSTRI PERALATAN LISTRIK LAINNYA'),
(887, '2790', 'INDUSTRI PERALATAN LISTRIK LAINNYA '),
(888, '27900', 'INDUSTRI PERALATAN LISTRIK LAINNYA'),
(889, '28', 'INDUSTRI MESIN DAN PERLENGKAPAN YTDL'),
(890, '281', 'INDUSTRI MESIN UNTUK KEPERLUAN UMUM'),
(891, '2811', 'INDUSTRI MESIN DAN TURBIN, BUKAN MESIN PESAWAT TERBANG DAN KENDARAAN BERMOTOR'),
(892, '28111', 'INDUSTRI MESIN UAP, TURBIN DAN KINCIR'),
(893, '28112', 'INDUSTRI MOTOR PEMBAKARAN DALAM'),
(894, '28113', 'INDUSTRI KOMPONEN DAN SUKU CADANG MESIN DAN TURBIN'),
(895, '2812', 'INDUSTRI PERALATAN TENAGA ZAT CAIR DAN GAS'),
(896, '28120', 'INDUSTRI PERALATAN TENAGA ZAT CAIR DAN GAS'),
(897, '2813', 'INDUSTRI POMPA LAINNYA, KOMPRESOR, KRAN DAN KLEP/KATUP'),
(898, '28130', 'INDUSTRI POMPA LAINNYA, KOMPRESOR, KRAN DAN KLEP/KATUP'),
(899, '2814', 'INDUSTRI BEARING, RODA GIGI DAN ELEMEN PENGGERAK MESIN'),
(900, '28140', 'INDUSTRI BEARING, RODA GIGI DAN ELEMEN PENGGERAK MESIN'),
(901, '2815', 'INDUSTRI OVEN, PERAPIAN DAN TUNGKU PEMBAKAR '),
(902, '28151', 'INDUSTRI OVEN, PERAPIAN DAN TUNGKU PEMBAKAR SEJENIS YANG TIDAK MENGGUNAKAN ARUS LISTRIK'),
(903, '28152', 'INDUSTRI OVEN, PERAPIAN DAN TUNGKU PEMBAKAR SEJENIS YANG MENGGUNAKAN ARUS LISTRIK'),
(904, '2816', 'INDUSTRI ALAT PENGANGKAT DAN PEMINDAH'),
(905, '28160', 'INDUSTRI ALAT PENGANGKAT DAN PEMINDAH'),
(906, '2817', 'INDUSTRI MESIN DAN PERALATAN KANTOR (BUKAN KOMPUTER DAN PERALATAN PERLENGKAPANNYA)'),
(907, '28171', 'INDUSTRI MESIN KANTOR DAN AKUNTANSI MANUAL'),
(908, '28172', 'INDUSTRI MESIN KANTOR DAN AKUNTANSI ELEKTRIK'),
(909, '28173', 'INDUSTRI MESIN KANTOR DAN AKUNTANSI ELEKTRONIK'),
(910, '28174', 'INDUSTRI MESIN FOTOCOPI'),
(911, '28179', 'INDUSTRI MESIN DAN PERALATAN KANTOR LAINNYA'),
(912, '2818', 'INDUSTRI PERKAKAS TANGAN YANG DIGERAKKAN TENAGA'),
(913, '28180', 'INDUSTRI PERKAKAS TANGAN YANG DIGERAKKAN TENAGA'),
(914, '2819', 'INDUSTRI MESIN UNTUK KEPERLUAN UMUM LAINNYA'),
(915, '28191', 'INDUSTRI MESIN UNTUK PEMBUNGKUS, PEMBOTOLAN DAN PENGALENGAN'),
(916, '28192', 'INDUSTRI MESIN TIMBANGAN'),
(917, '28193', 'INDUSTRI MESIN PENDINGIN'),
(918, '28199', 'INDUSTRI MESIN UNTUK KEPERLUAN UMUM LAINNYA YTDL'),
(919, '282', 'INDUSTRI MESIN UNTUK KEPERLUAN KHUSUS'),
(920, '2821', 'INDUSTRI MESIN PERTANIAN DAN KEHUTANAN '),
(921, '28210', 'INDUSTRI MESIN PERTANIAN DAN KEHUTANAN'),
(922, '2822', 'INDUSTRI MESIN DAN PERKAKAS MESIN UNTUK PENGERJAAN LOGAM, KAYU DAN BAHAN LAINNYA'),
(923, '28221', 'INDUSTRI MESIN DAN PERKAKAS MESIN UNTUK PENGERJAAN LOGAM'),
(924, '28222', 'INDUSTRI MESIN DAN PERKAKAS MESIN UNTUK PENGERJAAN KAYU'),
(925, '28223', 'INDUSTRI MESIN DAN PERKAKAS MESIN UNTUK PENGERJAAN BAHAN BUKAN LOGAM DAN KAYU'),
(926, '28224', 'INDUSTRI MESIN DAN PERKAKAS MESIN UNTUK PENGELASAN YANG MENGGUNAKAN ARUS LISTRIK'),
(927, '2823', 'INDUSTRI MESIN METALURGI'),
(928, '28230', 'INDUSTRI MESIN METALURGI'),
(929, '2824', 'INDUSTRI MESIN PENAMBANGAN, PENGGALIAN DAN KONSTRUKSI'),
(930, '28240', 'INDUSTRI MESIN PENAMBANGAN, PENGGALIAN DAN KONSTRUKSI'),
(931, '2825', 'INDUSTRI MESIN PENGOLAHAN MAKANAN, MINUMAN DAN TEMBAKAU '),
(932, '28250', 'INDUSTRI MESIN PENGOLAHAN MAKANAN, MINUMAN DAN TEMBAKAU'),
(933, '2826', 'INDUSTRI MESIN TEKSTIL, PAKAIAN JADI DAN PRODUK KULIT'),
(934, '28261', 'INDUSTRI KABINET MESIN JAHIT'),
(935, '28262', 'INDUSTRI MESIN JAHIT SERTA MESIN CUCI DAN MESIN PENGERING UNTUK KEPERLUAN NIAGA'),
(936, '28263', 'INDUSTRI MESIN TEKSTIL'),
(937, '28264', 'INDUSTRI JARUM MESIN JAHIT, RAJUT, BORDIR DAN SEJENISNYA'),
(938, '28265', 'INDUSTRI MESIN PENYIAPAN DAN PEMBUATAN PRODUK KULIT'),
(939, '2829', 'INDUSTRI MESIN KEPERLUAN KHUSUS LAINNYA  '),
(940, '28291', 'INDUSTRI MESIN PERCETAKAN'),
(941, '28292', 'INDUSTRI MESIN PABRIK KERTAS'),
(942, '28299', 'INDUSTRI MESIN KEPERLUAN KHUSUS LAINNYA'),
(943, '29', 'INDUSTRI KENDARAAN BERMOTOR, TRAILER DAN SEMI TRAILER'),
(944, '291', 'INDUSTRI KENDARAAN BERMOTOR RODA EMPAT ATAU LEBIH'),
(945, '2910', 'INDUSTRI KENDARAAN BERMOTOR RODA EMPAT ATAU LEBIH'),
(946, '29100', 'INDUSTRI KENDARAAN BERMOTOR RODA EMPAT ATAU LEBIH'),
(947, '292', 'INDUSTRI KAROSERI KENDARAAN BERMOTOR RODA EMPAT ATAU LEBIH DAN INDUSTRI TRAILER DAN SEMI TRAILER'),
(948, '2920', 'INDUSTRI KAROSERI KENDARAAN BERMOTOR RODA EMPAT ATAU LEBIH DAN INDUSTRI TRAILER DAN SEMI TRAILER'),
(949, '29200', 'INDUSTRI KAROSERI KENDARAAN BERMOTOR RODA EMPAT ATAU LEBIH DAN INDUSTRI TRAILER DAN SEMI '),
(950, '293', 'INDUSTRI SUKU CADANG DAN AKSESORI KENDARAAN BERMOTOR RODA EMPAT ATAU LEBIH'),
(951, '2930', 'INDUSTRI SUKU CADANG DAN AKSESORI KENDARAAN BERMOTOR RODA EMPAT ATAU LEBIH '),
(952, '29300', 'INDUSTRI SUKU CADANG DAN AKSESORI KENDARAAN BERMOTOR RODA EMPAT ATAU LEBIH'),
(953, '30', 'INDUSTRI ALAT ANGKUTAN LAINNYA'),
(954, '301', 'INDUSTRI PEMBUATAN KAPAL DAN PERAHU'),
(955, '3011', 'INDUSTRI PEMBUATAN KAPAL, PERAHU DAN STRUKTUR BANGUNAN TERAPUNG '),
(956, '30111', 'INDUSTRI KAPAL DAN PERAHU'),
(957, '30112', 'INDUSTRI BANGUNAN LEPAS PANTAI DAN BANGUNAN TERAPUNG'),
(958, '30113', 'INDUSTRI PERALATAN, PERLENGKAPAN DAN BAGIAN KAPAL'),
(959, '3012', 'INDUSTRI PEMBUATAN KAPAL DAN PERAHU UNTUK TUJUAN WISATA ATAU REKREASI DAN OLAHRAGA'),
(960, '30120', 'INDUSTRI PEMBUATAN KAPAL DAN PERAHU UNTUK TUJUAN WISATA ATAU REKREASI DAN OLAHRAGA'),
(961, '302', 'INDUSTRI LOKOMOTIF DAN GERBONG KERETA'),
(962, '3020', 'INDUSTRI LOKOMOTIF DAN GERBONG KERETA'),
(963, '30200', 'INDUSTRI LOKOMOTIF DAN GERBONG KERETA'),
(964, '303', 'INDUSTRI PESAWAT TERBANG DAN PERLENGKAPANNYA'),
(965, '3030', 'INDUSTRI PESAWAT TERBANG DAN PERLENGKAPANNYA'),
(966, '30300', 'INDUSTRI PESAWAT TERBANG DAN PERLENGKAPANNYA'),
(967, '304', 'INDUSTRI KENDARAAN PERANG'),
(968, '3040', 'INDUSTRI KENDARAAN PERANG'),
(969, '30400', 'INDUSTRI KENDARAAN PERANG'),
(970, '309', 'INDUSTRI ALAT ANGKUTAN LAINNYA YTDL'),
(971, '3091', 'INDUSTRI SEPEDA MOTOR'),
(972, '30911', 'INDUSTRI SEPEDA MOTOR RODA DUA DAN TIGA'),
(973, '30912', 'INDUSTRI KOMPONEN DAN PERLENGKAPAN SEPEDA MOTOR RODA DUA DAN TIGA'),
(974, '3092', 'INDUSTRI SEPEDA DAN KURSI RODA'),
(975, '30921', 'INDUSTRI SEPEDA DAN KURSI RODA TERMASUK BECAK'),
(976, '30922', 'INDUSTRI PERLENGKAPAN SEPEDA DAN KURSI RODA TERMASUK BECAK'),
(977, '3099', 'INDUSTRI ALAT ANGKUTAN LAINNYA YTDL'),
(978, '30990', 'INDUSTRI ALAT ANGKUTAN LAINNYA YTDL'),
(979, '31', 'INDUSTRI FURNITUR'),
(980, '310', 'INDUSTRI FURNITUR'),
(981, '3100', 'INDUSTRI FURNITUR '),
(982, '31001', 'INDUSTRI FURNITUR DARI KAYU'),
(983, '31002', 'INDUSTRI FURNITUR DARI ROTAN DAN ATAU BAMBU'),
(984, '31003', 'INDUSTRI FURNITUR DARI PLASTIK'),
(985, '31004', 'INDUSTRI FURNITUR DARI LOGAM'),
(986, '31009', 'INDUSTRI FURNITUR LAINNYA'),
(987, '32', 'INDUSTRI PENGOLAHAN LAINNYA'),
(988, '321', 'INDUSTRI BARANG PERHIASAN DAN BARANG BERHARGA'),
(989, '3211', 'INDUSTRI PERHIASAN DAN BARANG SEJENIS'),
(990, '32111', 'INDUSTRI PERMATA'),
(991, '32112', 'INDUSTRI BARANG PERHIASAN DARI LOGAM MULIA UNTUK KEPERLUAN PRIBADI'),
(992, '32113', 'INDUSTRI BARANG PERHIASAN DARI LOGAM MULIA BUKAN UNTUK KEPERLUAN PRIBADI'),
(993, '32114', 'INDUSTRI BARANG DARI LOGAM MULIA UNTUK KEPERLUAN TEKNIK DAN ATAU LABORATORIUM'),
(994, '32115', 'INDUSTRI PERHIASAN MUTIARA'),
(995, '32119', 'INDUSTRI BARANG LAINNYA DARI LOGAM MULIA'),
(996, '3212', 'INDUSTRI PERHIASAN IMITASI DAN BARANG SEJENIS'),
(997, '32120', 'INDUSTRI PERHIASAN IMITASI DAN BARANG SEJENIS'),
(998, '322', 'INDUSTRI ALAT MUSIK'),
(999, '3220', 'INDUSTRI ALAT MUSIK'),
(1000, '32201', 'INDUSTRI ALAT MUSIK TRADISIONAL'),
(1001, '32202', 'INDUSTRI ALAT MUSIK BUKAN TRADISIONAL'),
(1002, '323', 'INDUSTRI ALAT OLAHRAGA'),
(1003, '3230', 'INDUSTRI ALAT OLAHRAGA'),
(1004, '32300', 'INDUSTRI ALAT OLAHRAGA'),
(1005, '324', 'INDUSTRI ALAT PERMAINAN DAN MAINAN ANAK-ANAK'),
(1006, '3240', 'INDUSTRI ALAT PERMAINAN DAN MAINAN ANAK-ANAK'),
(1007, '32401', 'INDUSTRI ALAT PERMAINAN'),
(1008, '32402', 'INDUSTRI MAINAN ANAK-ANAK'),
(1009, '325', 'INDUSTRI PERALATAN KEDOKTERAN DAN KEDOKTERAN GIGI SERTA PERLENGKAPANNYA'),
(1010, '3250', 'INDUSTRI PERALATAN KEDOKTERAN DAN KEDOKTERAN GIGI SERTA PERLENGKAPANNYA'),
(1011, '32501', 'INDUSTRI FURNITUR UNTUK OPERASI, PERAWATAN KEDOKTERAN DAN KEDOKTERAN GIGI'),
(1012, '32502', 'INDUSTRI PERALATAN KEDOKTERAN DAN KEDOKTERAN GIGI, PERLENGKAPAN ORTHOPAEDIC DAN PROSTHETIC'),
(1013, '32503', 'INDUSTRI KACA MATA'),
(1014, '32509', 'INDUSTRI PERALATAN KEDOKTERAN DAN KEDOKTERAN GIGI SERTA PERLENGKAPAN LAINNYA'),
(1015, '329', 'INDUSTRI PENGOLAHAN LAINNYA YTDL'),
(1016, '3290', 'INDUSTRI PENGOLAHAN LAINNYA YTDL'),
(1017, '32901', 'INDUSTRI ALAT TULIS DAN GAMBAR TERMASUK PERLENGKAPANNYA'),
(1018, '32902', 'INDUSTRI PITA MESIN TULIS/GAMBAR'),
(1019, '32903', 'INDUSTRI KERAJINAN YTDL'),
(1020, '32904', 'INDUSTRI PERALATAN UNTUK PELINDUNG KESELAMATAN'),
(1021, '32905', 'INDUSTRI SERAT SABUT KELAPA'),
(1022, '32909', 'INDUSTRI PENGOLAHAN LAINNYA YTDL'),
(1023, '33', 'REPARASI DAN PEMASANGAN MESIN DAN PERALATAN'),
(1024, '331', 'REPARASI PRODUK LOGAM PABRIKASI, MESIN DAN PERALATAN'),
(1025, '3311', 'REPARASI PRODUK LOGAM PABRIKASI'),
(1026, '33111', 'REPARASI PRODUK LOGAM SIAP PASANG UNTUK BANGUNAN, TANGKI, TANDON AIR DAN GENERATOR UAP'),
(1027, '33112', 'REPARASI PRODUK SENJATA DAN AMUNISI'),
(1028, '33119', 'REPARASI PRODUK LOGAM PABRIKASI LAINNYA'),
(1029, '3312', 'REPARASI MESIN '),
(1030, '33121', 'REPARASI MESIN UNTUK KEPERLUAN UMUM'),
(1031, '33122', 'REPARASI MESIN UNTUK KEPERLUAN KHUSUS'),
(1032, '3313', 'REPARASI PERALATAN ELEKTRONIK DAN OPTIK '),
(1033, '33131', 'REPARASI ALAT UKUR, ALAT UJI DAN PERALATAN NAVIGASI DAN PENGONTROL'),
(1034, '33132', 'REPARASI PERALATAN IRRADIASI, ELEKTROMEDIS DAN ELEKTROTHERAPI'),
(1035, '33133', 'REPARASI PERALATAN FOTOGRAFI DAN OPTIK'),
(1036, '3314', 'REPARASI PERALATAN LISTRIK'),
(1037, '33141', 'REPARASI MOTOR LISTRIK, GENERATOR DAN TRANSFORMATOR'),
(1038, '33142', 'REPARASI BATERAI DAN AKUMULATOR LISTRIK'),
(1039, '33149', 'REPARASI PERALATAN LISTRIK LAINNYA'),
(1040, '3315', 'REPARASI ALAT ANGKUTAN, BUKAN KENDARAAN BERMOTOR'),
(1041, '33151', 'REPARASI KAPAL, PERAHU DAN BANGUNAN TERAPUNG'),
(1042, '33152', 'REPARASI LOKOMOTIF DAN GERBONG KERETA'),
(1043, '33153', 'REPARASI PESAWAT TERBANG'),
(1044, '33159', 'REPARASI ALAT ANGKUTAN LAINNYA, BUKAN KENDARAAN BERMOTOR'),
(1045, '3319', 'REPARASI PERALATAN LAINNYA'),
(1046, '33190', 'REPARASI PERALATAN LAINNYA'),
(1047, '332', 'INSTALASI/PEMASANGAN MESIN DAN PERALATAN INDUSTRI'),
(1048, '3320', 'INSTALASI/PEMASANGAN MESIN DAN PERALATAN INDUSTRI'),
(1049, '33200', 'INSTALASI/PEMASANGAN MESIN DAN PERALATAN INDUSTRI'),
(1050, 'D', 'PENGADAAN LISTRIK, GAS, UAP/AIR PANAS DAN UDARA DINGIN'),
(1051, '35', 'PENGADAAN LISTRIK, GAS, UAP/AIR PANAS DAN UDARA DINGIN'),
(1052, '351', 'KETENAGALISTRIKAN'),
(1053, '3510', 'KETENAGALISTRIKAN'),
(1054, '35101', 'PEMBANGKITAN TENAGA LISTRIK'),
(1055, '35102', 'TRANSMISI TENAGA LISTRIK'),
(1056, '35103', 'DISTRIBUSI TENAGA LISTRIK'),
(1057, '35104', 'AKTIVITAS PENUNJANG KELISTRIKAN'),
(1058, '352', 'PENGADAAN DAN DISTRIBUSI GAS ALAM DAN BUATAN'),
(1059, '3520', 'PENGADAAN DAN DISTRIBUSI GAS ALAM DAN BUATAN'),
(1060, '35201', 'PENGADAAN GAS ALAM DAN BUATAN'),
(1061, '35202', 'DISTRIBUSI GAS ALAM DAN BUATAN'),
(1062, '35203', 'PENGADAAN GAS BIO'),
(1063, '353', 'PENGADAAN UAP/AIR PANAS, UDARA DINGIN DAN PRODUKSI ES'),
(1064, '3530', 'PENGADAAN UAP/AIR PANAS, UDARA DINGIN DAN PRODUKSI ES'),
(1065, '35301', 'PENGADAAN UAP/AIR PANAS 35301 DAN UDARA DINGIN'),
(1066, '35302', 'PRODUKSI ES'),
(1067, 'E', 'PENGELOLAAN AIR, PENGELOLAAN AIR LIMBAH, PENGELOLAAN DAN DAUR ULANG SAMPAH, DAN AKTIVITAS REMEDIASI'),
(1068, '36', 'PENGELOLAAN AIR'),
(1069, '360', 'PENGELOLAAN AIR'),
(1070, '3600', 'PENGELOLAAN AIR'),
(1071, '36001', 'PENAMPUNGAN, PENJERNIHAN DAN PENYALURAN AIR MINUM'),
(1072, '36002', 'PENAMPUNGAN DAN PENYALURAN AIR BAKU'),
(1073, '36003', 'AKTIVITAS PENUNJANG PENGELOLAAN AIR'),
(1074, '37', 'PENGELOLAAN AIR LIMBAH'),
(1075, '370', 'PENGELOLAAN AIR LIMBAH'),
(1076, '3701', 'PENGUMPULAN AIR LIMBAH'),
(1077, '37011', 'PENGUMPULAN AIR LIMBAH TIDAK BERBAHAYA'),
(1078, '37012', 'PENGUMPULAN AIR LIMBAH BERBAHAYA'),
(1079, '3702', 'PENGELOLAAN DAN PEMBUANGAN AIR LIMBAH'),
(1080, '37021', 'PENGELOLAAN DAN PEMBUANGAN AIR LIMBAH TIDAK BERBAHAYA'),
(1081, '37022', 'PENGELOLAAN DAN PEMBUANGAN AIR LIMBAH BERBAHAYA'),
(1082, '38', 'PENGELOLAAN DAN DAUR ULANG SAMPAH'),
(1083, '381', 'PENGUMPULAN SAMPAH'),
(1084, '3811', 'PENGUMPULAN SAMPAH TIDAK BERBAHAYA'),
(1085, '38110 ', 'PENGUMPULAN SAMPAH TIDAK BERBAHAYA'),
(1086, '3812', 'PENGUMPULAN SAMPAH BERBAHAYA'),
(1087, '38120', 'PENGUMPULAN SAMPAH BERBAHAYA'),
(1088, '382', 'PENGELOLAAN DAN PEMBUANGAN SAMPAH'),
(1089, '3821', 'PENGELOLAAN DAN PEMBUANGAN SAMPAH TIDAK BERBAHAYA'),
(1090, '38211', 'PENGELOLAAN DAN PEMBUANGAN SAMPAH TIDAK BERBAHAYA'),
(1091, '38212', 'PRODUKSI KOMPOS SAMPAH ORGANIK'),
(1092, '3822', 'PENGELOLAAN DAN PEMBUANGAN SAMPAH BERBAHAYA'),
(1093, '38220 ', 'PENGELOLAAN DAN PEMBUANGAN SAMPAH BERBAHAYA'),
(1094, '383', 'DAUR ULANG'),
(1095, '3830', 'DAUR ULANG'),
(1096, '38301', 'DAUR ULANG BARANG LOGAM'),
(1097, '38302', 'DAUR ULANG BARANG BUKAN LOGAM'),
(1098, '39', 'AKTIVITAS REMEDIASI DAN PENGELOLAAN SAMPAH LAINNYA'),
(1099, '390', 'AKTIVITAS REMEDIASI DAN PENGELOLAAN SAMPAH LAINNYA'),
(1100, '3900', 'AKTIVITAS REMEDIASI DAN PENGELOLAAN SAMPAH LAINNYA'),
(1101, '39000 ', 'AKTIVITAS REMEDIASI DAN PENGELOLAAN SAMPAH LAINNYA'),
(1102, 'F', 'KONSTRUKSI'),
(1103, '41', 'KONSTRUKSI GEDUNG'),
(1104, '410', 'KONSTRUKSI GEDUNG'),
(1105, '4101', 'KONSTRUKSI GEDUNG'),
(1106, '41011', 'KONSTRUKSI GEDUNG TEMPAT TINGGAL'),
(1107, '41012', 'KONSTRUKSI GEDUNG PERKANTORAN'),
(1108, '41013', 'KONSTRUKSI GEDUNG INDUSTRI'),
(1109, '41014', 'KONSTRUKSI GEDUNG PERBELANJAAN'),
(1110, '41015', 'KONSTRUKSI GEDUNG KESEHATAN'),
(1111, '41016', 'KONSTRUKSI GEDUNG PENDIDIKAN'),
(1112, '41017', 'KONSTRUKSI GEDUNG PENGINAPAN'),
(1113, '41018', 'KONSTRUKSI GEDUNG TEMPAT HIBURAN DAN OLAHRAGA'),
(1114, '41019', 'KONSTRUKSI GEDUNG LAINNYA'),
(1115, '4102', 'PEMASANGAN BANGUNAN PRAFABRIKASI UNTUK GEDUNG'),
(1116, '41020', 'PEMASANGAN BANGUNAN PRAFABRIKASI UNTUK GEDUNG'),
(1117, '42', 'KONSTRUKSI BANGUNAN SIPIL'),
(1118, '421', 'KONSTRUKSI JALAN DAN JALAN REL'),
(1119, '4211', 'KONSTRUKSI JALAN DAN JALAN REL'),
(1120, '42111', 'KONSTRUKSI JALAN RAYA'),
(1121, '42112', 'KONSTRUKSI JEMBATAN DAN JALAN LAYANG'),
(1122, '42113', 'KONSTRUKSI LANDASAN PACU PESAWAT TERBANG'),
(1123, '42114', 'KONSTRUKSI JALAN REL DAN JEMBATAN REL'),
(1124, '42115', 'KONSTRUKSI TEROWONGAN'),
(1125, '4212', 'PEMASANGAN BANGUNAN PRAFABRIKASI UNTUK KONSTRUKSI JALAN DAN JALAN REL'),
(1126, '42120', 'PEMASANGAN BANGUNAN PRAFABRIKASI UNTUK KONSTRUKSI JALAN DAN JALAN REL'),
(1127, '422', 'KONSTRUKSI JARINGAN IRIGASI, KOMUNIKASI DAN LIMBAH'),
(1128, '4221', 'KONSTRUKSI JARINGAN IRIGASI, KOMUNIKASI DAN LIMBAH'),
(1129, '42211', 'KONSTRUKSI JARINGAN IRIGASI'),
(1130, '42212', 'KONSTRUKSI BANGUNAN PENGOLAHAN, PENYALURAN DAN PENAMPUNGAN AIR MINUM, AIR LIMBAH DAN DRAINASE'),
(1131, '42213', 'KONSTRUKSI BANGUNAN ELEKTRIKAL'),
(1132, '42214', 'KONSTRUKSI TELEKOMUNIKASI SARANA BANTU NAVIGASI LAUT DAN RAMBU SUNGAI'),
(1133, '42215', 'KONSTRUKSI TELEKOMUNIKASI NAVIGASI UDARA'),
(1134, '42216', 'KONSTRUKSI SINYAL DAN TELEKOMUNIKASI KERETA API'),
(1135, '42217', 'KONSTRUKSI SENTRAL TELEKOMUNIKASI'),
(1136, '42218', 'PEMBUATAN/PENGEBORAN SUMUR AIR TANAH'),
(1137, '42219', 'KONSTRUKSI JARINGAN ELEKTRIKAL DAN TELEKOMUNIKASI LAINNYA'),
(1138, '4222', 'PEMASANGAN BANGUNAN  PRAFABRIKASI UNTUK KONSTRUKSI JARINGAN SALURAN IRIGASI, KOMUNIKASI DAN LIMBAH'),
(1139, '42220', 'PEMASANGAN BANGUNAN  PRAFABRIKASI UNTUK KONSTRUKSI JARINGAN SALURAN IRIGASI, KOMUNIKASI DAN LIMBAH'),
(1140, '429', 'KONSTRUKSI BANGUNAN SIPIL LAINNYA'),
(1141, '4291', 'KONSTRUKSI BANGUNAN SIPIL LAINNYA'),
(1142, '42911', 'KONSTRUKSI BANGUNAN PRASARANA SUMBER DAYA AIR'),
(1143, '42912', 'KONSTRUKSI BANGUNAN PELABUHAN BUKAN PERIKANAN'),
(1144, '42913', 'KONSTRUKSI BANGUNAN PELABUHAN PERIKANAN'),
(1145, '42914', 'KONSTRUKSI BANGUNAN PENGOLAHAN DAN PENAMPUNGAN BARANG MINYAK DAN GAS '),
(1146, '42915', 'PENGERUKAN'),
(1147, '42919', 'KONSTRUKSI BANGUNAN SIPIL LAINNYA YTDL'),
(1148, '4292', 'PEMASANGAN BANGUNAN PRAFABRIKASI UNTUK KONSTRUKSI BANGUNAN SIPIL LAINNYA'),
(1149, '42920', 'PEMASANGAN BANGUNAN PRAFABRIKASI UNTUK KONSTRUKSI BANGUNAN SIPIL LAINNYA'),
(1150, '43', 'KONSTRUKSI KHUSUS'),
(1151, '431', 'PEMBONGKARAN DAN PENYIAPAN LAHAN'),
(1152, '4311', 'PEMBONGKARAN'),
(1153, '43110', 'PEMBONGKARAN'),
(1154, '4312', 'PENYIAPAN LAHAN'),
(1155, '43120', 'PENYIAPAN LAHAN'),
(1156, '432', 'INSTALASI SISTEM KELISTRIKAN, AIR (PIPA) DAN INSTALASI KONSTRUKSI LAINNYA'),
(1157, '4321', 'INSTALASI SISTEM KELISTRIKAN'),
(1158, '43211', 'INSTALASI LISTRIK'),
(1159, '43212', 'INSTALASI TELEKOMUNIKASI'),
(1160, '43213', 'INSTALASI NAVIGASI LAUT DAN SUNGAI'),
(1161, '43214', 'INSTALASI NAVIGASI UDARA'),
(1162, '43215', 'INSTALASI SINYAL DAN TELEKOMUNIKASI KERETA API'),
(1163, '43216', 'INSTALASI SINYAL DAN RAMBU-RAMBU JALAN RAYA'),
(1164, '43217', 'INSTALASI ELEKTRONIKA'),
(1165, '4322', 'INSTALASI SALURAN AIR (PLAMBING), PEMANAS DAN PENDINGIN '),
(1166, '43221', 'INSTALASI SALURAN AIR (PLAMBING)'),
(1167, '43222', 'INSTALASI PEMANAS DAN GEOTERMAL'),
(1168, '43223', 'INSTALASI MINYAK DAN GAS'),
(1169, '43224', 'INSTALASI PENDINGIN DAN VENTILASI UDARA'),
(1170, '4329', 'INSTALASI KONSTRUKSI LAINNYA'),
(1171, '43291', 'INSTALASI MEKANIKAL'),
(1172, '43292', 'INSTALASI METEOROLOGI, KLIMATOLOGI  DAN GEOFISIKA'),
(1173, '43299', 'INSTALASI KONSTRUKSI LAINNYA YTDL'),
(1174, '433', 'PENYELESAIAN KONSTRUKSI BANGUNAN'),
(1175, '4330', 'PENYELESAIAN KONSTRUKSI BANGUNAN'),
(1176, '43301', 'PENGERJAAN PEMASANGAN KACA DAN ALUMUNIUM'),
(1177, '43302', 'PENGERJAAN LANTAI, DINDING, PERALATAN SANITER DAN PLAFON'),
(1178, '43303', 'PENGECATAN'),
(1179, '43304', 'DEKORASI INTERIOR'),
(1180, '43305', 'DEKORASI EKSTERIOR'),
(1181, '43309', 'PENYELESAIAN KONSTRUKSI BANGUNAN LAINNYA'),
(1182, '439', 'KONSTRUKSI KHUSUS LAINNYA'),
(1183, '4390', 'KONSTRUKSI KHUSUS LAINNYA'),
(1184, '43901', 'PEMASANGAN PONDASI DAN TIANG PANCANG'),
(1185, '43902', 'PEMASANGAN PERANCAH (STEIGER)'),
(1186, '43903', 'PEMASANGAN ATAP/ROOF COVERING'),
(1187, '43904', 'PEMASANGAN KERANGKA BAJA'),
(1188, '43905', 'PENYEWAAN ALAT KONSTRUKSI DENGAN OPERATOR'),
(1189, '43909', 'KONSTRUKSI KHUSUS LAINNYA YTDL'),
(1190, NULL, NULL),
(1191, 'KATEGORI G :', NULL),
(1192, NULL, NULL),
(1193, 'G', 'PERDAGANGAN BESAR DAN ECERAN; REPARASI DAN PERAWATAN MOBIL DAN SEPEDA MOTOR'),
(1194, NULL, NULL),
(1195, '45', 'PERDAGANGAN, REPARASI DAN PERAWATAN MOBIL DAN SEPEDA MOTOR'),
(1196, '451', 'PERDAGANGAN MOBIL'),
(1197, '4510', 'PERDAGANGAN MOBIL'),
(1198, '45101', 'PERDAGANGAN BESAR MOBIL BARU'),
(1199, '45102', 'PERDAGANGAN BESAR MOBIL BEKAS'),
(1200, '45103', 'PERDAGANGAN ECERAN MOBIL BARU'),
(1201, '45104', 'PERDAGANGAN ECERAN MOBIL BEKAS'),
(1202, '452', 'REPARASI DAN PERAWATAN MOBIL'),
(1203, '4520', 'REPARASI DAN PERAWATAN MOBIL'),
(1204, '45201', 'REPARASI MOBIL'),
(1205, '45202', 'PENCUCIAN DAN SALON MOBIL'),
(1206, '453', 'PERDAGANGAN SUKU CADANG DAN AKSESORI MOBIL'),
(1207, '4530', 'PERDAGANGAN SUKU CADANG DAN AKSESORI MOBIL'),
(1208, '45301', 'PERDAGANGAN BESAR SUKU CADANG DAN AKSESORI MOBIL'),
(1209, '45302', 'PERDAGANGAN ECERAN SUKU CADANG DAN AKSESORI MOBIL'),
(1210, '454', 'PERDAGANGAN, REPARASI DAN PERAWATAN SEPEDA MOTOR DAN PERDAGANGAN SUKU CADANG DAN AKSESORINYA'),
(1211, '4540', 'PERDAGANGAN, REPARASI DAN PERAWATAN SEPEDA MOTOR DAN PERDAGANGAN SUKU CADANG DAN AKSESORINYA'),
(1212, '45401', 'PERDAGANGAN BESAR SEPEDA MOTOR BARU'),
(1213, '45402', 'PERDAGANGAN BESAR SEPEDA MOTOR BEKAS'),
(1214, '45403', 'PERDAGANGAN ECERAN SEPEDA MOTOR BARU'),
(1215, '45404', 'PERDAGANGAN ECERAN SEPEDA MOTOR BEKAS'),
(1216, '45405', 'PERDAGANGAN BESAR SUKU CADANG SEPEDA MOTOR DAN AKSESORINYA'),
(1217, '45406', 'PERDAGANGAN ECERAN SUKU CADANG SEPEDA MOTOR DAN AKSESORINYA'),
(1218, '45407', 'REPARASI DAN PERAWATAN SEPEDA MOTOR'),
(1219, '46', 'PERDAGANGAN BESAR, BUKAN MOBIL DAN SEPEDA MOTOR'),
(1220, '461', 'PERDAGANGAN BESAR ATAS DASAR BALAS JASA (FEE) ATAU KONTRAK'),
(1221, '4610', 'PERDAGANGAN BESAR ATAS DASAR BALAS JASA (FEE) ATAU KONTRAK'),
(1222, '46100', 'PERDAGANGAN BESAR ATAS DASAR BALAS JASA (FEE) ATAU KONTRAK'),
(1223, '462', 'PERDAGANGAN BESAR HASIL PERTANIAN DAN HEWAN HIDUP'),
(1224, '4620', 'PERDAGANGAN BESAR HASIL PERTANIAN DAN HEWAN HIDUP'),
(1225, '46201', 'PERDAGANGAN BESAR PADI DAN PALAWIJA'),
(1226, '46202', 'PERDAGANGAN BESAR BUAH YANG MENGANDUNG MINYAK'),
(1227, '46203', 'PERDAGANGAN BESAR BUNGA DAN TANAMAN HIAS'),
(1228, '46204', 'PERDAGANGAN BESAR TEMBAKAU RAJANGAN'),
(1229, '46205', 'PERDAGANGAN BESAR BINATANG HIDUP'),
(1230, '46206', 'PERDAGANGAN BESAR HASIL PERIKANAN'),
(1231, '46207', 'PERDAGANGAN BESAR HASIL KEHUTANAN DAN PERBURUAN'),
(1232, '46208', 'PERDAGANGAN BESAR KULIT DAN KULIT JANGAT'),
(1233, '46209', 'PERDAGANGAN BESAR HASIL PERTANIAN DAN HEWAN HIDUP LAINNYA'),
(1234, '463', 'PERDAGANGAN BESAR MAKANAN, MINUMAN DAN TEMBAKAU'),
(1235, '4631', 'PERDAGANGAN BESAR BAHAN MAKANAN DAN MINUMAN HASIL PERTANIAN'),
(1236, '46311', 'PERDAGANGAN BESAR BERAS'),
(1237, '46312', 'PERDAGANGAN BESAR BUAH-BUAHAN'),
(1238, '46313', 'PERDAGANGAN BESAR SAYURAN'),
(1239, '46314', 'PERDAGANGAN BESAR KOPI, TEH DAN KAKAO'),
(1240, '46315', 'PERDAGANGAN BESAR MINYAK DAN LEMAK NABATI'),
(1241, '46319', 'PERDAGANGAN BESAR BAHAN MAKANAN DAN MINUMAN HASIL PERTANIAN LAINNYA'),
(1242, '4632', 'PERDAGANGAN BESAR BAHAN MAKANAN DAN MINUMAN HASIL PETERNAKAN DAN PERIKANAN'),
(1243, '46321', 'PERDAGANGAN BESAR DAGING SAPI DAN DAGING SAPI OLAHAN'),
(1244, '46322', 'PERDAGANGAN BESAR DAGING AYAM DAN DAGING AYAM OLAHAN'),
(1245, '46323', 'PERDAGANGAN BESAR DAGING DAN DAGING OLAHAN LAINNYA'),
(1246, '46324', 'PERDAGANGAN BESAR HASIL OLAHAN PERIKANAN'),
(1247, '46325', 'PERDAGANGAN BESAR TELUR DAN HASIL OLAHAN TELUR'),
(1248, '46326', 'PERDAGANGAN BESAR SUSU DAN PRODUK SUSU'),
(1249, '46327', 'PERDAGANGAN BESAR MINYAK DAN LEMAK HEWANI'),
(1250, '4633', 'PERDAGANGAN BESAR MAKANAN DAN MINUMAN LAINNYA DAN TEMBAKAU'),
(1251, '46331', 'PERDAGANGAN BESAR GULA, COKLAT DAN KEMBANG GULA'),
(1252, '46332', 'PERDAGANGAN BESAR PRODUK ROTI'),
(1253, '46333', 'PERDAGANGAN BESAR MINUMAN BERALKOHOL'),
(1254, '46334', 'PERDAGANGAN BESAR MINUMAN NON ALKOHOL BUKAN SUSU'),
(1255, '46335', 'PERDAGANGAN BESAR ROKOK DAN TEMBAKAU'),
(1256, '46339', 'PERDAGANGAN BESAR MAKANAN DAN MINUMAN LAINNYA'),
(1257, '464', 'PERDAGANGAN BESAR BARANG KEPERLUAN RUMAH TANGGA'),
(1258, '4641', 'PERDAGANGAN BESAR TEKSTIL, PAKAIAN DAN ALAS KAKI'),
(1259, '46411', 'PERDAGANGAN BESAR TEKSTIL'),
(1260, '46412', 'PERDAGANGAN BESAR PAKAIAN'),
(1261, '46413', 'PERDAGANGAN BESAR ALAS KAKI'),
(1262, '46414', 'PERDAGANGAN BESAR BARANG LAINNYA DARI TEKSTIL'),
(1263, '46419', 'PERDAGANGAN BESAR TEKSTIL, PAKAIAN DAN ALAS KAKI LAINNYA'),
(1264, '4642', 'PERDAGANGAN BESAR ALAT TULIS DAN HASIL PENCETAKAN DAN PENERBITAN'),
(1265, '46421', 'PERDAGANGAN BESAR ALAT TULIS DAN GAMBAR'),
(1266, '46422', 'PERDAGANGAN BESAR BARANG PERCETAKAN DAN PENERBITAN DALAM BERBAGAI BENTUK'),
(1267, '4643', 'PERDAGANGAN BESAR ALAT FOTOGRAFI DAN BARANG OPTIK'),
(1268, '46430', 'PERDAGANGAN BESAR ALAT FOTOGRAFI DAN BARANG OPTIK'),
(1269, '4649', 'PERDAGANGAN BESAR BARANG KEPERLUAN RUMAH TANGGA LAINNYA '),
(1270, '46491', 'PERDAGANGAN BESAR PERALATAN DAN PERLENGKAPAN RUMAH TANGGA'),
(1271, '46492', 'PERDAGANGAN BESAR FARMASI'),
(1272, '46493', 'PERDAGANGAN BESAR OBAT TRADISIONAL'),
(1273, '46494', 'PERDAGANGAN BESAR KOSMETIK'),
(1274, '46495', 'PERDAGANGAN BESAR ALAT OLAHRAGA'),
(1275, '46496', 'PERDAGANGAN BESAR ALAT MUSIK'),
(1276, '46497', 'PERDAGANGAN BESAR PERHIASAN DAN JAM'),
(1277, '46498', 'PERDAGANGAN BESAR ALAT PERMAINAN DAN MAINAN ANAK-ANAK'),
(1278, '46499', 'PERDAGANGAN BESAR BERBAGAI BARANG DAN PERLENGKAPAN RUMAH TANGGA LAINNYA YTDL'),
(1279, '465', 'PERDAGANGAN BESAR MESIN, PERALATAN DAN PERLENGKAPANNYA'),
(1280, '4651', 'PERDAGANGAN BESAR KOMPUTER, PERLENGKAPAN KOMPUTER DAN PIRANTI LUNAK'),
(1281, '46511', 'PERDAGANGAN BESAR KOMPUTER DAN PERLENGKAPAN KOMPUTER'),
(1282, '46512', 'PERDAGANGAN BESAR PIRANTI LUNAK'),
(1283, '4652', 'PERDAGANGAN BESAR SUKU CADANG ELEKTRONIK DAN PERALATAN TELEKOMUNIKASI DAN BAGIAN-BAGIANNYA'),
(1284, '46521', 'PERDAGANGAN BESAR SUKU CADANG ELEKTRONIK'),
(1285, '46522', 'PERDAGANGAN BESAR DISKET, PITA AUDIO DAN VIDEO, CD DAN DVD KOSONG'),
(1286, '46523', 'PERDAGANGAN BESAR PERALATAN TELEKOMUNIKASI'),
(1287, '4653', 'PERDAGANGAN BESAR MESIN, PERALATAN DAN PERLENGKAPAN PERTANIAN '),
(1288, '46530', 'PERDAGANGAN BESAR MESIN, PERALATAN DAN PERLENGKAPAN PERTANIAN'),
(1289, '4659', 'PERDAGANGAN BESAR MESIN, PERALATAN DAN PERLENGKAPAN LAINNYA'),
(1290, '46591', 'PERDAGANGAN BESAR MESIN KANTOR DAN INDUSTRI, SUKU CADANG DAN PERLENGKAPANNYA'),
(1291, '46592', 'PERDAGANGAN BESAR ALAT TRANSPORTASI LAUT, SUKU CADANG DAN PERLENGKAPANNYA'),
(1292, '46593', 'PERDAGANGAN BESAR ALAT TRANSPORTASI DARAT (BUKAN MOBIL, SEPEDA MOTOR, DAN SEJENISNYA), SUKU CADANG DAN PERLENGKAPANNYA'),
(1293, '46594', 'PERDAGANGAN BESAR ALAT TRANSPORTASI UDARA, SUKU CADANG DAN PERLENGKAPANNYA'),
(1294, '46599', 'PERDAGANGAN BESAR MESIN, PERALATAN DAN PERLENGKAPAN LAINNYA'),
(1295, '466', 'PERDAGANGAN BESAR KHUSUS LAINNYA'),
(1296, '4661', 'PERDAGANGAN BESAR BAHAN BAKAR PADAT, CAIR DAN GAS DAN PRODUK  YBDI'),
(1297, '46610', 'PERDAGANGAN BESAR BAHAN BAKAR PADAT, CAIR DAN GAS DAN PRODUK YBDI'),
(1298, '4662', 'PERDAGANGAN BESAR LOGAM DAN BIJIH LOGAM'),
(1299, '46620', 'PERDAGANGAN BESAR LOGAM DAN BIJIH LOGAM'),
(1300, '4663', 'PERDAGANGAN BESAR BAHAN DAN PERLENGKAPAN BANGUNAN'),
(1301, '46631', 'PERDAGANGAN BESAR BARANG LOGAM UNTUK BAHAN KONSTRUKSI'),
(1302, '46632', 'PERDAGANGAN BESAR KACA'),
(1303, '46633', 'PERDAGANGAN BESAR GENTENG, BATU BATA, UBIN DAN SEJENISNYA DARI TANAH LIAT, KAPUR, SEMEN ATAU KACA'),
(1304, '46634', 'PERDAGANGAN BESAR SEMEN, KAPUR, PASIR DAN BATU'),
(1305, '46635', 'PERDAGANGAN BESAR BAHAN KONSTRUKSI DARI PORSELEN'),
(1306, '46636', 'PERDAGANGAN BESAR BAHAN KONSTRUKSI DARI KAYU'),
(1307, '46637', 'PERDAGANGAN BESAR CAT'),
(1308, '46638', 'PERDAGANGAN BESAR BERBAGAI MACAM MATERIAL BANGUNAN'),
(1309, '46639', 'PERDAGANGAN BESAR BAHAN KONSTRUKSI LAINNYA'),
(1310, '4669', 'PERDAGANGAN BESAR PRODUK LAINNYA TERMASUK BARANG SISA DAN POTONGAN YTDL'),
(1311, '46691', 'PERDAGANGAN BESAR BAHAN DAN BARANG KIMIA DASAR'),
(1312, '46692', 'PERDAGANGAN BESAR PUPUK DAN PRODUK AGROKIMIA'),
(1313, '46693', 'PERDAGANGAN BESAR ALAT LABORATORIUM, FARMASI DAN KEDOKTERAN'),
(1314, '46694', 'PERDAGANGAN BESAR KARET DAN PLASTIK DALAM BENTUK DASAR'),
(1315, '46695', 'PERDAGANGAN BESAR KERTAS DAN KARTON'),
(1316, '46696', 'PERDAGANGAN BESAR BARANG DARI KERTAS DAN KARTON'),
(1317, '46697', 'PERDAGANGAN BESAR BARANG BEKAS DAN SISA-SISA TAK TERPAKAI (SCRAP)'),
(1318, '46699', 'PERDAGANGAN BESAR PRODUK LAINNYA YTDL'),
(1319, '469', 'PERDAGANGAN BESAR BERBAGAI MACAM BARANG'),
(1320, '4690', 'PERDAGANGAN BESAR BERBAGAI MACAM BARANG'),
(1321, '46900', 'PERDAGANGAN BESAR BERBAGAI MACAM BARANG'),
(1322, '47', 'PERDAGANGAN ECERAN, BUKAN MOBIL DAN MOTOR'),
(1323, '471', 'PERDAGANGAN ECERAN BERBAGAI MACAM BARANG DI TOKO'),
(1324, '4711', 'PERDAGANGAN ECERAN YANG UTAMANYA MAKANAN, MINUMAN ATAU TEMBAKAU DI TOKO'),
(1325, '47112', 'PERDAGANGAN ECERAN BERBAGAI MACAM BARANG YANG UTAMANYA MAKANAN, MINUMAN ATAU TEMBAKAU DI SUPERMARKET/MINIMARKET'),
(1326, '47113', 'PERDAGANGAN ECERAN BERBAGAI MACAM BARANG YANG UTAMANYA MAKANAN, MINUMAN ATAU TEMBAKAU BUKAN DI SUPERMARKET/MINIMARKET (TRADISIONAL)'),
(1327, '4719', 'PERDAGANGAN ECERAN BERBAGAI MACAM BARANG YANG DIDOMINASI OLEH BARANG BUKAN MAKANAN DAN TEMBAKAU DI TOKO'),
(1328, '47191', 'PERDAGANGAN ECERAN BERBAGAI MACAM BARANG YANG UTAMANYA BUKAN MAKANAN, MINUMAN ATAU TEMBAKAU DI TOSERBA (DEPARTMENT STORE)'),
(1329, '47192', 'PERDAGANGAN ECERAN BERBAGAI MACAM BARANG YANG UTAMANYA BUKAN MAKANAN, MINUMAN ATAU TEMBAKAU (BARANG-BARANG KELONTONG) BUKAN DI TOSERBA (DEPARTMENT STORE)'),
(1330, '472', 'PERDAGANGAN ECERAN KHUSUS MAKANAN, MINUMAN DAN TEMBAKAU DI TOKO'),
(1331, '4721', 'PERDAGANGAN ECERAN KHUSUS KOMODITI MAKANAN DARI HASIL PERTANIAN DI TOKO'),
(1332, '47211', 'PERDAGANGAN ECERAN PADI DAN PALAWIJA'),
(1333, '47212', 'PERDAGANGAN ECERAN BUAH-BUAHAN'),
(1334, '47213', 'PERDAGANGAN ECERAN SAYURAN'),
(1335, '47214', 'PERDAGANGAN ECERAN HASIL PETERNAKAN'),
(1336, '47215', 'PERDAGANGAN ECERAN HASIL PERIKANAN'),
(1337, '47216', 'PERDAGANGAN ECERAN HASIL KEHUTANAN DAN PERBURUAN'),
(1338, '47219', 'PERDAGANGAN ECERAN HASIL PERTANIAN LAINNYA'),
(1339, '4722', 'PERDAGANGAN ECERAN KHUSUS MINUMAN DI TOKO'),
(1340, '47221', 'PERDAGANGAN ECERAN MINUMAN BERALKOHOL'),
(1341, '47222', 'PERDAGANGAN ECERAN MINUMAN TIDAK BERALKOHOL'),
(1342, '4723', 'PERDAGANGAN ECERAN KHUSUS ROKOK DAN TEMBAKAU DI TOKO'),
(1343, '47230', 'PERDAGANGAN ECERAN KHUSUS ROKOK DAN TEMBAKAU DI TOKO'),
(1344, '4724', 'PERDAGANGAN ECERAN KHUSUS MAKANAN HASIL INDUSTRI DI TOKO '),
(1345, '47241', 'PERDAGANGAN ECERAN BERAS'),
(1346, '47242', 'PERDAGANGAN ECERAN ROTI, KUE KERING, SERTA KUE BASAH DAN SEJENISNYA'),
(1347, '47243', 'PERDAGANGAN ECERAN KOPI, GULA PASIR DAN GULA MERAH'),
(1348, '47244', 'PERDAGANGAN ECERAN TAHU, TEMPE, TAUCO DAN ONCOM'),
(1349, '47245', 'PERDAGANGAN ECERAN DAGING DAN IKAN OLAHAN'),
(1350, '47249', 'PERDAGANGAN ECERAN MAKANAN LAINNYA'),
(1351, '473', 'PERDAGANGAN ECERAN KHUSUS BAHAN BAKAR KENDARAAN BERMOTOR'),
(1352, '4730', 'PERDAGANGAN ECERAN KHUSUS BAHAN BAKAR KENDARAAN BERMOTOR'),
(1353, '47301', 'PERDAGANGAN ECERAN BAHAN BAKAR KENDARAAN DI SPBU'),
(1354, '47302', 'PERDAGANGAN ECERAN PREMIUM, PREMIX DAN SOLAR DI TOKO'),
(1355, '47303', 'PERDAGANGAN ECERAN MINYAK PELUMAS DI TOKO'),
(1356, '474', 'PERDAGANGAN ECERAN KHUSUS PERALATAN INFORMASI DAN KOMUNIKASI DI TOKO'),
(1357, '4741', 'PERDAGANGAN ECERAN KHUSUS KOMPUTER DAN PERLENGKAPANNYA; PIRANTI LUNAK DAN PERLENGKAPAN TELEKOMUNIKASI DI TOKO'),
(1358, '47411', 'PERDAGANGAN ECERAN KOMPUTER DAN PERLENGKAPANNYA'),
(1359, '47412', 'PERDAGANGAN ECERAN PERALATAN VIDEO GAME DAN SEJENISNYA'),
(1360, '47413', 'PERDAGANGAN ECERAN PIRANTI LUNAK (SOFTWARE)'),
(1361, '47414', 'PERDAGANGAN ECERAN ALAT TELEKOMUNIKASI'),
(1362, '47415', 'PERDAGANGAN ECERAN MESIN KANTOR'),
(1363, '4742', 'PERDAGANGAN ECERAN KHUSUS PERALATAN AUDIO DAN VIDEO DI TOKO'),
(1364, '47420', 'PERDAGANGAN ECERAN KHUSUS PERALATAN AUDIO DAN VIDEO DI TOKO'),
(1365, '475', 'PERDAGANGAN ECERAN KHUSUS PERLENGKAPAN RUMAH TANGGA LAINNYA DI TOKO'),
(1366, '4751', 'PERDAGANGAN ECERAN KHUSUS TEKSTIL DI TOKO'),
(1367, '47511', 'PERDAGANGAN ECERAN TEKSTIL'),
(1368, '47512', 'PERDAGANGAN ECERAN PERLENGKAPAN RUMAH TANGGA DARI TEKSTIL'),
(1369, '47513', 'PERDAGANGAN ECERAN PERLENGKAPAN JAHIT MENJAHIT'),
(1370, '4752', 'PERDAGANGAN ECERAN KHUSUS BARANG DAN BAHAN BANGUNAN, CAT DAN KACA DI TOKO'),
(1371, '47521', 'PERDAGANGAN ECERAN BARANG LOGAM UNTUK BAHAN KONSTRUKSI'),
(1372, '47522', 'PERDAGANGAN ECERAN KACA'),
(1373, '47523', 'PERDAGANGAN ECERAN GENTENG, BATU BATA, UBIN DAN SEJENISNYA DARI TANAH LIAT, KAPUR, SEMEN ATAU KACA'),
(1374, '47524', 'PERDAGANGAN ECERAN SEMEN, KAPUR, PASIR DAN BATU'),
(1375, '47525', 'PERDAGANGAN ECERAN BAHAN KONSTRUKSI DARI PORSELEN'),
(1376, '47526', 'PERDAGANGAN ECERAN BAHAN KONSTRUKSI DARI KAYU'),
(1377, '47527', 'PERDAGANGAN ECERAN CAT, PERNIS DAN LAK'),
(1378, '47528', 'PERDAGANGAN ECERAN BERBAGAI MACAM MATERIAL BANGUNAN'),
(1379, '47529', 'PERDAGANGAN ECERAN BAHAN DAN BARANG KONSTRUKSI LAINNYA'),
(1380, '4753', 'PERDAGANGAN ECERAN KHUSUS KARPET, PERMADANI DAN PENUTUP DINDING DAN LANTAI DI TOKO'),
(1381, '47530', 'PERDAGANGAN ECERAN KHUSUS KARPET, PERMADANI DAN PENUTUP DINDING DAN LANTAI DI TOKO'),
(1382, '4759', 'PERDAGANGAN ECERAN  KHUSUS FURNITUR, PERALATAN LISTRIK RUMAH TANGGA, PERALATAN PENERANGAN DAN PERALATAN RUMAH TANGGA LAINNYA DI TOKO'),
(1383, '47591', 'PERDAGANGAN ECERAN FURNITUR'),
(1384, '47592', 'PERDAGANGAN ECERAN PERALATAN LISTRIK RUMAH TANGGA DAN PERALATAN PENERANGAN DAN PERLENGKAPANNYA'),
(1385, '47593', 'PERDAGANGAN ECERAN BARANG PECAH BELAH DAN PERLENGKAPAN DAPUR DARI PLASTIK'),
(1386, '47594', 'PERDAGANGAN ECERAN BARANG PECAH BELAH DAN PERLENGKAPAN DAPUR DARI BATU ATAU TANAH LIAT'),
(1387, '47595', 'PERDAGANGAN ECERAN BARANG PECAH BELAH DAN PERLENGKAPAN DAPUR DARI KAYU, BAMBU ATAU ROTAN'),
(1388, '47596', 'PERDAGANGAN ECERAN BARANG PECAH BELAH DAN PERLENGKAPAN DAPUR BUKAN DARI PLASTIK, BATU, TANAH LIAT, KAYU, BAMBU ATAU ROTAN'),
(1389, '47597', 'PERDAGANGAN ECERAN ALAT MUSIK'),
(1390, '47599', 'PERDAGANGAN ECERAN PERALATAN DAN PERLENGKAPAN RUMAH TANGGA LAINNYA DALAM SUBGOLONGAN 4759'),
(1391, '476', 'PERDAGANGAN ECERAN KHUSUS BARANG BUDAYA DAN REKREASI DI TOKO KHUSUS'),
(1392, '4761', 'PERDAGANGAN ECERAN KHUSUS ALAT TULIS DAN HASIL PENCETAKAN DAN PENERBITAN DI TOKO'),
(1393, '47611', 'PERDAGANGAN ECERAN ALAT TULIS MENULIS DAN GAMBAR'),
(1394, '47612', 'PERDAGANGAN ECERAN HASIL PENCETAKAN DAN PENERBITAN'),
(1395, '4762', 'PERDAGANGAN ECERAN KHUSUS REKAMAN MUSIK DAN VIDEO DI TOKO'),
(1396, '47620', 'PERDAGANGAN ECERAN KHUSUS REKAMAN MUSIK DAN VIDEO DI TOKO'),
(1397, '4763', 'PERDAGANGAN ECERAN KHUSUS PERALATAN OLAHRAGA DI TOKO'),
(1398, '47630', 'PERDAGANGAN ECERAN KHUSUS PERALATAN OLAHRAGA DI TOKO'),
(1399, '4764', 'PERDAGANGAN ECERAN KHUSUS ALAT PERMAINAN DAN MAINAN ANAK-ANAK DI TOKO'),
(1400, '47640', 'PERDAGANGAN ECERAN KHUSUS ALAT PERMAINAN DAN MAINAN ANAK-ANAK DI TOKO'),
(1401, '4765', 'PERDAGANGAN ECERAN KERTAS, KERTAS KARTON DAN BARANG DARI KERTAS/KARTON'),
(1402, '47650', 'PERDAGANGAN ECERAN KERTAS, KERTAS KARTON DAN BARANG DARI KERTAS/KARTON'),
(1403, '477', 'PERDAGANGAN ECERAN KHUSUS BARANG LAINNYA DI TOKO'),
(1404, '4771', 'PERDAGANGAN ECERAN KHUSUS PAKAIAN, ALAS KAKI DAN BARANG DARI KULIT DI TOKO'),
(1405, '47711', 'PERDAGANGAN ECERAN PAKAIAN'),
(1406, '47712', 'PERDAGANGAN ECERAN SEPATU, SANDAL DAN ALAS KAKI LAINNYA'),
(1407, '47713', 'PERDAGANGAN ECERAN PELENGKAP PAKAIAN'),
(1408, '47714', 'PERDAGANGAN ECERAN TAS, DOMPET, KOPER, RANSEL DAN SEJENISNYA'),
(1409, '4772', 'PERDAGANGAN ECERAN KHUSUS BAHAN KIMIA, BARANG FARMASI, ALAT KEDOKTERAN, PARFUM DAN KOSMETIK DI TOKO'),
(1410, '47721', 'PERDAGANGAN ECERAN BAHAN KIMIA'),
(1411, '47722', 'PERDAGANGAN ECERAN BARANG FARMASI DI APOTIK'),
(1412, '47723', 'PERDAGANGAN ECERAN BARANG FARMASI BUKAN DI APOTIK'),
(1413, '47724', 'PERDAGANGAN ECERAN OBAT TRADISIONAL'),
(1414, '47725', 'PERDAGANGAN ECERAN KOSMETIK'),
(1415, '47726', 'PERDAGANGAN ECERAN ALAT LABORATORIUM, FARMASI DAN KESEHATAN'),
(1416, '47727', 'PERDAGANGAN ECERAN AROMATIK/PENYEGAR (MINYAK ATSIRI)'),
(1417, '47729', 'PERDAGANGAN ECERAN LAINNYA BUKAN YANG TERCAKUP PADA KELOMPOK 47721 S.D. 47727'),
(1418, '4773', 'PERDAGANGAN ECERAN KHUSUS BARANG BARU LAINNYA DI TOKO'),
(1419, '47731', 'PERDAGANGAN ECERAN ALAT FOTOGRAFI DAN PERLENGKAPANNYA'),
(1420, '47732', 'PERDAGANGAN ECERAN ALAT OPTIK DAN PERLENGKAPANNYA'),
(1421, '47733', 'PERDAGANGAN ECERAN KACA MATA'),
(1422, '47734', 'PERDAGANGAN ECERAN JAM'),
(1423, '47735', 'PERDAGANGAN ECERAN BARANG PERHIASAN'),
(1424, '47736', 'PERDAGANGAN ECERAN PERLENGKAPAN PENGENDARA KENDARAAN BERMOTOR'),
(1425, '47737', 'PERDAGANGAN ECERAN PEMBUNGKUS DARI PLASTIK'),
(1426, '47739', 'PERDAGANGAN ECERAN KHUSUS BARANG BARU LAINNYA YTDL'),
(1427, '4774', 'PERDAGANGAN ECERAN KHUSUS BARANG BEKAS DI TOKO'),
(1428, '47741', 'PERDAGANGAN ECERAN BARANG BEKAS PERLENGKAPAN RUMAH TANGGA'),
(1429, '47742', 'PERDAGANGAN ECERAN PAKAIAN, ALAS KAKI DAN PELENGKAP PAKAIAN BEKAS'),
(1430, '47743', 'PERDAGANGAN ECERAN BARANG PERLENGKAPAN PRIBADI BEKAS'),
(1431, '47744', 'PERDAGANGAN ECERAN BARANG LISTRIK DAN ELEKTRONIK BEKAS'),
(1432, '47745', 'PERDAGANGAN ECERAN BAHAN KONSTRUKSI DAN SANITASI BEKAS'),
(1433, '47746', 'PERDAGANGAN ECERAN BARANG ANTIK'),
(1434, '47749', 'PERDAGANGAN ECERAN BARANG BEKAS LAINNYA'),
(1435, '4775', 'PERDAGANGAN ECERAN KHUSUS HEWAN PIARAAN DAN HEWAN TERNAK'),
(1436, '47751', 'PERDAGANGAN ECERAN HEWAN PIARAAN (PET ANIMALS)'),
(1437, '47752', 'PERDAGANGAN ECERAN HEWAN TERNAK'),
(1438, '47753', 'PERDAGANGAN ECERAN IKAN HIAS'),
(1439, '47754', 'PERDAGANGAN ECERAN PAKAN TERNAK/UNGGAS/IKAN DAN HEWAN PIARAAN'),
(1440, '4776', 'PERDAGANGAN ECERAN BUNGA POTONG, TANAMAN HIAS, PUPUK DAN YBDI DI TOKO'),
(1441, '47761', 'PERDAGANGAN ECERAN BUNGA POTONG/FLORIST'),
(1442, '47762', 'PERDAGANGAN ECERAN TANAMAN HIAS, BIBIT BUAH-BUAHAN DAN TANAMAN OBAT'),
(1443, '47763', 'PERDAGANGAN ECERAN PUPUK DAN PEMBERANTAS HAMA'),
(1444, '47764', 'PERDAGANGAN ECERAN PERLENGKAPAN DAN MEDIA TANAMAN HIAS'),
(1445, '4777', 'PERDAGANGAN ECERAN BAHAN BAKAR BUKAN BAHAN BAKAR UNTUK KENDARAAN BERMOTOR DI TOKO'),
(1446, '47771', 'PERDAGANGAN ECERAN MINYAK TANAH'),
(1447, '47772', 'PERDAGANGAN ECERAN GAS ELPIJI'),
(1448, '47779', 'PERDAGANGAN ECERAN BAHAN BAKAR LAINNYA'),
(1449, '4778', 'PERDAGANGAN ECERAN BARANG KERAJINAN DAN LUKISAN DI TOKO'),
(1450, '47781', 'PERDAGANGAN ECERAN BARANG KERAJINAN DARI KAYU, BAMBU, ROTAN, PANDAN, RUMPUT DAN SEJENISNYA'),
(1451, '47782', 'PERDAGANGAN ECERAN BARANG KERAJINAN DARI KULIT, TULANG, TANDUK, GADING, BULU DAN BINATANG/HEWAN YANG DIAWETKAN'),
(1452, '47783', 'PERDAGANGAN ECERAN BARANG KERAJINAN DARI LOGAM'),
(1453, '47784', 'PERDAGANGAN ECERAN BARANG KERAJINAN DARI KERAMIK'),
(1454, '47785', 'PERDAGANGAN ECERAN LUKISAN'),
(1455, '47789', 'PERDAGANGAN ECERAN BARANG KERAJINAN DAN LUKISAN LAINNYA'),
(1456, '4779', 'PERDAGANGAN ECERAN KHUSUS BARANG LAINNYA YTDL'),
(1457, '47791', 'PERDAGANGAN ECERAN MESIN PERTANIAN DAN PERLENGKAPANNYA'),
(1458, '47792', 'PERDAGANGAN ECERAN MESIN JAHIT DAN PERLENGKAPANNYA'),
(1459, '47793', 'PERDAGANGAN ECERAN MESIN LAINNYA DAN PERLENGKAPANNYA'),
(1460, '47794', 'PERDAGANGAN ECERAN ALAT TRANSPORTASI DARAT TIDAK BERMOTOR DAN PERLENGKAPANNYA'),
(1461, '47795', 'PERDAGANGAN ECERAN ALAT TRANSPORTASI AIR DAN PERLENGKAPANNYA'),
(1462, '47796', 'PERDAGANGAN ECERAN ALAT-ALAT PERTANIAN'),
(1463, '47797', 'PERDAGANGAN ECERAN ALAT-ALAT PERTUKANGAN'),
(1464, '478', 'PERDAGANGAN ECERAN KAKI LIMA DAN LOS PASAR'),
(1465, '4781', 'PERDAGANGAN ECERAN KAKI LIMA DAN LOS PASAR KOMODITI HASIL PERTANIAN'),
(1466, '47811', 'PERDAGANGAN ECERAN KAKI LIMA DAN LOS PASAR KOMODITI PADI DAN PALAWIJA'),
(1467, '47812', 'PERDAGANGAN ECERAN KAKI LIMA DAN LOS PASAR KOMODITI BUAH-BUAHAN'),
(1468, '47813', 'PERDAGANGAN ECERAN KAKI LIMA DAN LOS PASAR KOMODITI SAYUR-SAYURAN'),
(1469, '47814', 'PERDAGANGAN ECERAN KAKI LIMA DAN LOS PASAR KOMODITI HASIL PETERNAKAN'),
(1470, '47815', 'PERDAGANGAN ECERAN KAKI LIMA DAN LOS PASAR KOMODITI HASIL PERIKANAN'),
(1471, '47816', 'PERDAGANGAN ECERAN KAKI LIMA DAN LOS PASAR KOMODITI HASIL KEHUTANAN DAN PERBURUAN'),
(1472, '47819', 'PERDAGANGAN ECERAN KAKI LIMA DAN LOS PASAR KOMODITI TANAMAN HIAS DAN HASIL PERTANIAN LAINNYA'),
(1473, '4782', 'PERDAGANGAN ECERAN KAKI LIMA DAN LOS PASAR MAKANAN, MINUMAN DAN PRODUK TEMBAKAU HASIL INDUSTRI PENGOLAHAN'),
(1474, '47821', 'PERDAGANGAN ECERAN KAKI LIMA DAN LOS PASAR BERAS'),
(1475, '47822', 'PERDAGANGAN ECERAN KAKI LIMA DAN LOS PASAR ROTI, KUE KERING, KUE BASAH DAN SEJENISNYA'),
(1476, '47823', 'PERDAGANGAN ECERAN KAKI LIMA DAN LOS PASAR KOPI, GULA PASIR, GULA MERAH DAN SEJENISNYA'),
(1477, '47824', 'PERDAGANGAN ECERAN KAKI LIMA DAN LOS PASAR TAHU, TEMPE, TAUCO DAN ONCOM'),
(1478, '47825', 'PERDAGANGAN ECERAN KAKI LIMA DAN LOS PASAR DAGING OLAHAN DAN IKAN OLAHAN'),
(1479, '47826', 'PERDAGANGAN ECERAN KAKI LIMA DAN LOS PASAR MINUMAN'),
(1480, '47827', 'PERDAGANGAN ECERAN KAKI LIMA DAN LOS PASAR ROKOK DAN TEMBAKAU'),
(1481, '47828', 'PERDAGANGAN ECERAN KAKI LIMA DAN LOS PASAR PAKAN TERNAK, PAKAN UNGGAS DAN PAKAN IKAN'),
(1482, '47829', 'PERDAGANGAN ECERAN KAKI LIMA DAN LOS PASAR KOMODITI MAKANAN DAN MINUMAN YTDL'),
(1483, '4783', 'PERDAGANGAN ECERAN KAKI LIMA DAN LOS PASAR TEKSTIL, PAKAIAN DAN ALAS KAKI'),
(1484, '47831', 'PERDAGANGAN ECERAN KAKI LIMA DAN LOS PASAR TEKSTIL'),
(1485, '47832', 'PERDAGANGAN ECERAN KAKI LIMA DAN LOS PASAR PAKAIAN'),
(1486, '47833', 'PERDAGANGAN ECERAN KAKI LIMA DAN LOS PASAR SEPATU, SANDAL DAN ALAS KAKI LAINNYA'),
(1487, '47834', 'PERDAGANGAN ECERAN KAKI LIMA DAN LOS PASAR PELENGKAP PAKAIAN DAN BENANG'),
(1488, '4784', 'PERDAGANGAN ECERAN KAKI LIMA DAN LOS PASAR BAHAN KIMIA, FARMASI, KOSMETIK DAN YBDI'),
(1489, '47841', 'PERDAGANGAN ECERAN KAKI LIMA DAN LOS PASAR BAHAN KIMIA'),
(1490, '47842', 'PERDAGANGAN ECERAN KAKI LIMA DAN LOS PASAR FARMASI'),
(1491, '47843', 'PERDAGANGAN ECERAN KAKI LIMA DAN LOS PASAR OBAT TRADISIONAL'),
(1492, '47844', 'PERDAGANGAN ECERAN KAKI LIMA DAN LOS PASAR KOSMETIK'),
(1493, '47845', 'PERDAGANGAN ECERAN KAKI LIMA DAN LOS PASAR PUPUK DAN PEMBERANTAS HAMA'),
(1494, '47846', 'PERDAGANGAN ECERAN KAKI LIMA DAN LOS PASAR AROMATIK/PENYEGAR (MINYAK ATSIRI)'),
(1495, '47849', 'PERDAGANGAN ECERAN KAKI LIMA DAN LOS PASAR BAHAN KIMIA, FARMASI, KOSMETIK DAN ALAT LABORATORIUM DAN YBDI YTDL'),
(1496, '4785', 'PERDAGANGAN ECERAN KAKI LIMA DAN LOS PASAR BARANG PRIBADI'),
(1497, '47851', 'PERDAGANGAN ECERAN KAKI LIMA DAN LOS PASAR KACA MATA'),
(1498, '47852', 'PERDAGANGAN ECERAN KAKI LIMA DAN LOS PASAR BARANG PERHIASAN'),
(1499, '47853', 'PERDAGANGAN ECERAN KAKI LIMA DAN LOS PASAR JAM'),
(1500, '47854', 'PERDAGANGAN ECERAN KAKI LIMA DAN LOS PASAR TAS, DOMPET, KOPER, RANSEL DAN SEJENISNYA'),
(1501, '47855', 'PERDAGANGAN ECERAN KAKI LIMA DAN LOS PASAR PERLENGKAPAN PENGENDARA SEPEDA MOTOR'),
(1502, '47859', 'PERDAGANGAN ECERAN KAKI LIMA DAN LOS PASAR BARANG KEPERLUAN PRIBADI LAINNYA'),
(1503, '4786', 'PERDAGANGAN ECERAN KAKI LIMA DAN LOS PASAR PERLENGKAPAN RUMAH TANGGA'),
(1504, '47861', 'PERDAGANGAN ECERAN KAKI LIMA DAN LOS PASAR BARANG ELEKTRONIK'),
(1505, '47862', 'PERDAGANGAN ECERAN KAKI LIMA DAN LOS PASAR ALAT DAN PERLENGKAPAN LISTRIK'),
(1506, '47863', 'PERDAGANGAN ECERAN KAKI LIMA DAN LOS PASAR BARANG PECAH BELAH DAN PERLENGKAPAN DAPUR DARI PLASTIK/MELAMIN'),
(1507, '47864', 'PERDAGANGAN ECERAN KAKI LIMA DAN LOS PASAR BARANG PECAH BELAH DAN PERLENGKAPAN DAPUR DARI BATU ATAU TANAH LIAT '),
(1508, '47865', 'PERDAGANGAN ECERAN KAKI LIMA DAN LOS PASAR BARANG  DAN PERLENGKAPAN DAPUR DARI KAYU, BAMBU ATAU ROTAN'),
(1509, '47866', 'PERDAGANGAN ECERAN KAKI LIMA DAN LOS PASAR BARANG PECAH BELAH DAN PERLENGKAPAN DAPUR BUKAN DARI PLASTIK, BATU, TANAH LIAT, KAYU, BAMBU ATAU ROTAN'),
(1510, '47867', 'PERDAGANGAN ECERAN KAKI LIMA DAN LOS PASAR ALAT KEBERSIHAN'),
(1511, '47869', 'PERDAGANGAN ECERAN KAKI LIMA DAN LOS PASAR PERLENGKAPAN RUMAH TANGGA LAINNYA'),
(1512, '4787', 'PERDAGANGAN ECERAN KAKI LIMA DAN LOS PASAR KERTAS, BARANG DARI KERTAS, ALAT TULIS, BARANG CETAKAN, ALAT OLAHRAGA, ALAT MUSIK, ALAT FOTOGRAFI DAN KOMPUTER'),
(1513, '47871', 'PERDAGANGAN ECERAN KAKI LIMA DAN LOS PASAR KERTAS, KARTON DAN BARANG DARI KERTAS'),
(1514, '47872', 'PERDAGANGAN ECERAN KAKI LIMA DAN LOS PASAR ALAT TULIS MENULIS DAN GAMBAR'),
(1515, '47873', 'PERDAGANGAN ECERAN KAKI LIMA DAN LOS PASAR HASIL PENCETAKAN DAN PENERBITAN'),
(1516, '47874', 'PERDAGANGAN ECERAN KAKI LIMA DAN LOS PASAR ALAT OLAHRAGA DAN ALAT MUSIK'),
(1517, '47875', 'PERDAGANGAN ECERAN KAKI LIMA DAN LOS PASAR ALAT FOTOGRAFI, ALAT OPTIK DAN PERLENGKAPANNYA'),
(1518, '47876', 'PERDAGANGAN ECERAN KAKI LIMA DAN LOS PASAR MESIN KANTOR'),
(1519, '47877', 'PERDAGANGAN ECERAN KAKI LIMA DAN LOS PASAR PERALATAN TELEKOMUNIKASI'),
(1520, '47879', 'PERDAGANGAN ECERAN KAKI LIMA DAN LOS PASAR CAMPURAN KERTAS, KARTON, BARANG DARI KERTAS, ALAT TULIS-MENULIS, ALAT GAMBAR, HASIL PENCETAKAN, PENERBITAN DAN LAINNYA'),
(1521, '4788', 'PERDAGANGAN ECERAN KAKI LIMA DAN LOS PASAR BARANG KERAJINAN, MAINAN ANAK-ANAK DAN LUKISAN'),
(1522, '47881', 'PERDAGANGAN ECERAN KAKI LIMA DAN LOS PASAR BARANG KERAJINAN'),
(1523, '47882', 'PERDAGANGAN ECERAN KAKI LIMA DAN LOS PASAR MAINAN ANAK-ANAK'),
(1524, '47883', 'PERDAGANGAN ECERAN KAKI LIMA DAN LOS PASAR LUKISAN'),
(1525, '4789', 'PERDAGANGAN ECERAN KAKI LIMA DAN LOS PASAR BARANG LAINNYA DAN BARANG BEKAS'),
(1526, '47891', 'PERDAGANGAN ECERAN KAKI LIMA DAN LOS PASAR HEWAN HIDUP'),
(1527, '47892', 'PERDAGANGAN ECERAN KAKI LIMA DAN LOS PASAR BAHAN BAKAR MINYAK, GAS, MINYAK PELUMAS DAN BAHAN BAKAR LAINNYA'),
(1528, '47893', 'PERDAGANGAN ECERAN KAKI LIMA DAN LOS PASAR BARANG ANTIK'),
(1529, '47894', 'PERDAGANGAN ECERAN KAKI LIMA DAN LOS PASAR BARANG BEKAS PERLENGKAPAN RUMAH TANGGA'),
(1530, '47895', 'PERDAGANGAN ECERAN KAKI LIMA DAN LOS PASAR PAKAIAN, ALAS KAKI, PERLENGKAPAN PAKAIAN DAN BARANG PERLENGKAPAN PRIBADI BEKAS'),
(1531, '47896', 'PERDAGANGAN ECERAN KAKI LIMA DAN LOS PASAR BARANG LISTRIK DAN ELEKTRONIK BEKAS'),
(1532, '47897', 'PERDAGANGAN ECERAN KAKI LIMA DAN LOS PASAR BARANG BEKAS CAMPURAN'),
(1533, '47899', 'PERDAGANGAN ECERAN KAKI LIMA DAN LOS PASAR BARANG LAINNYA'),
(1534, '479', 'PERDAGANGAN ECERAN BUKAN DI TOKO, KAKI LIMA DAN LOS PASAR'),
(1535, '4791', 'PERDAGANGAN ECERAN MELALUI PEMESANAN POS ATAU INTERNET '),
(1536, '47911', 'PERDAGANGAN ECERAN MELALUI MEDIA UNTUK KOMODITI MAKANAN, MINUMAN, TEMBAKAU, KIMIA, FARMASI, KOSMETIK DAN ALAT LABORATORIUM'),
(1537, '47912', 'PERDAGANGAN ECERAN MELALUI MEDIA UNTUK KOMODITI TEKSTIL, PAKAIAN, ALAS KAKI DAN BARANG KEPERLUAN PRIBADI'),
(1538, '47913', 'PERDAGANGAN ECERAN MELALUI MEDIA UNTUK BARANG PERLENGKAPAN RUMAH TANGGA DAN PERLENGKAPAN DAPUR'),
(1539, '47914', 'PERDAGANGAN ECERAN MELALUI MEDIA UNTUK BARANG CAMPURAN SEBAGAIMANA TERSEBUT DALAM 47911 S.D. 47913'),
(1540, '47919', 'PERDAGANGAN ECERAN MELALUI MEDIA UNTUK BERBAGAI MACAM BARANG LAINNYA'),
(1541, '4792', 'PERDAGANGAN ECERAN ATAS DASAR BALAS JASA (FEE) ATAU KONTRAK'),
(1542, '47920', 'PERDAGANGAN ECERAN ATAS DASAR BALAS JASA (FEE) ATAU KONTRAK'),
(1543, '4799', 'PERDAGANGAN ECERAN BUKAN DI TOKO, KIOS, KAKI LIMA DAN LOS PASAR LAINNYA'),
(1544, '47991', 'PERDAGANGAN ECERAN KELILING KOMODITI MAKANAN DARI HASIL PERTANIAN'),
(1545, '47992', 'PERDAGANGAN ECERAN KELILING KOMODITI MAKANAN, MINUMAN ATAU TEMBAKAU HASIL INDUSTRI PENGOLAHAN'),
(1546, '47993', 'PERDAGANGAN ECERAN KELILING BAHAN KIMIA, FARMASI, KOSMETIK DAN ALAT LABORATORIUM'),
(1547, '47994', 'PERDAGANGAN ECERAN KELILING TEKSTIL, PAKAIAN, ALAS KAKI DAN BARANG KEPERLUAN PRIBADI'),
(1548, '47995', 'PERDAGANGAN ECERAN KELILING PERLENGKAPAN RUMAH TANGGA DAN PERLENGKAPAN DAPUR'),
(1549, '47996', 'PERDAGANGAN ECERAN KELILING BAHAN BAKAR DAN MINYAK PELUMAS'),
(1550, '47997', 'PERDAGANGAN ECERAN KELILING KERTAS, BARANG DARI KERTAS, ALAT TULIS,BARANG CETAKAN, ALAT OLAHRAGA, ALAT MUSIK, ALAT FOTOGRAFI DAN KOMPUTER'),
(1551, '47998', 'PERDAGANGAN ECERAN KELILING BARANG KERAJINAN, MAINAN ANAK-ANAK DAN LUKISAN'),
(1552, '47999', 'PERDAGANGAN ECERAN BUKAN DI TOKO, KIOS, KAKI LIMA DAN LOS PASAR LAINNYA YTDL'),
(1553, NULL, NULL),
(1554, 'KATEGORI H :', NULL),
(1555, NULL, NULL),
(1556, 'H', 'PENGANGKUTAN DAN PERGUDANGAN'),
(1557, NULL, NULL),
(1558, '49', 'ANGKUTAN DARAT DAN ANGKUTAN MELALUI SALURAN PIPA'),
(1559, '491', 'ANGKUTAN JALAN REL'),
(1560, '4911', 'ANGKUTAN JALAN REL JARAK JAUH  UNTUK PENUMPANG '),
(1561, '49110', 'ANGKUTAN JALAN REL JARAK JAUH UNTUK PENUMPANG'),
(1562, '4912', 'ANGKUTAN JALAN REL UNTUK BARANG'),
(1563, '49120', 'ANGKUTAN JALAN REL UNTUK BARANG'),
(1564, '492', 'ANGKUTAN BUS'),
(1565, '4921', 'ANGKUTAN BUS BERTRAYEK'),
(1566, '49211', 'ANGKUTAN BUS ANTAR KOTA ANTAR PROVINSI (AKAP)'),
(1567, '49212', 'ANGKUTAN BUS PERBATASAN'),
(1568, '49213', 'ANGKUTAN BUS ANTAR KOTA DALAM PROVINSI (AKDP)'),
(1569, '49214', 'ANGKUTAN BUS KOTA'),
(1570, '49215', 'ANGKUTAN BUS LINTAS BATAS NEGARA'),
(1571, '49216', 'ANGKUTAN BUS KHUSUS'),
(1572, '49219', 'ANGKUTAN BUS BERTRAYEK LAINNYA'),
(1573, '4922', 'ANGKUTAN BUS TIDAK BERTRAYEK'),
(1574, '49221', 'ANGKUTAN BUS PARIWISATA'),
(1575, '49229', 'ANGKUTAN BUS TIDAK BERTRAYEK LAINNYA'),
(1576, '493', 'ANGKUTAN MELALUI SALURAN PIPA'),
(1577, '4930', 'ANGKUTAN MELALUI SALURAN PIPA'),
(1578, '49300', 'ANGKUTAN MELALUI SALURAN PIPA'),
(1579, '494', 'ANGKUTAN DARAT BUKAN BUS'),
(1580, '4941', 'ANGKUTAN DARAT BUKAN BUS UNTUK PENUMPANG, BERTRAYEK'),
(1581, '49411', 'ANGKUTAN PERBATASAN BUKAN BUS, BERTRAYEK'),
(1582, '49412', 'ANGKUTAN ANTAR KOTA DALAM PROVINSI (AKDP) BUKAN BUS, BERTRAYEK'),
(1583, '49413', 'ANGKUTAN PERKOTAAN BUKAN BUS, BERTRAYEK'),
(1584, '49414', 'ANGKUTAN PERDESAAN BUKAN BUS, BERTRAYEK'),
(1585, '49415', 'ANGKUTAN DARAT KHUSUS BUKAN BUS'),
(1586, '4942', 'ANGKUTAN DARAT LAINNYA UNTUK PENUMPANG'),
(1587, '49421', 'ANGKUTAN TAKSI'),
(1588, '49422', 'ANGKUTAN SEWA'),
(1589, '49423', 'ANGKUTAN TIDAK BERMOTOR UNTUK PENUMPANG'),
(1590, '49424', 'ANGKUTAN OJEK MOTOR'),
(1591, '49425', 'ANGKUTAN DARAT WISATA'),
(1592, '49429', 'ANGKUTAN DARAT LAINNYA UNTUK PENUMPANG'),
(1593, '4943', 'ANGKUTAN DARAT UNTUK BARANG '),
(1594, '49431', 'ANGKUTAN BERMOTOR UNTUK BARANG UMUM'),
(1595, '49432', 'ANGKUTAN BERMOTOR UNTUK BARANG KHUSUS'),
(1596, '49433', 'ANGKUTAN TIDAK BERMOTOR UNTUK BARANG UMUM'),
(1597, '4944', 'ANGKUTAN JALAN REL PERKOTAAN DAN WISATA UNTUK PENUMPANG'),
(1598, '49441', 'ANGKUTAN JALAN REL PERKOTAAN'),
(1599, '49442', 'ANGKUTAN JALAN REL WISATA'),
(1600, '4945', 'ANGKUTAN JALAN REL LAINNYA'),
(1601, '49450', 'ANGKUTAN JALAN REL LAINNYA'),
(1602, '50', 'ANGKUTAN PERAIRAN'),
(1603, '501', 'ANGKUTAN LAUT'),
(1604, '5011', 'ANGKUTAN LAUT DALAM NEGERI UNTUK PENUMPANG'),
(1605, '50111', 'ANGKUTAN LAUT DALAM NEGERI LINER UNTUK PENUMPANG'),
(1606, '50112', 'ANGKUTAN LAUT DALAM NEGERI TRAMPER UNTUK PENUMPANG'),
(1607, '50113', 'ANGKUTAN LAUT DALAM NEGERI UNTUK WISATA'),
(1608, '50114', 'ANGKUTAN LAUT DALAM NEGERI PERINTIS UNTUK PENUMPANG'),
(1609, '5012', 'ANGKUTAN LAUT LUAR NEGERI UNTUK PENUMPANG'),
(1610, '50121', 'ANGKUTAN LAUT LUAR NEGERI LINER UNTUK PENUMPANG'),
(1611, '50122', 'ANGKUTAN LAUT LUAR NEGERI TRAMPER UNTUK PENUMPANG'),
(1612, '50123', 'ANGKUTAN LAUT LUAR NEGERI UNTUK WISATA'),
(1613, '5013', 'ANGKUTAN LAUT DALAM NEGERI UNTUK BARANG'),
(1614, '50131', 'ANGKUTAN LAUT DALAM NEGERI LINER UNTUK BARANG'),
(1615, '50132', 'ANGKUTAN LAUT DALAM NEGERI TRAMPER UNTUK BARANG'),
(1616, '50133', 'ANGKUTAN LAUT DALAM NEGERI UNTUK BARANG KHUSUS'),
(1617, '50134', 'ANGKUTAN  LAUT DALAM NEGERI PERINTIS UNTUK BARANG'),
(1618, '50135', 'ANGKUTAN LAUT DALAM NEGERI PELAYARAN RAKYAT'),
(1619, '5014', 'ANGKUTAN LAUT LUAR NEGERI UNTUK BARANG'),
(1620, '50141', 'ANGKUTAN LAUT LUAR NEGERI LINER UNTUK BARANG'),
(1621, '50142', 'ANGKUTAN LAUT LUAR NEGERI TRAMPER UNTUK BARANG'),
(1622, '50143', 'ANGKUTAN LAUT LUAR NEGERI UNTUK BARANG KHUSUS'),
(1623, '50144', 'ANGKUTAN LAUT LUAR NEGERI PELAYARAN RAKYAT'),
(1624, '502', 'ANGKUTAN SUNGAI, DANAU DAN PENYEBERANGAN'),
(1625, '5021', 'ANGKUTAN SUNGAI, DANAU DAN PENYEBERANGAN UNTUK PENUMPANG'),
(1626, '50211', 'ANGKUTAN SUNGAI DAN DANAU LINER (TRAYEK TETAP DAN TERATUR) UNTUK PENUMPANG'),
(1627, '50212', 'ANGKUTAN SUNGAI DAN DANAU TRAMPER (TRAYEK TIDAK TETAP DAN TIDAK TERATUR) UNTUK PENUMPANG'),
(1628, '50213', 'ANGKUTAN SUNGAI DAN DANAU UNTUK WISATA DAN YBDI'),
(1629, '50214', 'ANGKUTAN PENYEBERANGAN ANTARPROVINSI UNTUK PENUMPANG');
INSERT INTO `drt_m_klbi` (`id`, `kode`, `description`) VALUES
(1630, '50215', 'ANGKUTAN PENYEBERANGAN PERINTIS ANTARPROVINSI UNTUK PENUMPANG'),
(1631, '50216', 'ANGKUTAN PENYEBERANGAN ANTARKABUPATEN/KOTA UNTUK PENUMPANG'),
(1632, '50217', 'ANGKUTAN PENYEBERANGAN PERINTIS ANTARKABUPATEN/KOTA UNTUK PENUMPANG'),
(1633, '50218', 'ANGKUTAN PENYEBERANGAN DALAM KABUPATEN/KOTA UNTUK PENUMPANG'),
(1634, '50219', 'ANGKUTAN PENYEBERANGAN LAINNYA UNTUK PENUMPANG  TERMASUK PENYEBERANGAN ANTARNEGARA'),
(1635, '5022', 'ANGKUTAN SUNGAI, DANAU DAN PENYEBERANGAN UNTUK BARANG'),
(1636, '50221', 'ANGKUTAN SUNGAI DAN DANAU UNTUK BARANG UMUM DAN ATAU HEWAN'),
(1637, '50222', 'ANGKUTAN SUNGAI DAN DANAU UNTUK BARANG KHUSUS'),
(1638, '50223', 'ANGKUTAN SUNGAI DAN DANAU UNTUK BARANG BERBAHAYA'),
(1639, '50224', 'ANGKUTAN PENYEBERANGAN UMUM ANTARPROVINSI UNTUK BARANG'),
(1640, '50225', 'ANGKUTAN PENYEBERANGAN PERINTIS ANTARPROVINSI UNTUK BARANG'),
(1641, '50226', 'ANGKUTAN PENYEBERANGAN UMUM ANTARKABUPATEN/KOTA UNTUK BARANG'),
(1642, '50227', 'ANGKUTAN PENYEBERANGAN PERINTIS ANTARKABUPATEN/KOTA UNTUK BARANG'),
(1643, '50228', 'ANGKUTAN PENYEBERANGAN UMUM DALAM KABUPATEN/KOTA UNTUK BARANG'),
(1644, '50229', 'ANGKUTAN PENYEBERANGAN LAINNYA UNTUK BARANG TERMASUK PENYEBERANGAN ANTARNEGARA'),
(1645, '51', 'ANGKUTAN UDARA'),
(1646, '511', 'ANGKUTAN UDARA UNTUK PENUMPANG'),
(1647, '5110', 'ANGKUTAN UDARA UNTUK PENUMPANG'),
(1648, '51101', 'ANGKUTAN UDARA BERJADWAL DALAM NEGERI UMUM UNTUK PENUMPANG'),
(1649, '51102', 'ANGKUTAN UDARA BERJADWAL DALAM NEGERI PERINTIS UNTUK PENUMPANG'),
(1650, '51103', 'ANGKUTAN UDARA BERJADWAL LUAR NEGERI UNTUK PENUMPANG'),
(1651, '51104', 'ANGKUTAN UDARA TIDAK BERJADWAL DALAM NEGERI UMUM UNTUK PENUMPANG'),
(1652, '51105', 'ANGKUTAN UDARA TIDAK BERJADWAL DALAM NEGERI PERINTIS UNTUK PENUMPANG'),
(1653, '51106', 'ANGKUTAN UDARA UNTUK OLAHRAGA'),
(1654, '51107', 'ANGKUTAN UDARA UNTUK WISATA'),
(1655, '51109', 'ANGKUTAN UDARA UNTUK PENUMPANG LAINNYA'),
(1656, '512', 'ANGKUTAN UDARA UNTUK BARANG'),
(1657, '5120', 'ANGKUTAN UDARA UNTUK BARANG'),
(1658, '51201', 'ANGKUTAN UDARA BERJADWAL DALAM NEGERI UMUM UNTUK BARANG'),
(1659, '51202', 'ANGKUTAN UDARA BERJADWAL DALAM NEGERI PERINTIS UNTUK BARANG'),
(1660, '51203', 'ANGKUTAN UDARA BERJADWAL LUAR NEGERI UNTUK BARANG'),
(1661, '51204', 'ANGKUTAN UDARA TIDAK BERJADWAL DALAM NEGERIUMUM UNTUK BARANG'),
(1662, '51205', 'ANGKUTAN UDARA TIDAK BERJADWAL DALAM NEGERI PERINTIS UNTUK BARANG'),
(1663, '52', 'PERGUDANGAN DAN AKTIVITAS PENUNJANG ANGKUTAN'),
(1664, '521', 'PERGUDANGAN DAN PENYIMPANAN'),
(1665, '5210', 'PERGUDANGAN DAN PENYIMPANAN'),
(1666, '52101', 'PERGUDANGAN DAN PENYIMPANAN'),
(1667, '52102', 'AKTIVITAS COLD STORAGE'),
(1668, '52103', 'AKTIVITAS BOUNDED WAREHOUSING ATAU WILAYAH KAWASAN BERIKAT'),
(1669, '52109', 'PERGUDANGAN DAN PENYIMPANAN LAINNYA'),
(1670, '522', 'AKTIVITAS PENUNJANG ANGKUTAN'),
(1671, '5221', 'AKTIVITAS PENUNJANG ANGKUTAN DARAT'),
(1672, '52211', 'AKTIVITAS TERMINAL DARAT'),
(1673, '52212', 'AKTIVITAS STASIUN KERETA API'),
(1674, '52213', 'AKTIVITAS JALAN TOL'),
(1675, '52214', 'AKTIVITAS PERPARKIRAN DI BADAN JALAN (ON STREET PARKING)'),
(1676, '52215', 'AKTIVITAS PERPARKIRAN DI LUAR BADAN JALAN (OFF STREET PARKING)'),
(1677, '52219', 'AKTIVITAS PENUNJANG ANGKUTAN DARAT LAINNYA'),
(1678, '5222', 'AKTIVITAS PENUNJANG ANGKUTAN PERAIRAN'),
(1679, '52221', 'AKTIVITAS PELAYANAN KEPELABUHANAN LAUT'),
(1680, '52222', 'AKTIVITAS PELAYANAN KEPELABUHANAN SUNGAI DAN DANAU'),
(1681, '52223', 'AKTIVITAS PELAYANAN KEPELABUHANAN PENYEBERANGAN'),
(1682, '52224', 'AKTIVITAS PELABUHAN PERIKANAN'),
(1683, '52229', 'AKTIVITAS PENUNJANG ANGKUTAN PERAIRAN LAINNYA'),
(1684, '5223', 'AKTIVITAS KEBANDARUDARAAN'),
(1685, '52230', 'AKTIVITAS KEBANDARUDARAAN'),
(1686, '5224', 'PENANGANAN KARGO (BONGKAR MUAT BARANG)'),
(1687, '52240', 'PENANGANAN KARGO (BONGKAR MUAT BARANG)'),
(1688, '5229', 'AKTIVITAS PENUNJANG ANGKUTAN LAINNYA'),
(1689, '52291', 'JASA PENGURUSAN TRANSPORTASI (JPT)'),
(1690, '52292', 'AKTIVITAS EKSPEDISI MUATAN KERETA API DAN EKSPEDISI ANGKUTAN DARAT (EMKA & EAD)'),
(1691, '52293', 'AKTIVITAS EKSPEDISI MUATAN KAPAL (EMKL)'),
(1692, '52294', 'AKTIVITAS EKSPEDISI MUATAN PESAWAT UDARA (EMPU)'),
(1693, '52295', 'ANGKUTAN MULTIMODA'),
(1694, '52299', 'AKTIVITAS PENUNJANG ANGKUTAN LAINNYA YTDL'),
(1695, '53', 'AKTIVITAS POS DAN KURIR'),
(1696, '531', 'AKTIVITAS POS'),
(1697, '5310', 'AKTIVITAS POS'),
(1698, '53101', 'POS UNIVERSAL'),
(1699, '53102', 'POS KOMERSIAL'),
(1700, '53103', 'AGEN POS'),
(1701, '532', 'AKTIVITAS KURIR'),
(1702, '5320', 'AKTIVITAS KURIR'),
(1703, '53201', 'AKTIVITAS KURIR'),
(1704, '53202', 'AKTIVITAS AGEN KURIR'),
(1705, 'I', 'PENYEDIAAN AKOMODASI DAN PENYEDIAAN MAKAN MINUM'),
(1706, '55', 'PENYEDIAAN AKOMODASI'),
(1707, '551', 'PENYEDIAAN AKOMODASI JANGKA PENDEK'),
(1708, '5511', 'HOTEL BINTANG'),
(1709, '55111', 'HOTEL BINTANG LIMA'),
(1710, '55112', 'HOTEL BINTANG EMPAT'),
(1711, '55113', 'HOTEL BINTANG TIGA'),
(1712, '55114', 'HOTEL BINTANG DUA'),
(1713, '55115', 'HOTEL BINTANG SATU'),
(1714, '5512', 'HOTEL MELATI'),
(1715, '55120', 'HOTEL MELATI'),
(1716, '5513', 'PONDOK WISATA'),
(1717, '55130', 'PONDOK WISATA'),
(1718, '5519', 'PENYEDIAAN AKOMODASI JANGKA PENDEK LAINNYA'),
(1719, '55191', 'PENGINAPAN REMAJA (YOUTH HOSTEL)'),
(1720, '55192', 'BUMI PERKEMAHAN'),
(1721, '55193', 'PERSINGGAHAN KARAVAN'),
(1722, '55194', 'VILA'),
(1723, '55195', 'APARTEMEN HOTEL'),
(1724, '55199', 'PENYEDIAAN AKOMODASI JANGKA PENDEK LAINNYA'),
(1725, '559', 'PENYEDIAAN AKOMODASI LAINNYA'),
(1726, '5590', 'PENYEDIAAN AKOMODASI LAINNYA'),
(1727, '55900', 'PENYEDIAAN AKOMODASI LAINNYA'),
(1728, '56', 'PENYEDIAAN MAKANAN DAN MINUMAN'),
(1729, '561', 'RESTORAN DAN PENYEDIAAN MAKANAN KELILING'),
(1730, '5610', 'RESTORAN DAN PENYEDIAAN MAKANAN KELILING'),
(1731, '56101', 'RESTORAN'),
(1732, '56102', 'WARUNG MAKAN'),
(1733, '56103', 'KEDAI MAKANAN'),
(1734, '56104', 'PENYEDIAAN MAKANAN KELILING/TEMPAT TIDAK TETAP'),
(1735, '56109', 'RESTORAN DAN PENYEDIAAN MAKANAN KELILING LAINNYA'),
(1736, '562', 'JASA BOGA UNTUK SUATU EVENT TERTENTU (EVENT CATERING) DAN PENYEDIAAN MAKANAN LAINNYA'),
(1737, '5621', 'JASA BOGA UNTUK SUATU EVENT TERTENTU (EVENT CATERING)'),
(1738, '56210 ', 'JASA BOGA UNTUK SUATU EVENT TERTENTU (EVENT CATERING)'),
(1739, '5629', 'PENYEDIAAN MAKANAN LAINNYA'),
(1740, '56290', 'PENYEDIAAN MAKANAN LAINNYA'),
(1741, '563', 'PENYEDIAAN MINUMAN'),
(1742, '5630', 'PENYEDIAAN MINUMAN'),
(1743, '56301', 'BAR'),
(1744, '56302', 'KELAB MALAM ATAU DISKOTIK YANG UTAMANYA MENYEDIAKAN MINUMAN'),
(1745, '56303', 'RUMAH MINUM/KAFE'),
(1746, '56304', 'KEDAI MINUMAN'),
(1747, '56305', 'RUMAH/KEDAI OBAT TRADISIONAL'),
(1748, '56306', 'PENYEDIAAN MINUMAN KELILING/TEMPAT TIDAK TETAP'),
(1749, 'J', 'INFORMASI DAN KOMUNIKASI'),
(1750, '58', 'AKTIVITAS PENERBITAN'),
(1751, '581', 'AKTIVITAS  PENERBITAN BUKU, MAJALAH DAN TERBITAN LAINNYA'),
(1752, '5811', 'PENERBITAN BUKU'),
(1753, '58110', 'PENERBITAN BUKU'),
(1754, '5812', 'PENERBITAN DIREKTORI DAN MAILING LIST'),
(1755, '58120', 'PENERBITAN DIREKTORI DAN MAILING LIST'),
(1756, '5813', 'PENERBITAN SURAT KABAR, JURNAL DAN MAJALAH ATAU TERBITAN BERKALA LAINNYA'),
(1757, '58130', 'PENERBITAN SURAT KABAR, JURNAL DAN BULETIN ATAU MAJALAH'),
(1758, '5819', 'AKTIVITAS  PENERBITAN LAINNYA'),
(1759, '58190', 'AKTIVITAS  PENERBITAN LAINNYA'),
(1760, '582', 'PENERBITAN PIRANTI LUNAK (SOFTWARE)'),
(1761, '5820', 'PENERBITAN PIRANTI LUNAK (SOFTWARE)'),
(1762, '58200', 'PENERBITAN PIRANTI LUNAK (SOFTWARE)'),
(1763, '59', 'AKTIVITAS PRODUKSI GAMBAR BERGERAK, VIDEO DAN PROGRAM TELEVISI, PEREKAMAN SUARA DAN PENERBITAN MUSIK'),
(1764, '591', 'AKTIVITAS PRODUKSI GAMBAR BERGERAK, VIDEO DAN PROGRAM TELEVISI'),
(1765, '5911', 'AKTIVITAS PRODUKSI GAMBAR BERGERAK, VIDEO DAN PROGRAM TELEVISI'),
(1766, '59111', 'AKTIVITAS PRODUKSI FILM, VIDEO DAN PROGRAM TELEVISI OLEH PEMERINTAH'),
(1767, '59112', 'AKTIVITAS PRODUKSI FILM,  VIDEO DAN PROGRAM TELEVISI OLEH SWASTA'),
(1768, '5912', 'AKTIVITAS PASCA PRODUKSI FILM, VIDEO DAN PROGRAM TELEVISI'),
(1769, '59121', 'AKTIVITAS PASCA PRODUKSI FILM, VIDEO DAN PROGRAM TELEVISI OLEH PEMERINTAH'),
(1770, '59122', 'AKTIVITAS PASCA PRODUKSI FILM,  VIDEO DAN PROGRAM TELEVISI OLEH SWASTA'),
(1771, '5913', 'AKTIVITASDISTRIBUSI GAMBAR BERGERAK, VIDEO DAN PROGRAM TELEVISI'),
(1772, '59131', 'AKTIVITAS DISTRIBUSI FILM, VIDEO DAN PROGRAM TELEVISI OLEH PEMERINTAH'),
(1773, '591312', 'AKTIVITAS DISTRIBUSI FILM,  VIDEO DAN PROGRAM TELEVISI OLEH SWASTA'),
(1774, '5914', 'AKTIVITAS PEMUTARAN FILM'),
(1775, '59140', 'AKTIVITAS PEMUTARAN FILM'),
(1776, '592', 'AKTIVITAS PEREKAMAN SUARA DAN PENERBITAN MUSIK'),
(1777, '5920', 'AKTIVITAS PEREKAMAN SUARA DAN PENERBITAN MUSIK'),
(1778, '59201', 'AKTIVITAS PEREKAMAN SUARA'),
(1779, '59202', 'AKTIVITAS PENERBITAN MUSIK DAN BUKU MUSIK'),
(1780, '60', 'AKTIVITAS PENYIARAN DAN PEMROGRAMAN'),
(1781, '601', 'PENYIARAN RADIO'),
(1782, '6010', 'PENYIARAN RADIO'),
(1783, '60101', 'PENYIARAN RADIO OLEH PEMERINTAH'),
(1784, '60102', 'PENYIARAN RADIO OLEH SWASTA'),
(1785, '602', 'AKTIVITAS PENYIARAN DAN PEMROGRAMAN TELEVISI'),
(1786, '6020', 'AKTIVITAS PENYIARAN DAN PEMROGRAMAN TELEVISI'),
(1787, '60201', 'AKTIVITAS PENYIARAN DAN PEMROGRAMAN TELEVISI OLEH PEMERINTAH'),
(1788, '60202', 'AKTIVITAS PENYIARAN DAN PEMROGRAMAN TELEVISI OLEH SWASTA'),
(1789, '61', 'TELEKOMUNIKASI'),
(1790, '611', 'AKTIVITAS TELEKOMUNIKASI DENGAN KABEL'),
(1791, '6110', 'AKTIVITAS TELEKOMUNIKASI DENGAN KABEL'),
(1792, '61100', 'AKTIVITAS TELEKOMUNIKASI DENGAN KABEL'),
(1793, '612', 'AKTIVITAS TELEKOMUNIKASI TANPA KABEL'),
(1794, '6120', 'AKTIVITAS TELEKOMUNIKASI TANPA KABEL'),
(1795, '61200', 'AKTIVITAS TELEKOMUNIKASI TANPA KABEL'),
(1796, '613', 'AKTIVITAS TELEKOMUNIKASI SATELIT'),
(1797, '6130', 'AKTIVITAS TELEKOMUNIKASI SATELIT'),
(1798, '61300', 'AKTIVITAS TELEKOMUNIKASI SATELIT'),
(1799, '619', 'AKTIVITAS TELEKOMUNIKASI LAINNYA'),
(1800, '6191', 'JASA NILAI TAMBAH TELEPONI'),
(1801, '61911', 'JASA PANGGILAN PREMIUM (PREMIUM CALL)'),
(1802, '61912', 'JASA SMS PREMIUM'),
(1803, '61919', 'JASA NILAI TAMBAH TELEPONI LAINNYA'),
(1804, '6192', 'JASA MULTIMEDIA '),
(1805, '61921', 'INTERNET SERVICE PROVIDER'),
(1806, '61922', 'JASA SISTEM KOMUNIKASI'),
(1807, '61923', 'JASA INTERNET TELEPONI UNTUK KEPERLUAN PUBLIK (ITKP)'),
(1808, '61924', 'JASA INTERKONEKSI INTERNET (NAP)'),
(1809, '61925', 'JASA PENYEDIA KONTEN MELALUI JARINGAN BERGERAK SELULER ATAU JARINGAN TETAP LOKAL TANPA KABEL DENGAN MOBILITAS TERBATAS'),
(1810, '61929', 'JASA MULTIMEDIA LAINNYA'),
(1811, '6199', 'AKTIVITAS TELEKOMUNIKASI LAINNYA YTDL'),
(1812, '61991', 'AKTIVITAS TELEKOMUNIKASI KHUSUS UNTUK PENYIARAN'),
(1813, '61992', 'AKTIVITAS TELEKOMUNIKASI KHUSUS UNTUK KEPERLUAN SENDIRI'),
(1814, '61993', 'AKTIVITAS TELEKOMUNIKASI KHUSUS UNTUK KEPERLUAN PERTAHANAN KEAMANAN'),
(1815, '61994', 'JASA JUAL KEMBALI AKSES INTERNET'),
(1816, '61995', 'JASA JUAL KEMBALI JASA TELEPONI DASAR'),
(1817, '61999', 'AKTIVITAS TELEKOMUNIKASI LAINNYA YTDL'),
(1818, '62', 'AKTIVITAS PEMROGRAMAN, KONSULTASI KOMPUTER DAN KEGIATAN YBDI'),
(1819, '620', 'AKTIVITAS PEMROGRAMAN, KONSULTASI KOMPUTER DAN KEGIATAN YBDI'),
(1820, '6201', 'AKTIVITAS PEMROGRAMAN KOMPUTER'),
(1821, '62011', 'AKTIVITAS PENGEMBANGAN VIDEO GAME'),
(1822, '62012', 'AKTIVITAS PENGEMBANGAN APLIKASI PERDAGANGAN MELALUI INTERNET (E-COMMERCE)'),
(1823, '62019', 'AKTIVITAS PEMROGRAMAN KOMPUTER LAINNYA'),
(1824, '6202', 'AKTIVITAS KONSULTASI KOMPUTER DAN MANAJEMEN FASILITAS KOMPUTER'),
(1825, '62021', 'AKTIVITAS KONSULTASI KEAMANAN INFORMASI'),
(1826, '62029', 'AKTIVITAS KONSULTASI KOMPUTER DAN MANAJEMEN FASILITAS KOMPUTER LAIINYA'),
(1827, '6209', 'AKTIVITAS TEKNOLOGI INFORMASI DAN JASA KOMPUTER LAINNYA'),
(1828, '62090', 'AKTIVITAS TEKNOLOGI INFORMASI DAN JASA KOMPUTER LAINNYA'),
(1829, '63', 'AKTIVITAS JASA INFORMASI'),
(1830, '631', 'AKTIVITAS PENGOLAHAN DATA, HOSTING DAN KEGIATAN YBDI; PORTAL WEB'),
(1831, '6311', 'AKTIVITAS PENGOLAHAN DATA, HOSTING DAN YBDI'),
(1832, '63111', 'AKTIVITAS PENGOLAHAN DATA'),
(1833, '63112', 'AKTIVITAS HOSTING DAN YBDI'),
(1834, '6312', 'PORTAL WEB'),
(1835, '63120', 'PORTAL WEB'),
(1836, '639', 'AKTIVITAS JASA INFORMASI LAINNYA'),
(1837, '6391', 'AKTIVITAS KANTOR BERITA'),
(1838, '63911', 'AKTIVITAS KANTOR BERITA OLEH PEMERINTAH'),
(1839, '63912', 'AKTIVITAS KANTOR BERITA OLEH SWASTA'),
(1840, '6399', 'AKTIVITAS JASA INFORMASI LAINNYA YTDL'),
(1841, '63990', 'AKTIVITAS JASA INFORMASI LAINNYA YTDL'),
(1842, 'K', 'AKTIVITAS KEUANGAN DAN ASURANSI'),
(1843, '64', 'AKTIVITAS JASA KEUANGAN, BUKAN ASURANSI DAN DANA PENSIUN'),
(1844, '641', 'PERANTARA MONETER'),
(1845, '6411', 'BANK SENTRAL'),
(1846, '64110', 'BANK SENTRAL'),
(1847, '6412', 'PERBANKAN KONVENSIONAL'),
(1848, '64121', 'BANK UMUM PEMERINTAH/BUMN/PERSERO'),
(1849, '64122', 'BANK UMUM PEMERINTAH DAERAH DEVISA'),
(1850, '64123', 'BANK UMUM PEMERINTAH DAERAH NON DEVISA'),
(1851, '64124', 'KANTOR CABANG BANK ASING'),
(1852, '64125', 'BANK UMUM SWASTA DEVISA'),
(1853, '64126', 'BANK UMUM SWASTA NON DEVISA'),
(1854, '64127', 'BANK PERKREDITAN RAKYAT (BPR)'),
(1855, '6413', 'PERBANKAN SYARIAH'),
(1856, '64131', 'BANK UMUM SYARIAH DEVISA'),
(1857, '64132', 'BANK UMUM SYARIAH NON DEVISA'),
(1858, '64133', 'BANK PEMBIAYAAN RAKYAT (BPR) SYARIAH'),
(1859, '64134', 'UNIT USAHA SYARIAH'),
(1860, '6414', 'KOPERASI SIMPAN PINJAM/UNIT SIMPAN PINJAM'),
(1861, '64141', 'KOPERASI SIMPAN PINJAM/UNIT SIMPAN PINJAM KONVENSIONAL KONVENSIONAL'),
(1862, '64142', 'KOPERASI SIMPAN PINJAM/UNIT SIMPAN PINJAM KONVENSIONAL SYARIAH'),
(1863, '6415', 'LEMBAGA KEUANGAN MIKRO'),
(1864, '64151', 'LEMBAGA KEUANGAN MIKRO KONVENSIONAL'),
(1865, '64152', 'LEMBAGA KEUANGAN MIKRO SYARIAH'),
(1866, '6419', 'PERANTARA MONETER LAINNYA'),
(1867, '64190', 'PERANTARA MONETER LAINNYA'),
(1868, '642', 'AKTIVITAS PERUSAHAAN HOLDING'),
(1869, '6420', 'AKTIVITAS PERUSAHAAN HOLDING'),
(1870, '64200', 'AKTIVITAS PERUSAHAAN HOLDING'),
(1871, '643', 'TRUST, PEMBIAYAAN DAN ENTITAS KEUANGAN SEJENIS'),
(1872, '6430', 'TRUST, PEMBIAYAAN DAN ENTITAS KEUANGAN SEJENIS '),
(1873, '64300', 'TRUST, PEMBIAYAAN DAN ENTITAS KEUANGAN SEJENIS'),
(1874, '649', 'AKTIVITAS JASA KEUANGAN LAINNYA, BUKAN ASURANSI DAN DANA PENSIUN'),
(1875, '6491', 'SEWA GUNA USAHA DENGAN HAK OPSI'),
(1876, '64910', 'SEWA GUNA USAHA DENGAN HAK OPSI'),
(1877, '6492', 'PINJAMAN KREDIT LAINNYA'),
(1878, '64921', 'PEGADAIAN'),
(1879, '64922', 'PEMBIAYAAN KONSUMEN (CONSUMERS CREDIT)'),
(1880, '64923', 'PEMBIAYAAN KARTU KREDIT (CREDIT CARD)'),
(1881, '64929', 'PEMBIAYAAN NON LEASING LAINNYA'),
(1882, '6499', 'AKTIVITAS JASA KEUANGAN LAINNYA YTDL, BUKAN ASURANSI DAN DANA PENSIUN '),
(1883, '64991', 'MODAL VENTURA (VENTURA CAPITAL)'),
(1884, '64992', 'PEMBIAYAAN ANJAK PIUTANG (FACTORING)'),
(1885, '64993', 'LEMBAGA PENJAMINAN'),
(1886, '64999', 'AKTIVITAS JASA KEUANGAN LAINNYA YTDL, BUKAN ASURANSI DAN DANA PENSIUN'),
(1887, '65', 'ASURANSI, REASURANSI DAN DANA PENSIUN, BUKAN JAMINAN SOSIAL WAJIB'),
(1888, '651', 'ASURANSI'),
(1889, '6511', 'ASURANSI JIWA'),
(1890, '65111', 'ASURANSI JIWA KONVENSIONAL'),
(1891, '65112', 'ASURANSI JIWA SYARIAH'),
(1892, '6512', 'ASURANSI NON JIWA'),
(1893, '65121', 'ASURANSI NON JIWA KONVENSIONAL'),
(1894, '65122', 'ASURANSI NON JIWA SYARIAH'),
(1895, '652', 'REASURANSI'),
(1896, '6520', 'REASURANSI'),
(1897, '65201', 'REASURANSI KONVENSIONAL'),
(1898, '65202', 'REASURANSI SYARIAH'),
(1899, '653', 'DANA PENSIUN'),
(1900, '6530', 'DANA PENSIUN'),
(1901, '65301', 'DANA PENSIUN PEMBERI KERJA'),
(1902, '65302', 'DANA PENSIUN LEMBAGA KEUANGAN'),
(1903, '66', 'AKTIVITAS PENUNJANG JASA KEUANGAN, ASURANSI DAN DANA PENSIUN'),
(1904, '661', 'AKTIVITAS PENUNJANG JASA KEUANGAN, BUKAN ASURANSI DAN DANA PENSIUN'),
(1905, '6611', 'ADMINISTRASI PASAR KEUANGAN'),
(1906, '66111', 'PASAR MODAL (BURSA EFEK)'),
(1907, '66112', 'BURSA BERJANGKA (KOMODITAS)'),
(1908, '6612', 'PERDAGANGAN PERANTARA KONTRAK KOMODITAS DAN SURAT BERHARGA'),
(1909, '66121', 'PENJAMIN EMISI EFEK (UNDERWRITER)'),
(1910, '66122', 'PERANTARA PEDAGANG EFEK (BROKER DEALER)'),
(1911, '66123', 'MANAGER INVESTASI'),
(1912, '66124', 'PEDAGANG BERJANGKA  '),
(1913, '66125', 'PIALANG BERJANGKA '),
(1914, '66126', 'KEGIATAN PENUKARAN VALUTA ASING (MONEY CHANGER) '),
(1915, '66127', 'BROKER DAN DEALER VALUTA ASING'),
(1916, '6619', 'AKTIVITAS PENUNJANG JASA KEUANGAN LAINNYA'),
(1917, '66191', 'LEMBAGA KLIRING DAN PENJAMINAN EFEK'),
(1918, '66192', 'LEMBAGA PENYIMPANAN DAN PENYELESAIAN'),
(1919, '66193', 'BIRO ADMINISTRASI EFEK'),
(1920, '66194', 'KUSTODIAN (CUSTODIAN)'),
(1921, '66195', 'WALI AMANAT (TRUSTEE)'),
(1922, '66196', 'LEMBAGA PEMERINGKAT EFEK'),
(1923, '66197', 'LEMBAGA KLIRING DAN PENJAMINAN BERJANGKA'),
(1924, '66198', 'PENGELOLA SENTRA DANA BERJANGKA'),
(1925, '66199', 'AKTIVITAS PENUNJANG JASA KEUANGAN LAINNYA  YTDL'),
(1926, '662', 'AKTIVITAS PENUNJANG ASURANSI DAN DANA PENSIUN'),
(1927, '6621', 'AKTIVITAS PENILAIAN RISIKO DAN KERUGIAN '),
(1928, '66210', 'AKTIVITAS PENILAIAN RISIKO DAN KERUGIAN'),
(1929, '6622', 'AKTIVITAS AGEN, BROKER DAN PIALANG ASURANSI'),
(1930, '66221', 'AKTIVITAS AGEN ASURANSI'),
(1931, '66222', 'AKTIVITAS BROKER ASURANSI'),
(1932, '66223', 'AKTIVITAS BROKER REASURANSI'),
(1933, '66224', 'AKTIVITAS PIALANG ASURANSI'),
(1934, '66225', 'AKTIVITAS PIALANG REASURANSI'),
(1935, '6629', 'AKTIVITAS PENUNJANG LAINNYA UNTUK ASURANSI DAN DANA PENSIUN '),
(1936, '66291', 'AKTUARIA'),
(1937, '66292', 'AKTIVITAS PENUNJANG ASURANSI DAN DANA PENSIUN LAINNYA'),
(1938, '663', 'AKTIVITAS MANAJEMEN DANA'),
(1939, '6630', 'AKTIVITAS MANAJEMEN DANA'),
(1940, '66300', 'AKTIVITAS MANAJEMEN DANA'),
(1941, 'L', 'REAL ESTAT'),
(1942, '68', 'REAL ESTAT'),
(1943, '681', 'REAL ESTAT YANG DIMILIKI SENDIRI ATAU DISEWA DAN KAWASAN PARIWISATA'),
(1944, '6811', 'REAL ESTAT YANG DIMILIKI SENDIRI ATAU DISEWA'),
(1945, '68110', 'REAL ESTAT YANG DIMILIKI SENDIRI ATAU DISEWA'),
(1946, '6812', 'KAWASAN PARIWISATA'),
(1947, '68120', 'KAWASAN PARIWISATA'),
(1948, '6813', 'KAWASAN INDUSTRI'),
(1949, '68130', 'KAWASAN INDUSTRI'),
(1950, '682', 'REAL ESTAT ATAS DASAR BALAS JASA (FEE) ATAU KONTRAK'),
(1951, '6820', 'REAL ESTAT ATAS DASAR BALAS JASA (FEE) ATAU KONTRAK'),
(1952, '68200', 'REAL ESTAT  ATAS DASAR BALAS JASA (FEE) ATAU KONTRAK'),
(1953, 'M', 'AKTIVITAS PROFESIONAL, ILMIAH DAN TEKNIS'),
(1954, '69', 'AKTIVITAS HUKUM DAN AKUNTANSI'),
(1955, '691', 'AKTIVITAS HUKUM'),
(1956, '6910', 'AKTIVITAS HUKUM'),
(1957, '69101', 'AKTIVITAS PENGACARA'),
(1958, '69102', 'AKTIVITAS KONSULTAN HUKUM'),
(1959, '69103', 'AKTIVITAS KONSULTAN KEKAYAAN INTELEKTUAL'),
(1960, '69104', 'AKTIVITAS NOTARIS DAN PEJABAT PEMBUAT AKTA TANAH'),
(1961, '69109', 'AKTIVITAS HUKUM LAINNYA'),
(1962, '692', 'AKTIVITAS AKUNTANSI, PEMBUKUAN DAN PEMERIKSA; KONSULTASI PAJAK'),
(1963, '6920', 'AKTIVITAS AKUNTANSI, PEMBUKUAN DAN PEMERIKSA; KONSULTASI PAJAK'),
(1964, '69201', 'AKTIVITAS AKUNTANSI, PEMBUKUAN DAN PEMERIKSA'),
(1965, '69202', 'AKTIVITAS KONSULTASI PAJAK'),
(1966, '70', 'AKTIVITAS KANTOR PUSAT DAN KONSULTASI MANAJEMEN'),
(1967, '701', 'AKTIVITAS KANTOR PUSAT'),
(1968, '7010', 'AKTIVITAS KANTOR PUSAT'),
(1969, '70100', 'AKTIVITAS KANTOR PUSAT'),
(1970, '702', 'AKTIVITAS KONSULTASI MANAJEMEN'),
(1971, '7020', 'AKTIVITAS KONSULTASI MANAJEMEN'),
(1972, '70201', 'AKTIVITAS KONSULTASI PARIWISATA'),
(1973, '70202', 'AKTIVITAS KONSULTASI TRANSPORTASI'),
(1974, '70203', 'AKTIVITAS KEHUMASAN'),
(1975, '70204', 'AKTIVITAS KONSULTASI INVESTASI DAN PERDAGANGAN BERJANGKA'),
(1976, '70209', 'AKTIVITAS KONSULTASI MANAJEMEN LAINNYA'),
(1977, '71', 'AKTIVITAS ARSITEKTUR DAN KEINSINYURAN; ANALISIS DAN UJI TEKNIS'),
(1978, '711', 'AKTIVITAS ARSITEKTUR DAN KEINSINYURAN SERTA KONSULTASI TEKNIS YBDI'),
(1979, '7110', 'AKTIVITAS ARSITEKTUR DAN KEINSINYURAN SERTA KONSULTASI TEKNIS YBDI'),
(1980, '71101', 'AKTIVITAS ARSITEKTUR'),
(1981, '71102', 'AKTIVITAS KEINSINYURAN DAN KONSULTASI TEKNIS YBDI'),
(1982, '712', 'ANALISIS DAN UJI TEKNIS'),
(1983, '7120', 'ANALISIS DAN UJI TEKNIS'),
(1984, '71201', 'JASA SERTIFIKASI'),
(1985, '71202', 'JASA PENGUJIAN LABORATORIUM'),
(1986, '71203', 'JASA INSPEKSI PERIODIK'),
(1987, '71204', 'JASA INSPEKSI TEKNIK INSTALASI'),
(1988, '71205', 'JASA KALIBRASI/METROLOGI'),
(1989, '71209', 'ANALISIS DAN UJI TEKNIS LAINNYA'),
(1990, '72', 'PENELITIAN DAN PENGEMBANGAN ILMU PENGETAHUAN'),
(1991, '721', 'PENELITIAN DAN PENGEMBANGAN ILMU PENGETAHUAN ALAM DAN ILMU TEKNOLOGI DAN REKAYASA'),
(1992, '7210', 'PENELITIAN DAN PENGEMBANGAN ILMU PENGETAHUAN ALAM DAN ILMU TEKNOLOGI DAN REKAYASA'),
(1993, '72101', 'PENELITIAN DAN PENGEMBANGAN ILMU PENGETAHUAN ALAM'),
(1994, '72102', 'PENELITIAN DAN PENGEMBANGAN TEKNOLOGI DAN REKAYASA'),
(1995, '72103', 'PENELITIAN DAN PENGEMBANGAN ILMU KEDOKTERAN'),
(1996, '72104', 'PENELITIAN DAN PENGEMBANGAN BIOTEKNOLOGI'),
(1997, '72105', 'PENELITIAN DAN PENGEMBANGAN ILMU PERTANIAN DAN PETERNAKAN'),
(1998, '72106', 'PENELITIAN DAN PENGEMBANGAN ILMU PERIKANAN DAN KELAUTAN'),
(1999, '72109 ', 'PENELITIAN DAN PENGEMBANGAN ILMU PENGETAHUAN ALAM DAN TEKNOLOGI REKAYASA LAINNYA'),
(2000, '722', 'PENELITIAN DAN PENGEMBANGAN ILMU PENGETAHUAN SOSIAL DAN HUMANIORA'),
(2001, '7220', 'PENELITIAN DAN PENGEMBANGAN ILMU PENGETAHUAN SOSIAL DAN HUMANIORA'),
(2002, '72201', 'PENELITIAN DAN PENGEMBANGAN ILMU PENGETAHUAN SOSIAL'),
(2003, '72202', 'PENELITIAN DAN PENGEMBANGAN LINGUISTIK DAN SASTRA'),
(2004, '72203', 'PENELITIAN DAN PENGEMBANGAN AGAMA'),
(2005, '72204', 'PENELITIAN DAN PENGEMBANGAN SENI'),
(2006, '72205', 'PENELITIAN DAN PENGEMBANGAN PSIKOLOGI'),
(2007, '72206', 'PENELITIAN DAN PENGEMBANGAN SEJARAH'),
(2008, '72209', 'PENELITIAN DAN PENGEMBANGAN ILMU PENGETAHUAN SOSIAL DAN HUMANIORA LAINNYA.'),
(2009, '73', 'PERIKLANAN DAN PENELITIAN PASAR'),
(2010, '731', 'PERIKLANAN'),
(2011, '7310', 'PERIKLANAN'),
(2012, '73100', 'PERIKLANAN'),
(2013, '732', 'PENELITIAN PASAR DAN JAJAK PENDAPAT MASYARAKAT'),
(2014, '7320', 'PENELITIAN PASAR DAN JAJAK PENDAPAT MASYARAKAT'),
(2015, '73201', 'PENELITIAN PASAR'),
(2016, '73202', 'JAJAK PENDAPAT MASYARAKAT'),
(2017, '74', 'AKTIVITAS PROFESIONAL, ILMIAH DAN TEKNIS LAINNYA'),
(2018, '741', 'AKTIVITAS PERANCANGAN KHUSUS'),
(2019, '7410', 'AKTIVITAS PERANCANGAN KHUSUS'),
(2020, '74100', 'AKTIVITAS PERANCANGAN KHUSUS'),
(2021, '742', 'AKTIVITAS FOTOGRAFI'),
(2022, '7420', 'AKTIVITAS FOTOGRAFI'),
(2023, '74201', 'AKTIVITAS FOTOGRAFI'),
(2024, '74202', 'AKTIVITAS ANGKUTAN UDARA KHUSUS PEMOTRETAN, SURVEI DAN PEMETAAN'),
(2025, '749', 'AKTIVITAS PROFESIONAL, ILMIAH DAN TEKNIS LAINNYA YTDL'),
(2026, '7490', 'AKTIVITAS PROFESIONAL, ILMIAH DAN TEKNIS LAINNYA YTDL'),
(2027, '74901', 'AKTIVITAS PENERJEMAH ATAU INTERPRETER'),
(2028, '74902', 'AKTIVITAS KONSULTASI BISNIS DAN BROKER BISNIS'),
(2029, '74909', 'AKTIVITAS PROFESIONAL, ILMIAH DAN TEKNIS LAINNYA YTDL'),
(2030, '75', 'AKTIVITAS KESEHATAN HEWAN'),
(2031, '750', 'AKTIVITAS KESEHATAN HEWAN'),
(2032, '7500', 'AKTIVITAS KESEHATAN HEWAN '),
(2033, '75000', 'AKTIVITAS KESEHATAN HEWAN'),
(2034, 'N', 'AKTIVITAS PENYEWAAN DAN SEWA GUNA USAHA TANPA HAK OPSI, KETENAGAKERJAAN, AGEN PERJALANAN DAN PENUNJANG USAHA LAINNYA'),
(2035, '77', 'AKTIVITAS PENYEWAAN DAN SEWA GUNA USAHA TANPA HAK OPSI'),
(2036, '771', 'AKTIVITAS PENYEWAAN DAN SEWA GUNA USAHA TANPA HAK OPSI MOBIL, BUS, TRUK DAN SEJENISNYA'),
(2037, '7710', 'AKTIVITAS PENYEWAAN DAN SEWA GUNA USAHA TANPA HAK OPSI MOBIL, BUS, TRUK DAN SEJENISNYA'),
(2038, '77100', 'AKTIVITAS PENYEWAAN DAN SEWA GUNA USAHA TANPA HAK OPSI MOBIL, BUS, TRUK DAN SEJENISNYA'),
(2039, '772', 'AKTIVITAS PENYEWAAN DAN SEWA GUNA USAHA TANPA HAK OPSI BARANG PRIBADI DAN RUMAH TANGGA'),
(2040, '7721', 'AKTIVITAS PENYEWAAN DAN SEWA GUNA USAHA TANPA HAK OPSI ALAT REKREASI DAN OLAHRAGA'),
(2041, '77210', 'AKTIVITAS PENYEWAAN DAN SEWA GUNA USAHA TANPA HAK OPSI ALAT REKREASI DAN OLAHRAGA'),
(2042, '7722', 'AKTIVITAS PENYEWAAN KASET VIDEO, CD, VCD/DVD DAN SEJENISNYA'),
(2043, '77220', 'AKTIVITAS PENYEWAAN KASET VIDEO, CD, VCD/DVD DAN SEJENISNYA'),
(2044, '7729', 'AKTIVITAS PENYEWAAN DAN SEWA GUNA USAHA TANPA HAK OPSI BARANG PRIBADI DAN RUMAH TANGGA LAIN YTDL '),
(2045, '77291', 'AKTIVITAS PENYEWAAN DAN SEWA GUNA USAHA TANPA HAK OPSI ALAT PESTA'),
(2046, '77292', 'AKTIVITAS PENYEWAAN DAN SEWA GUNA USAHA TANPA HAK OPSI BARANG KEPERLUAN RUMAH TANGGA DAN PRIBADI'),
(2047, '77293', 'AKTIVITAS PENYEWAAN DAN SEWA GUNA USAHA TANPA HAK OPSI BARANG HASIL PENCETAKAN DAN PENERBITAN'),
(2048, '77294', 'AKTIVITAS PENYEWAAN DAN SEWA GUNA USAHA TANPA HAK OPSI BUNGA DAN TANAMAN HIAS'),
(2049, '77295', 'AKTIVITAS PENYEWAAN DAN SEWA GUNA USAHA TANPA HAK OPSI ALAT  MUSIK'),
(2050, '77299', 'AKTIVITAS PENYEWAAN DAN SEWA GUNA USAHA TANPA HAK OPSI BARANG KEPERLUAN RUMAH TANGGA DAN PRIBADI LAINNYA YTDL'),
(2051, '773', 'AKTIVITAS PENYEWAAN DAN SEWA GUNA USAHA TANPA HAK OPSI MESIN, PERALATAN DAN BARANG BERWUJUD LAINNYA'),
(2052, '7730', 'AKTIVITAS PENYEWAAN DAN SEWA GUNA USAHA TANPA HAK OPSI MESIN, PERALATAN DAN BARANG BERWUJUD LAINNYA'),
(2053, '77301', 'AKTIVITAS PENYEWAAN DAN SEWA GUNA USAHA TANPA HAK OPSI MESIN DAN PERALATAN INDUSTRI'),
(2054, '77302', 'AKTIVITAS PENYEWAAN DAN SEWA GUNA USAHA TANPA HAK OPSI ALAT TRANSPORTASI DARAT BUKAN KENDARAAN BERMOTOR RODA EMPAT ATAU LEBIH'),
(2055, '77303', 'AKTIVITAS PENYEWAAN DAN SEWA GUNA USAHA TANPA HAK OPSI ALAT TRANSPORTASI AIR'),
(2056, '77304', 'AKTIVITAS PENYEWAAN DAN SEWA GUNA USAHA TANPA HAK OPSI ALAT TRANSPORTASI UDARA'),
(2057, '77305', 'AKTIVITAS PENYEWAAN DAN SEWA GUNA USAHA TANPA HAK OPSI MESIN PERTANIAN DAN PERALATANNYA'),
(2058, '77306', 'AKTIVITAS PENYEWAAN DAN SEWA GUNA USAHA TANPA HAK OPSI MESIN DAN PERALATAN KONSTRUKSI DAN TEKNIK SIPIL'),
(2059, '77307', 'AKTIVITAS PENYEWAAN DAN SEWA GUNA USAHA TANPA HAK OPSI MESIN KANTOR DAN PERALATANNYA'),
(2060, '77309', 'AKTIVITAS PENYEWAAN DAN SEWA GUNA USAHA TANPA HAK OPSI MESIN, PERALATAN DAN BARANG BERWUJUD LAINNYA YTDL'),
(2061, '774', 'SEWA GUNA USAHA TANPA HAK OPSI ASET NON FINANSIAL, BUKAN KARYA HAK CIPTA'),
(2062, '7740', 'SEWA GUNA USAHA TANPA HAK OPSI ASET NON FINANSIAL, BUKAN KARYA HAK CIPTA'),
(2063, '77400', 'SEWA GUNA USAHA TANPA HAK OPSI ASET NON FINANSIAL, BUKAN KARYA HAK CIPTA'),
(2064, '78', 'AKTIVITAS KETENAGAKERJAAN'),
(2065, '781', 'AKTIVITAS PENEMPATAN TENAGA KERJA'),
(2066, '7810', 'AKTIVITAS PENEMPATAN TENAGA KERJA'),
(2067, '78101', 'AKTIVITAS PENYELEKSIAN DAN PENEMPATAN TENAGA KERJA DALAM NEGERI'),
(2068, '78102', 'AKTIVITAS PENYELEKSIAN DAN PENEMPATAN TENAGA KERJA LUAR NEGERI'),
(2069, '782', 'AKTIVITAS PENYEDIAAN TENAGA KERJA WAKTU TERTENTU'),
(2070, '7820', 'AKTIVITAS PENYEDIAAN TENAGA KERJA WAKTU TERTENTU'),
(2071, '78200', 'AKTIVITAS PENYEDIAAN TENAGA KERJA WAKTU TERTENTU'),
(2072, '783', 'PENYEDIAAN SUMBER DAYA MANUSIA DAN MANAJEMEN FUNGSI SUMBER DAYA MANUSIA'),
(2073, '7830', 'PENYEDIAAN SUMBER DAYA MANUSIA DAN MANAJEMEN FUNGSI SUMBER DAYA MANUSIA'),
(2074, '78300', 'PENYEDIAAN SUMBER DAYA MANUSIA DAN MANAJEMEN FUNGSI SUMBER DAYA MANUSIA'),
(2075, '79', 'AKTIVITAS AGEN PERJALANAN, PENYELENGGARA TUR DAN JASA RESERVASI LAINNYA'),
(2076, '791', 'AKTIVITAS AGEN PERJALANAN DAN PENYELENGGARA TUR'),
(2077, '7911', 'AKTIVITAS AGEN PERJALANAN'),
(2078, '79111', 'AKTIVITAS AGEN PERJALANAN WISATA'),
(2079, '79112', 'AKTIVITAS AGEN PERJALANAN BUKAN WISATA'),
(2080, '7912', 'AKTIVITAS BIRO PERJALANAN WISATA'),
(2081, '79120', 'AKTIVITAS BIRO PERJALANAN WISATA'),
(2082, '799', 'JASA RESERVASI LAINNYA DAN KEGIATAN YBDI'),
(2083, '7991', 'JASA INFORMASI PARIWISATA'),
(2084, '79911', 'JASA INFORMASI PARIWISATA'),
(2085, '79912', 'JASA INFORMASI WISATA ALAM'),
(2086, '7992', 'JASA PRAMUWISATA DAN INTERPRETER WISATA'),
(2087, '79921', 'JASA PRAMUWISATA'),
(2088, '79922', 'JASA INTERPRETER WISATA'),
(2089, '7999', 'JASA RESERVASI LAINNYA YBDI YTDL'),
(2090, '79990', 'JASA RESERVASI LAINNYA YBDI YTDL'),
(2091, '80', 'AKTIVITAS KEAMANAN DAN PENYELIDIKAN'),
(2092, '801', 'AKTIVITAS KEAMANAN SWASTA (PRIBADI)'),
(2093, '8010', 'AKTIVITAS KEAMANAN SWASTA (PRIBADI)'),
(2094, '80100', 'AKTIVITAS KEAMANAN SWASTA'),
(2095, '802', 'AKTIVITAS JASA SISTEM KEAMANAN'),
(2096, '8020', 'AKTIVITAS JASA SISTEM KEAMANAN'),
(2097, '80200', 'AKTIVITAS JASA SISTEM KEAMANAN'),
(2098, '803', 'AKTIVITAS PENYELIDIKAN'),
(2099, '8030', 'AKTIVITAS PENYELIDIKAN'),
(2100, '80300', 'AKTIVITAS PENYELIDIKAN'),
(2101, '81', 'AKTIVITAS PENYEDIA JASA UNTUK GEDUNG DAN PERTAMANAN'),
(2102, '811', 'AKTIVITAS PENYEDIA GABUNGAN JASA PENUNJANG FASILITAS'),
(2103, '8110', 'AKTIVITAS PENYEDIA GABUNGAN JASA PENUNJANG FASILITAS'),
(2104, '81100', 'AKTIVITAS PENYEDIA GABUNGAN JASA PENUNJANG FASILITAS'),
(2105, '812', 'AKTIVITAS KEBERSIHAN'),
(2106, '8121', 'AKTIVITAS KEBERSIHAN UMUM BANGUNAN'),
(2107, '81210', 'AKTIVITAS KEBERSIHAN UMUM BANGUNAN'),
(2108, '8129', 'AKTIVITAS KEBERSIHAN BANGUNAN DAN INDUSTRI LAINNYA'),
(2109, '81290', 'AKTIVITAS KEBERSIHAN BANGUNAN DAN INDUSTRI LAINNYA'),
(2110, '813', 'AKTIVITAS JASA PERAWATAN DAN PEMELIHARAAN TAMAN'),
(2111, '8130', 'AKTIVITAS JASA PERAWATAN DAN PEMELIHARAAN TAMAN'),
(2112, '81300', 'AKTIVITAS PERAWATAN DAN PEMELIHARAAN TAMAN'),
(2113, '82', 'AKTIVITAS ADMINISTRASI KANTOR, AKTIVITAS PENUNJANG KANTOR DAN AKTIVITAS PENUNJANG USAHA LAINNYA'),
(2114, '821', 'AKTIVITAS ADMINISTRASI KANTOR DAN PENUNJANG KANTOR'),
(2115, '8211', 'AKTIVITAS PENYEDIA GABUNGAN JASA ADMINISTRASI KANTOR'),
(2116, '82110', 'AKTIVITAS PENYEDIA GABUNGAN JASA ADMINISTRASI KANTOR'),
(2117, '8219', 'AKTIVITAS FOTO KOPI, PENYIAPAN DOKUMEN DAN AKTIVITAS KHUSUS PENUNJANG KANTOR LAINNYA'),
(2118, '82190', 'AKTIVITAS FOTO KOPI, PENYIAPAN DOKUMEN DAN AKTIVITAS KHUSUS PENUNJANG KANTOR LAINNYA'),
(2119, '822', 'AKTIVITAS CALL CENTRE'),
(2120, '8220', 'AKTIVITAS CALL CENTRE'),
(2121, '82200', 'AKTIVITAS CALL CENTRE'),
(2122, '823', 'PENYELENGGARA KONVENSI DAN PAMERAN DAGANG'),
(2123, '8230', 'PENYELENGGARA KONVENSI DAN PAMERAN DAGANG'),
(2124, '82301', 'PENYELENGGARA PERTEMUAN, PERJALANAN INSENTIF, KONFERENSI DAN PAMERAN '),
(2125, '82302', 'EVENT ORGANIZER'),
(2126, '829', 'AKTIVITAS JASA PENUNJANG USAHA YTDL'),
(2127, '8291', 'AKTIVITAS DEBT COLLECTION DAN BIRO KREDIT'),
(2128, '82910', 'AKTIVITAS DEBT COLLECTION DAN BIRO KREDIT'),
(2129, '8292', 'AKTIVITAS PENGEPAKAN'),
(2130, '82920', 'AKTIVITAS PENGEPAKAN'),
(2131, '8299', 'AKTIVITAS JASA PENUNJANG USAHA LAINNYA YTDL '),
(2132, '82990', 'AKTIVITAS JASA PENUNJANG USAHA LAINNYA YTDL'),
(2133, 'O', 'ADMINISTRASI PEMERINTAHAN, PERTAHANAN DAN JAMINAN SOSIAL WAJIB'),
(2134, '84', 'ADMINISTRASI PEMERINTAHAN, PERTAHANAN DAN JAMINAN SOSIAL WAJIB'),
(2135, '841', 'ADMINISTRASI PEMERINTAHAN DAN KEBIJAKAN EKONOMI DAN SOSIAL'),
(2136, '8411', 'KEGIATAN ADMINISTRASI PEMERINTAHAN '),
(2137, '84111', 'LEMBAGA LEGISLATIF'),
(2138, '84112', 'PENYELENGGARAAN PEMERINTAH NEGARA DAN KESEKRETARIATAN NEGARA'),
(2139, '84113', 'LEMBAGA EKSEKUTIF KEUANGAN, PERPAJAKAN DAN BEA CUKAI'),
(2140, '84114', 'LEMBAGA EKSEKUTIF PERENCANAAN'),
(2141, '84115', 'LEMBAGA PEMERINTAH NON KEMENTRIAN DENGAN TUGAS KHUSUS'),
(2142, '84119', 'KEGIATAN ADMINISTRASI PEMERINTAHAN LAINNYA'),
(2143, '8412', 'ADMINISTRASI PELAYANAN PEMERINTAH BIDANG KESEHATAN, PENDIDIKAN, KEBUDAYAAN DAN PELAYANAN SOSIAL LAIN BUKAN JAMINAN SOSIAL'),
(2144, '84121', 'ADMINISTRASI PELAYANAN PEMERINTAH BIDANG PENDIDIKAN'),
(2145, '84122', 'ADMINISTRASI PELAYANAN PEMERINTAH BIDANG KESEHATAN'),
(2146, '84123', 'ADMINISTRASI PELAYANAN PEMERINTAH BIDANG PERUMAHAN DAN LINGKUNGAN HIDUP'),
(2147, '84124', 'ADMINISTRASI PELAYANAN PEMERINTAH BIDANG KESEJAHTERAAN SOSIAL'),
(2148, '84125', 'ADMINISTRASI PELAYANAN PEMERINTAH BIDANG KEAGAMAAN'),
(2149, '84126', 'ADMINISTRASI PELAYANAN PEMERINTAH BIDANG KEBUDAYAAN/KESENIAN/REKREASI/OLAHRAGA'),
(2150, '84129', 'ADMINISTRASI PELAYANAN PEMERINTAH BIDANG SOSIAL LAINNYA BUKAN KESEHATAN, PENDIDIKAN, KEAGAMAAN DAN KEBUDAYAAN'),
(2151, '8413', 'KEGIATAN LEMBAGA PEMERINTAHAN UNTUK MENCIPTAKAN EFISIENSI PRODUKSI DAN BISNIS'),
(2152, '84131', 'KEGIATAN LEMBAGA PEMERINTAHAN BIDANG PERTANIAN'),
(2153, '84132', 'KEGIATAN LEMBAGA PEMERINTAHAN BIDANG PERTAMBANGAN DAN PENGGALIAN, LISTRIK, AIR DAN GAS'),
(2154, '84133', 'KEGIATAN LEMBAGA PEMERINTAHAN BIDANG PERINDUSTRIAN'),
(2155, '84134', 'KEGIATAN LEMBAGA PEMERINTAHAN BIDANG KOMUNIKASI DAN INFORMATIKA'),
(2156, '84135', 'KEGIATAN LEMBAGA PEMERINTAHAN BIDANG KONSTRUKSI'),
(2157, '84136', 'KEGIATAN LEMBAGA PEMERINTAHAN BIDANG PERDAGANGAN DAN PARIWISATA'),
(2158, '84137', 'KEGIATAN LEMBAGA PEMERINTAHAN BIDANG PERHUBUNGAN'),
(2159, '84138', 'KEGIATAN LEMBAGA PEMERINTAHAN BIDANG KETENAGAKERJAAN'),
(2160, '84139', 'KEGIATAN LEMBAGA PEMERINTAHAN UNTUK MENCIPTAKAN EFISIENSI PRODUKSI DAN BISNIS LAINNYA'),
(2161, '842', 'PENYEDIAAN LAYANAN UNTUK MASYARAKAT DALAM BIDANG HUBUNGAN LUAR NEGERI, PERTAHANAN, KEAMANAN DAN KETERTIBAN'),
(2162, '8421', 'HUBUNGAN LUAR NEGERI'),
(2163, '84210', 'HUBUNGAN LUAR NEGERI'),
(2164, '8422', 'PERTAHANAN DAN KEAMANAN'),
(2165, '84221', 'LEMBAGA PERTAHANAN DAN ANGKATAN BERSENJATA'),
(2166, '84222', 'ANGKATAN DARAT'),
(2167, '84223', 'ANGKATAN UDARA'),
(2168, '84224', 'ANGKATAN LAUT'),
(2169, '8423', 'KETERTIBAN DAN KEAMANAN MASYARAKAT'),
(2170, '84231', 'KEPOLISIAN'),
(2171, '84232', 'PERTAHANAN SIPIL'),
(2172, '84233', 'LEMBAGA PERADILAN'),
(2173, '84234', 'BADAN NASIONAL PENANGGULANGAN BENCANA DAN PEMADAM KEBAKARAN'),
(2174, '843', 'JAMINAN SOSIAL WAJIB'),
(2175, '8430', 'JAMINAN SOSIAL WAJIB'),
(2176, '84300', 'JAMINAN SOSIAL WAJIB'),
(2177, 'P', 'PENDIDIKAN'),
(2178, '85', 'PENDIDIKAN'),
(2179, '851', 'PENDIDIKAN DASAR DAN PENDIDIKAN ANAK USIA DINI'),
(2180, '8511', 'PENDIDIKAN DASAR PEMERINTAH'),
(2181, '85111', 'PENDIDIKAN SEKOLAH DASAR/MADRASAH IBTIDAIYAH PEMERINTAH'),
(2182, '85112', 'PENDIDIKAN SEKOLAH MENENGAH TINGKAT PERTAMA/MADRASAH TSANAWIYAH PEMERINTAH'),
(2183, '8512', 'PENDIDIKAN DASAR SWASTA'),
(2184, '85121', 'PENDIDIKAN SEKOLAH DASAR/MADRASAH IBTIDAIYAH  SWASTA'),
(2185, '85122', 'PENDIDIKAN SEKOLAH MENENGAH TINGKAT PERTAMA/MADRASAH TSANAWIYAH SWASTA'),
(2186, '8513', 'PENDIDIKAN ANAK USIA DINI'),
(2187, '85131', 'PENDIDIKAN TAMAN KANAK-KANAK PEMERINTAH'),
(2188, '85132', 'PENDIDIKAN TAMAN KANAK-KANAK SWASTA/RAUDATUL ATHFAL/BUSTANUL ATHFAL'),
(2189, '85133', 'PENDIDIKAN KELOMPOK BERMAIN'),
(2190, '85134', 'PENDIDIKAN TAMAN PENITIPAN ANAK'),
(2191, '85135', 'PENDIDIKAN TAMAN KANAK-KANAK LUAR BIASA'),
(2192, '85139', 'PENDIDIKAN ANAK USIA DINI SEJENIS LAINNYA'),
(2193, '852', 'PENDIDIKAN MENENGAH'),
(2194, '8521', 'PENDIDIKAN MENENGAH UMUM/MADRASAH ALIYAH PEMERINTAH'),
(2195, '85210', 'PENDIDIKAN MENENGAH UMUM/MADRASAH ALIYAH PEMERINTAH'),
(2196, '8522', 'PENDIDIKAN MENENGAH UMUM/MADRASAH ALIYAH SWASTA '),
(2197, '85220', 'PENDIDIKAN MENENGAH UMUM/MADRASAH ALIYAH SWASTA'),
(2198, '8523', 'PENDIDIKAN MENENGAH KEJURUAN DAN TEKNIS/MADRASAH ALIYAH KEJURUAN PEMERINTAH'),
(2199, '85230', 'PENDIDIKAN MENENGAH KEJURUAN DAN TEKNIK/MADRASAH ALIYAH KEJURUAN PEMERINTAH'),
(2200, '8524', 'PENDIDIKAN MENENGAH KEJURUAN/MADRASAH ALIYAH KEJURUAN SWASTA    '),
(2201, '85240', 'PENDIDIKAN MENENGAH KEJURUAN/MADRASAH ALIYAH KEJURUAN SWASTA'),
(2202, '853', 'PENDIDIKAN TINGGI'),
(2203, '8531', 'PENDIDIKAN TINGGI PEMERINTAH '),
(2204, '85311', 'PENDIDIKAN TINGGI PROGRAM AKADEMIK PEMERINTAH'),
(2205, '85312', 'PENDIDIKAN TINGGI PROGRAM NON AKADEMIK PEMERINTAH'),
(2206, '8532', 'PENDIDIKAN TINGGI SWASTA'),
(2207, '85321', 'PENDIDIKAN TINGGI PROGRAM AKADEMIK SWASTA'),
(2208, '85322', 'PENDIDIKAN TINGGI PROGRAM NON AKADEMIK SWASTA'),
(2209, '854', 'PENDIDIKAN LAINNYA'),
(2210, '8541', 'PENDIDIKAN OLAHRAGA DAN REKREASI'),
(2211, '85410', 'JASA PENDIDIKAN OLAHRAGA DAN REKREASI'),
(2212, '8542', 'PENDIDIKAN KEBUDAYAAN'),
(2213, '85420', 'PENDIDIKAN KEBUDAYAAN'),
(2214, '8543', 'PENDIDIKAN LAINNYA PEMERINTAH'),
(2215, '85430', 'PENDIDIKAN LAINNYA PEMERINTAH'),
(2216, '8549', 'PENDIDIKAN LAINNYA YTDL'),
(2217, '85491', 'JASA PENDIDIKAN MANAJEMEN DAN PERBANKAN'),
(2218, '85492', 'JASA PENDIDIKAN KOMPUTER (TEKNOLOGI INFORMASI DAN KOMUNIKASI) SWASTA'),
(2219, '85493', 'PENDIDIKAN BAHASA SWASTA'),
(2220, '85494', 'PENDIDIKAN KESEHATAN SWASTA'),
(2221, '85495', 'PENDIDIKAN BIMBINGAN BELAJAR DAN KONSELING SWASTA'),
(2222, '85496', 'PENDIDIKAN AWAK PESAWAT DAN JASA ANGKUTAN UDARA KHUSUS PENDIDIKAN AWAK PESAWAT'),
(2223, '85497', 'PENDIDIKAN TEKNIK SWASTA'),
(2224, '85498', 'PENDIDIKAN KERAJINAN DAN INDUSTRI'),
(2225, '85499', 'PENDIDIKAN LAINNYA SWASTA'),
(2226, '855', 'KEGIATAN PENUNJANG PENDIDIKAN'),
(2227, '8550', 'KEGIATAN PENUNJANG PENDIDIKAN'),
(2228, '85500', 'KEGIATAN PENUNJANG PENDIDIKAN'),
(2229, 'Q', 'AKTIVITAS KESEHATAN MANUSIA DAN AKTIVITAS SOSIAL'),
(2230, '86', 'AKTIVITAS KESEHATAN MANUSIA'),
(2231, '861', 'AKTIVITAS RUMAH SAKIT'),
(2232, '8610', 'AKTIVITAS RUMAH SAKIT'),
(2233, '86101', 'AKTIVITAS RUMAH SAKIT PEMERINTAH'),
(2234, '86102', 'AKTIVITAS PUSKESMAS'),
(2235, '86103', 'AKTIVITAS RUMAH SAKIT SWASTA'),
(2236, '86104', 'AKTIVITAS POLIKLINIK SWASTA'),
(2237, '86109', 'AKTIVITAS RUMAH SAKIT LAINNYA'),
(2238, '862', 'AKTIVITAS PRAKTIK DOKTER DAN DOKTER GIGI'),
(2239, '8620', 'AKTIVITAS PRAKTIK DOKTER DAN DOKTER GIGI '),
(2240, '86201', 'AKTIVITAS PRAKTIK DOKTER UMUM'),
(2241, '86202', 'AKTIVITAS PRAKTIK DOKTER SPESIALIS'),
(2242, '86203', 'AKTIVITAS PRAKTIK DOKTER GIGI'),
(2243, '869', 'AKTIVITAS PELAYANAN KESEHATAN MANUSIA LAINNYA'),
(2244, '8690', 'AKTIVITAS PELAYANAN KESEHATAN MANUSIA LAINNYA'),
(2245, '86901', 'AKTIVITAS PELAYANAN KESEHATAN YANG DILAKUKAN OLEH PARAMEDIS'),
(2246, '86902', 'AKTIVITAS PELAYANAN KESEHATAN TRADISIONAL'),
(2247, '86903', 'AKTIVITAS PELAYANAN PENUNJANG KESEHATAN'),
(2248, '86904', 'AKTIVITAS ANGKUTAN KHUSUS PENGANGKUTAN ORANG SAKIT (MEDICAL EVACUATION)'),
(2249, '87', 'AKTIVITAS SOSIAL DI DALAM PANTI'),
(2250, '871', 'AKTIVITAS SOSIAL DI DALAM PANTI UNTUK PERAWATAN DAN PEMULIHAN KESEHATAN'),
(2251, '8710', 'AKTIVITAS SOSIAL DI DALAM PANTI UNTUK PERAWATAN DAN PEMULIHAN KESEHATAN'),
(2252, '87100', 'AKTIVITAS SOSIAL DI DALAM PANTI UNTUK PERAWATAN DAN PEMULIHAN KESEHATAN'),
(2253, '872', 'AKTIVITAS SOSIAL DI DALAM PANTI UNTUK KETERBELAKANGAN MENTAL, GANGGUAN MENTAL DAN  PENYALAHGUNAAN OBAT TERLARANG'),
(2254, '8720', 'AKTIVITAS SOSIAL DI DALAM PANTI UNTUK KETERBELAKANGAN MENTAL, GANGGUAN MENTAL DAN  PENYALAHGUNAAN OBAT TERLARANG'),
(2255, '87201', 'AKTIVITAS SOSIAL DI DALAM PANTI UNTUK PENYANDANG DISABILITAS GRAHITA'),
(2256, '87202', 'AKTIVITAS SOSIAL DI DALAM PANTI UNTUK PENYANDANG DISABILITAS LARAS'),
(2257, '87203', 'AKTIVITAS SOSIAL DI DALAM PANTI UNTUK KORBAN PENYALAH GUNAAN NARKOTIKA, ALKOHOL , PSIKOTROPIKA DAN ZAT ADIKTIF  (NAPZA)'),
(2258, '873', 'AKTIVITAS SOSIAL DI DALAM PANTI UNTUK LANJUT USIA DAN PENYANDANG DISABILITAS'),
(2259, '8730', 'AKTIVITAS SOSIAL DI DALAM PANTI UNTUK LANJUT USIA DAN PENYANDANG DISABILITAS'),
(2260, '87301', 'AKTIVITAS SOSIAL PEMERINTAH DI DALAM PANTI UNTUK LANJUT USIA'),
(2261, '87302', 'AKTIVITAS SOSIAL SWASTA DI DALAM PANTI UNTUK LANJUT USIA'),
(2262, '87303', 'AKTIVITAS SOSIAL DI DALAM PANTI UNTUK PENYANDANG DISABILITAS NETRA'),
(2263, '87304', 'AKTIVITAS SOSIAL DI DALAM PANTI UNTUK PENYANDANG DISABILITAS DAKSA'),
(2264, '87305', 'AKTIVITAS SOSIAL DI DALAM PANTI UNTUK PENYANDANG DISABILITAS RUNGU WICARA'),
(2265, '879', 'AKTIVITAS SOSIAL DI DALAM PANTI LAINNYA YTDL'),
(2266, '8790', 'AKTIVITAS SOSIAL DI DALAM PANTI LAINNYA YTDL'),
(2267, '87901', 'AKTIVITAS PANTI ASUHAN PEMERINTAH'),
(2268, '87902', 'AKTIVITAS PANTI ASUHAN SWASTA'),
(2269, '87903', 'AKTIVITAS SOSIAL DI DALAM PANTI UNTUK ANAK YANG BERHADAPAN DENGAN HUKUM'),
(2270, '87904', 'AKTIVITAS SOSIAL DI DALAM PANTI UNTUK BINA REMAJA'),
(2271, '87905', 'AKTIVITAS SOSIAL DI DALAM PANTI UNTUK PETIRAHAN ANAK'),
(2272, '87906', 'AKTIVITAS SOSIAL DI DALAM PANTI SOSIAL KARYA WANITA'),
(2273, '87907', 'AKTIVITAS SOSIAL DI DALAM PANTI GELANDANGAN DAN PENGEMIS'),
(2274, '87909', 'AKTIVITAS SOSIAL DI DALAM PANTI LAINNYA YTDL'),
(2275, '88', 'AKTIVITAS SOSIAL DI LUAR PANTI'),
(2276, '881', 'AKTIVITAS SOSIAL DI LUAR PANTI UNTUK LANJUT USIA DAN PENYANDANG DISABILITAS'),
(2277, '8810', 'AKTIVITAS SOSIAL DI LUAR PANTI UNTUK LANJUT USIA DAN PENYANDANG DISABILITAS'),
(2278, '88101', 'AKTIVITAS SOSIAL PEMERINTAH DI LUAR PANTI UNTUK LANJUT USIA DAN PENYANDANG DISABILITAS'),
(2279, '88102', 'AKTIVITAS SOSIAL SWASTA DI LUAR PANTI UNTUK LANJUT USIA DAN PENYANDANG DISABILITAS'),
(2280, '889', 'AKTIVITAS SOSIAL DI LUAR PANTI LAINNYA'),
(2281, '8890', 'AKTIVITAS SOSIAL DI LUAR PANTI LAINNYA'),
(2282, '88901', 'AKTIVITAS SOSIAL PEMERINTAH DI LUAR PANTI LAINNYA'),
(2283, '88902', 'AKTIVITAS SOSIAL SWASTA DI LUAR PANTI LAINNYA'),
(2284, 'R', 'KESENIAN, HIBURAN DAN REKREASI'),
(2285, '90', 'AKTIVITAS HIBURAN, KESENIAN DAN KREATIVITAS'),
(2286, '900', 'AKTIVITAS HIBURAN, KESENIAN DAN KREATIVITAS'),
(2287, '9000', 'AKTIVITAS HIBURAN, KESENIAN DAN KREATIVITAS'),
(2288, '90001', 'AKTIVITAS SENI PERTUNJUKAN'),
(2289, '90002', 'AKTIVITAS PEKERJA SENI'),
(2290, '90003', 'AKTIVITAS PENUNJANG HIBURAN'),
(2291, '90004', 'JASA IMPRESARIAT BIDANG SENI'),
(2292, '90005', 'JURNALIS BERITA INDEPENDEN'),
(2293, '90006', 'AKTIVITAS OPERASIONAL FASILITAS SENI'),
(2294, '90009', 'AKTIVITAS HIBURAN, SENI DAN KREATIVITAS LAINNYA'),
(2295, '91', 'PERPUSTAKAAN, ARSIP, MUSEUM DAN KEGIATAN KEBUDAYAAN LAINNYA'),
(2296, '910', 'PERPUSTAKAAN, ARSIP, MUSEUM DAN KEGIATAN KEBUDAYAAN LAINNYA'),
(2297, '9101', 'PERPUSTAKAAN DAN ARSIP'),
(2298, '91011', 'PERPUSTAKAAN DAN ARSIP PEMERINTAH'),
(2299, '91012', 'PERPUSTAKAAN DAN ARSIP SWASTA'),
(2300, '9102', 'MUSEUM DAN OPERASIONAL BANGUNAN DAN SITUS BERSEJARAH'),
(2301, '91021', 'MUSEUM YANG DIKELOLA PEMERINTAH'),
(2302, '91022', 'MUSEUM YANG DIKELOLA SWASTA'),
(2303, '91023', 'PENINGGALAN SEJARAH YANG DIKELOLA PEMERINTAH'),
(2304, '91024', 'PENINGGALAN SEJARAH YANG DIKELOLA SWASTA'),
(2305, '91025', 'TAMAN BUDAYA'),
(2306, '91029', 'WISATA BUDAYA LAINNYA'),
(2307, '9103', 'AKTIVITAS KEBUN BINATANG, TAMAN BOTANI DAN CADANGAN ALAM'),
(2308, '91031', 'TAMAN KONSERVASI ALAM'),
(2309, '91032', 'TAMAN NASIONAL'),
(2310, '91033', 'TAMAN HUTAN RAYA (TAHURA)'),
(2311, '91034', 'TAMAN WISATA ALAM'),
(2312, '91035', 'SUAKA MARGASATWA (SM) DAN CAGAR ALAM (CA)'),
(2313, '91036', 'TAMAN LAUT'),
(2314, '91037', 'TAMAN BURU, KEBUN BURU DAN AREAL BURU'),
(2315, '91038', 'HUTAN LINDUNG'),
(2316, '91039', 'AKTIVITAS TAMAN KONSERVASI ALAM LAINNYA'),
(2317, '92', 'AKTIVITAS PERJUDIAN DAN PERTARUHAN'),
(2318, '920', 'AKTIVITAS PERJUDIAN DAN PERTARUHAN'),
(2319, '9200', 'AKTIVITAS PERJUDIAN DAN PERTARUHAN'),
(2320, '92000', 'AKTIVITAS PERJUDIAN DAN PERTARUHAN'),
(2321, '93', 'AKTIVITAS OLAHRAGA DAN REKREASI LAINNYA'),
(2322, '931', 'AKTIVITAS OLAHRAGA'),
(2323, '9311', 'AKTIVITAS OPERASIONAL FASILITAS OLAHRAGA'),
(2324, '93111', 'FASILITAS BILLIARD'),
(2325, '93112', 'LAPANGAN GOLF'),
(2326, '93113', 'GELANGGANG BOWLING'),
(2327, '93114', 'GELANGGANG RENANG'),
(2328, '93115', 'LAPANGAN SEPAK BOLA'),
(2329, '93116', 'LAPANGAN TENIS LAPANGAN'),
(2330, '93117', 'AKTIVITAS PUSAT KEBUGARAN/FITNESS CENTER'),
(2331, '93118', 'SPORT CENTRE'),
(2332, '93119', 'AKTIVITAS FASILITAS OLAHRAGA LAINNYA'),
(2333, '9312', 'AKTIVITAS KLUB OLAHRAGA'),
(2334, '93121', 'KLUB SEPAK BOLA'),
(2335, '93122', 'KLUB GOLF'),
(2336, '93123', 'KLUB RENANG'),
(2337, '93124', 'KLUB TENIS LAPANGAN'),
(2338, '93125', 'KLUB TINJU'),
(2339, '93126', 'KLUB BELA DIRI'),
(2340, '93127', 'KLUB KEBUGARAN/FITNESS DAN BINARAGA'),
(2341, '93128', 'KLUB BOWLING'),
(2342, '93129', 'KLUB OLAHRAGA LAINNYA'),
(2343, '9319', 'AKTIVITAS LAINNYA YANG BERKAITAN DENGAN OLAHRAGA'),
(2344, '93191', 'PROMOTOR KEGIATAN OLAHRAGA'),
(2345, '93192', 'OLAHRAGAWAN, JURI DAN WASIT PROFESIONAL'),
(2346, '93193', 'AKTIVITAS PERBURUAN'),
(2347, '93194', 'BADAN REGULASI DAN LIGA OLAHRAGA'),
(2348, '93199', 'AKTIVITAS LAINNYA YANG BERKAITAN DENGAN OLAHRAGA'),
(2349, '932', 'AKTIVITAS REKREASI LAINNYA'),
(2350, '9321', 'AKTIVITAS TAMAN BERTEMA ATAU TAMAN HIBURAN'),
(2351, '93210', 'AKTIVITAS TAMAN BERTEMA ATAU TAMAN HIBURAN'),
(2352, '9322', 'DAYA TARIK WISATA ALAM'),
(2353, '93221', 'PEMANDIAN ALAM'),
(2354, '93222', 'WISATA GUA'),
(2355, '93223', 'WISATA PETUALANGAN ALAM'),
(2356, '93229', 'DAYA TARIK WISATA ALAM LAINNYA'),
(2357, '9323', 'DAYA TARIK WISATA BUATAN/BINAAN MANUSIA'),
(2358, '93231', 'WISATA AGRO'),
(2359, '93232', 'TAMAN REKREASI/TAMAN WISATA'),
(2360, '93233', 'KOLAM PEMANCINGAN'),
(2361, '93239', 'DAYA TARIK WISATA BUATAN/BINAAN MANUSIA LAINNYA'),
(2362, '9324', 'WISATA TIRTA'),
(2363, '93241', 'ARUNG JERAM'),
(2364, '93242', 'WISATA SELAM'),
(2365, '93243', 'DERMAGA MARINA'),
(2366, '93249', 'WISATA TIRTA LAINNYA'),
(2367, '9329', 'AKTIVITAS HIBURAN DAN REKREASI LAINNYA YTDL'),
(2368, '93291', 'KELAB MALAM DAN ATAU DISKOTIK'),
(2369, '93292', 'KARAOKE'),
(2370, '93293', 'USAHA ARENA PERMAINAN'),
(2371, '93299', 'AKTIVITAS HIBURAN DAN REKREASI LAINNYA YTDL'),
(2372, 'S', 'AKTIVITAS JASA LAINNYA'),
(2373, '94', 'AKTIVITAS KEANGGOTAAN ORGANISASI'),
(2374, '941', 'AKTIVITAS ORGANISASI BISNIS, PENGUSAHA DAN PROFESI'),
(2375, '9411', 'AKTIVITAS ORGANISASI BISNIS DAN PENGUSAHA'),
(2376, '94110', 'AKTIVITAS ORGANISASI BISNIS DAN PENGUSAHA'),
(2377, '9412', 'AKTIVITAS ORGANISASI PROFESI'),
(2378, '94121', 'AKTIVITAS ORGANISASI ILMU PENGETAHUAN SOSIAL DAN MASYARAKAT'),
(2379, '94122', 'AKTIVITAS ORGANISASI  ILMU PENGETAHUAN ALAM DAN TEKNOLOGI'),
(2380, '942', 'AKTIVITAS ORGANISASI BURUH'),
(2381, '9420', 'AKTIVITAS ORGANISASI BURUH'),
(2382, '94200', 'AKTIVITAS ORGANISASI BURUH'),
(2383, '949', 'AKTIVITAS ORGANISASI LAINNYA'),
(2384, '9491', 'AKTIVITAS ORGANISASI KEAGAMAAN'),
(2385, '94910', 'AKTIVITAS ORGANISASI KEAGAMAAN'),
(2386, '9492', 'AKTIVITAS ORGANISASI POLITIK'),
(2387, '94920', 'AKTIVITAS ORGANISASI POLITIK'),
(2388, '9499', 'AKTIVITAS ORGANISASI KEANGGOTAAN LAINNYA YTDL'),
(2389, '94990', 'AKTIVITAS ORGANISASI KEANGGOTAAN LAINNYA YTDL'),
(2390, '95', 'REPARASI KOMPUTER DAN BARANG KEPERLUAN PRIBADI DAN PERLENGKAPAN RUMAH TANGGA'),
(2391, '951', 'REPARASI KOMPUTER DAN ALAT KOMUNIKASI'),
(2392, '9511', 'REPARASI KOMPUTER DAN PERALATAN SEJENISNYA'),
(2393, '95110', 'REPARASI KOMPUTER DAN PERALATAN SEJENISNYA'),
(2394, '9512', 'REPARASI PERALATAN KOMUNIKASI'),
(2395, '95120', 'REPARASI PERALATAN KOMUNIKASI'),
(2396, '952', 'REPARASI BARANG KEPERLUAN PRIBADI DAN PERLENGKAPAN RUMAH TANGGA'),
(2397, '9521', 'REPARASI ALAT-ALAT ELEKTRONIK KONSUMEN'),
(2398, '95210', 'REPARASI ALAT-ALAT ELEKTRONIK KONSUMEN'),
(2399, '9522', 'REPARASI PERALATAN RUMAH TANGGA DAN PERALATAN RUMAH DAN KEBUN'),
(2400, '95220', 'REPARASI PERALATAN RUMAH TANGGA DAN PERALATAN RUMAH DAN KEBUN'),
(2401, '9523', 'REPARASI ALAS KAKI DAN BARANG DARI KULIT'),
(2402, '95230', 'REPARASI ALAS KAKI DAN BARANG DARI KULIT'),
(2403, '9524', 'REPARASI FURNITUR DAN PERLENGKAPAN RUMAH'),
(2404, '95240', 'REPARASI FURNITUR DAN PERLENGKAPAN RUMAH'),
(2405, '9529', 'REPARASI BARANG KEPERLUAN PRIBADI DAN PERLENGKAPAN RUMAH TANGGA LAINNYA'),
(2406, '95290', 'REPARASI BARANG RUMAH TANGGA DAN PRIBADI LAINNYA'),
(2407, '96', 'AKTIVITAS JASA PERORANGAN LAINNYA'),
(2408, '961', 'AKTIVITAS JASA PERORANGAN UNTUK KEBUGARAN, BUKAN OLAHRAGA'),
(2409, '9611', 'AKTIVITAS PANGKAS RAMBUT DAN SALON KECANTIKAN'),
(2410, '96111', 'AKTIVITAS PANGKAS RAMBUT '),
(2411, '96112', 'AKTIVITAS SALON KECANTIKAN'),
(2412, '9612', 'AKTIVITAS KEBUGARAN'),
(2413, '96121', 'AKTIVITAS PANTI PIJAT'),
(2414, '96122', 'AKTIVITAS SPA (SANTE PAR AQUA)'),
(2415, '96129', 'AKTIVITAS KEBUGARAN LAINNYA'),
(2416, '962', 'AKTIVITAS BINATU'),
(2417, '9620', 'AKTIVITAS BINATU'),
(2418, '96200', 'AKTIVITAS BINATU'),
(2419, '969', 'AKTIVITAS JASA PERORANGAN LAINNYA YTDL'),
(2420, '9691', 'AKTIVITAS PEMAKAMAN DAN KEGIATAN YBDI'),
(2421, '96910', 'AKTIVITAS PEMAKAMAN DAN KEGIATAN YBDI'),
(2422, '9699', 'AKTIVITAS JASA PERORANGAN LAINNYA YTDL'),
(2423, '96991', 'AKTIVITAS VERMAK PAKAIAN'),
(2424, '96999', 'AKTIVITAS JASA PERORANGAN LAINNYA YTDL'),
(2425, 'T', 'AKTIVITAS RUMAH TANGGA SEBAGAI PEMBERI KERJA; AKTIVITAS YANG MENGHASILKAN BARANG DAN JASA OLEH RUMAH TANGGA YANG DIGUNAKAN UNTUK MEMENUHI KEBUTUHAN SENDIRI'),
(2426, '97', 'AKTIVITAS RUMAH TANGGA SEBAGAI PEMBERI KERJA DARI PERSONIL DOMESTIK'),
(2427, '970', 'AKTIVITAS RUMAH TANGGA SEBAGAI PEMBERI KERJA DARI PERSONIL DOMESTIK'),
(2428, '9700', 'AKTIVITAS RUMAH TANGGA SEBAGAI PEMBERI KERJA DARI PERSONIL DOMESTIK'),
(2429, '97000', 'AKTIVITAS RUMAH TANGGA SEBAGAI PEMBERI KERJA DARI PERSONIL DOMESTIK'),
(2430, '98', 'AKTIVITAS YANG MENGHASILKAN BARANG DAN JASA OLEH RUMAH TANGGA YANG DIGUNAKAN UNTUK MEMENUHI KEBUTUHAN SENDIRI'),
(2431, '981', 'AKTIVITAS YANG MENGHASILKAN BARANG OLEH RUMAH TANGGA YANG DIGUNAKAN UNTUK MEMENUHI KEBUTUHAN SENDIRI'),
(2432, '9810', 'AKTIVITAS YANG MENGHASILKAN BARANG OLEH RUMAH TANGGA YANG DIGUNAKAN UNTUK MEMENUHI KEBUTUHAN SENDIRI'),
(2433, '98100', 'AKTIVITAS YANG MENGHASILKAN BARANG OLEH RUMAH TANGGA YANG DIGUNAKAN UNTUK MEMENUHI KEBUTUHAN SENDIRI'),
(2434, '982', 'AKTIVITAS YANG MENGHASILKAN JASA OLEH RUMAH TANGGA YANG DIGUNAKAN UNTUK MEMENUHI KEBUTUHAN SENDIRI'),
(2435, '9820', 'AKTIVITAS YANG MENGHASILKAN JASA OLEH RUMAH TANGGA YANG DIGUNAKAN UNTUK MEMENUHI KEBUTUHAN SENDIRI '),
(2436, '98200', 'AKTIVITAS YANG MENGHASILKAN JASA OLEH RUMAH TANGGA YANG DIGUNAKAN UNTUK MEMENUHI KEBUTUHAN SENDIRI'),
(2437, 'U', 'AKTIVITAS BADAN INTERNASIONAL DAN BADAN EKSTRA INTERNASIONAL LAINNYA'),
(2438, '99', 'AKTIVITAS BADAN INTERNASIONAL DAN BADAN EKSTRA INTERNASIONAL LAINNYA'),
(2439, '990', 'AKTIVITAS BADAN INTERNASIONAL DAN BADAN EKSTRA INTERNASIONAL LAINNYA'),
(2440, '9900', 'AKTIVITAS BADAN INTERNASIONAL DAN BADAN EKSTRA INTERNASIONAL LAINNYA'),
(2441, '99000 ', 'AKTIVITAS BADAN INTERNASIONAL DAN BADAN EKSTRA INTERNASIONAL LAINNYA'),
(2442, NULL, NULL);

-- --------------------------------------------------------

--
-- Struktur dari tabel `drt_pajak`
--

CREATE TABLE IF NOT EXISTS `drt_pajak` (
  `id` int(11) NOT NULL AUTO_INCREMENT,
  `id_peserta` int(11) DEFAULT NULL,
  `jenis_pajak` varchar(100) DEFAULT NULL,
  `masa_pajak_tahunan` varchar(100) DEFAULT NULL,
  `no_bkti_penerimaan_srt` varchar(100) DEFAULT NULL,
  `tgl_bkt_penerimaan_srt` date DEFAULT NULL,
  `dok` varchar(100) DEFAULT NULL,
  `created` datetime DEFAULT NULL,
  `updated` datetime DEFAULT NULL,
  `status` smallint(6) DEFAULT '0',
  `status_delete` smallint(6) DEFAULT '0',
  PRIMARY KEY (`id`) USING BTREE
) ENGINE=InnoDB  DEFAULT CHARSET=latin1 ROW_FORMAT=COMPACT AUTO_INCREMENT=25 ;

--
-- Dumping data untuk tabel `drt_pajak`
--

INSERT INTO `drt_pajak` (`id`, `id_peserta`, `jenis_pajak`, `masa_pajak_tahunan`, `no_bkti_penerimaan_srt`, `tgl_bkt_penerimaan_srt`, `dok`, `created`, `updated`, `status`, `status_delete`) VALUES
(1, 4, 'PPH', '12', '1212', '2018-07-10', '4_pajak_0.841528001531209782_.pdf', '2018-07-10 15:03:02', NULL, 0, 1),
(2, 5, 'PPN ', '2016', 'S-05004654/PPWBIDR/WPJ.33/KP.0303/2017', '2017-04-07', '5_pajak_0.331148001531360288_.pdf', '2018-07-12 08:51:28', NULL, 0, 0),
(3, 14, 'PPH BADAN', '2017', '247753064641866078312', '0000-00-00', '14_pajak_0.803000001535084199_.pdf', '2018-08-24 11:16:39', NULL, 0, 0),
(4, 8, 'SPT Masa PPN dan PPn Bm', '2018', '95159603101110018202', '2018-06-29', '8_pajak_0.510556001535091857_.pdf', '2018-08-24 13:24:17', NULL, 0, 1),
(5, 8, 'SPT Tahunan PPh Badan ', '2017', '64159401231230018202', '2018-04-27', '8_pajak_0.191277001535091936_.pdf', '2018-08-24 13:25:36', NULL, 0, 0),
(6, 20, 'SPT Tahunan', '2017', 'S-05022252/PPWBIDR/WPJ.24/KP.0103/2018', '2018-05-24', '20_pajak_0.408288001535092637_.pdf', '2018-08-24 13:37:17', NULL, 0, 0),
(7, 11, 'SPT TAHUNAN', '2017', '837354064031810038012', '0201-04-03', '11_pajak_0.184759001535094586_.pdf', '2018-08-24 14:09:46', NULL, 0, 0),
(8, 11, 'PPH PASAL 21', 'Mei 2018', '13735606482181021551', '0201-06-21', '11_pajak_0.261115001535094710_.pdf', '2018-08-24 14:11:50', NULL, 0, 0),
(9, 11, 'PPN', 'Mei 2018', '00735606498181028301', '2018-06-28', '11_pajak_0.180410001535094822_.pdf', '2018-08-24 14:13:42', NULL, 0, 0),
(10, 23, 'SPT Tahunan', '2017', '300345064741813016321', '2018-05-01', '23_pajak_0.812386001535098074_.pdf', '2018-08-24 15:07:54', NULL, 0, 0),
(11, 27, 'SPT PPN dan PPBM     ', '2018', 'S-05020538/PPN1111/WPJ.04/KP.0803/2018', '2018-05-23', '27_pajak_0.234447001535103865_.pdf', '2018-08-24 16:44:25', NULL, 0, 0),
(12, 13, 'SPT TAHUNAN ', 'TAHUN 2017', '618144064691830040419', '2018-04-04', '13_pajak_0.296525001535105734_.pdf', '2018-08-24 17:15:34', NULL, 0, 0),
(13, 28, 'PPN DN 10%', 'JANUARI 2018', 'S05008330/PPN111/WPJ.20/KP.0203/2018', '2018-02-22', '28_pajak_0.196994001535105780_.pdf', '2018-08-24 17:16:20', NULL, 0, 0),
(14, 13, 'SPT BULANAN', 'TAHUN 2017', 'S-05015644/PPH25/WPJ.20/KP/0803/2018', '2018-03-20', '13_pajak_0.644405001535106388_.pdf', '2018-08-24 17:26:28', NULL, 0, 0),
(15, 16, 'SPT Tahunan PPh Badan Rupiah', '12-2017', '90973401231230018101', '2018-04-10', '16_pajak_0.099982001535970741_.pdf', '2018-09-03 17:32:21', NULL, 0, 0),
(16, 30, 'SPT TAHUNAN PPh 1771', '2016', 'S-05004654/PPWBIDR/WPJ.33/KP.0303/2017', '2017-04-07', '30_pajak_0.839981001535361982_.pdf', '2018-08-27 16:26:22', NULL, 0, 0),
(17, 30, 'SPT TAHUNAN PPh Badan', '2017', '034125064811867013511', '2018-07-05', '30_pajak_0.184425001535362234_.pdf', '2018-08-27 16:30:34', NULL, 0, 0),
(18, 15, 'SPT TAHUNAN', '2017', '819094064721867283221', '2018-04-28', '15_pajak_0.695084001535439312_.pdf', '2018-08-28 13:55:12', NULL, 0, 0),
(19, 19, 'SPT TAHUNAN', '2017', 'S-05025331/PPWBIDR/WPJ.01/KP.0303/2018', '2018-05-28', '19_pajak_0.789069001535802421_.pdf', '2018-09-01 18:47:01', NULL, 0, 0),
(20, 4, 'PPH21', '2018', '23232323', '2018-10-09', '4_pajak_0.881807001539051792_.pdf', '2018-10-09 09:23:12', NULL, 0, 1),
(24, 4, 'ARS', '54', 'hvkjlbknl8', '2018-12-17', '4_pajak_20181217033658.pdf', '2018-12-17 03:37:23', '2018-12-17 03:37:23', 0, 0);

-- --------------------------------------------------------

--
-- Struktur dari tabel `drt_pekerjaan_on_going`
--

CREATE TABLE IF NOT EXISTS `drt_pekerjaan_on_going` (
  `id` int(11) NOT NULL AUTO_INCREMENT,
  `id_peserta` int(11) DEFAULT NULL,
  `nama_kontrak` varchar(100) DEFAULT NULL,
  `lokasi` varchar(100) DEFAULT NULL,
  `instansi` varchar(150) DEFAULT NULL,
  `alamat` varchar(255) DEFAULT NULL,
  `telepon` varchar(20) DEFAULT NULL,
  `nomor_kontrak` varchar(100) DEFAULT NULL,
  `nilai_kontrak` double(25,0) DEFAULT NULL,
  `prosentase_sharing` double DEFAULT NULL,
  `nominal_sharing` double DEFAULT NULL,
  `tanggal_kontrak` date DEFAULT NULL,
  `presentase_progress` double(4,0) DEFAULT NULL,
  `tanggal_progress` date DEFAULT NULL,
  `keterangan` varchar(255) DEFAULT NULL,
  `file` varchar(100) DEFAULT NULL,
  `updated` datetime DEFAULT NULL,
  `created` smallint(6) DEFAULT NULL,
  `status` smallint(6) DEFAULT '0',
  `status_delete` smallint(6) DEFAULT '0',
  PRIMARY KEY (`id`) USING BTREE
) ENGINE=InnoDB  DEFAULT CHARSET=latin1 ROW_FORMAT=COMPACT AUTO_INCREMENT=18 ;

--
-- Dumping data untuk tabel `drt_pekerjaan_on_going`
--

INSERT INTO `drt_pekerjaan_on_going` (`id`, `id_peserta`, `nama_kontrak`, `lokasi`, `instansi`, `alamat`, `telepon`, `nomor_kontrak`, `nilai_kontrak`, `prosentase_sharing`, `nominal_sharing`, `tanggal_kontrak`, `presentase_progress`, `tanggal_progress`, `keterangan`, `file`, `updated`, `created`, `status`, `status_delete`) VALUES
(1, 5, 'Sewa Kendaraan Operasional', 'Jakarta', 'PT Jasamarga Tollroad Operator', 'Gedung Kantor Cabang Jagorawi Lt 4 Plaza Toll TMII Jakarta Timur 13550', '', '', 81620000, NULL, NULL, '0000-00-00', 0, '0000-00-00', '', NULL, NULL, 2018, 0, 0),
(2, 5, 'Pengadaan Rompi APD', 'PT Jasamarga Tollroad Operator', 'PT Jasamarga Tollroad Operator', 'Gedung Kantor Cabang Jagorawi Lt.4 Plaza Toll TMII', '', '', 0, NULL, NULL, '0000-00-00', 0, '0000-00-00', '', '5_on_going_0.684861001531996829_.pdf', NULL, 2018, 0, 0),
(3, 8, 'Pekerjaan Pemeliharaan Sistem Monitoring Dan Backup Database Tahun 2018', 'Bekasi', 'PT Jalantol Lingkarluar Jakarta', 'Plaza Tol Jati Asih - Bekasi', '021 8223232', '227/SP-JLJ/XII/2017', 58000000, 0, 5800000, '2017-12-27', NULL, '1970-01-01', '', '8_on_going_0.031660001535086557_.pdf', NULL, 2018, 0, 0),
(4, 8, 'Pekerjaan Pemeliharaan Sistem Aplikasi Website', 'Bekasi', 'PT.Jalantol Lingkarluar Jakarta', 'Plaza Tol Jati Asih Bekasi\r\n\r\n\r\n\r\n\r\n\r\n', '021 8223232', '161/SP-JLJ/VI/2018', 33698280, 0, 0, '2018-06-28', NULL, '1970-01-01', '', '8_on_going_0.031953001535090085_.pdf', NULL, 2018, 0, 0),
(5, 14, 'PENGADAAN JASA PENGEMUDI OPERASIOANAL (PATROLI, AMBULANCE DAN PENJEMPUTAN)', 'JAKARTA', 'PT. MARGA LINGKAR JAKARTA', 'PLAZA TOL MERUYA JORR W2 UTARA, KEMBANGAN JAKARTA BARAT', '02158908462', '401/AA/MLJ/V/2018', 1466143543, 90, 146614354.3, '2018-05-31', NULL, '2018-07-31', '', '14_on_going_0.011091001535094346_.pdf', NULL, 2018, 0, 0),
(6, 11, 'Pengadaan Kebutuhan Susu Kemasan Cluster Jasamarga  ', 'Gerbang Tol Cluster Jasa Marga ', 'PT. Jasamarga Tollroad Operator ', 'Gedung Cabang Jagorawi Lt.4 Plaza Tol Taman mini Indonesia Indah  Jakarta ', '02122984722', '050/SP-JMTO/III/2018', 3146774400, 0, 3146774400, '2018-03-29', NULL, '1970-01-01', '', '11_on_going_0.422673001535103690_.pdf', NULL, 2018, 0, 0),
(7, 11, 'Pengadaan Kebutuhan Gula,Kopi,Teh dan Air Mineral Cluster Jasamarga ', 'Gerbang Tol Cluster Jasamarga ', 'PT.Jasamarga Tollroad Operator', 'Gedung Cabang Jagorawi Lt.4 Plaza Tol  Taman Mini Indonesia Indah  Jakarta 13550', '02122984722', '049/SP-JMTO/III/2018', 2516857200, 0, 2516857200, '2018-03-29', NULL, '1970-01-01', '', '11_on_going_0.479395001535103845_.pdf', NULL, 2018, 0, 0),
(8, 13, 'PENGADAAN INVENTARIS GARDU TOL RUAS DALAM KOTA DAN SEDYATMO', 'JAKARTA-TANGERANG-CENGKARENG', 'PT. JASA MARGA (PERSERO) TBK. CAB JTC', 'JL. CILILITAN BESAR, JAKARTA 13510', '021 80887227', 'CJ.HK01.197', 167961200, 50, 0, '2018-03-20', NULL, '2019-03-15', 'RUTIN', '13_on_going_0.675716001535115410_.pdf', NULL, 2018, 0, 0),
(9, 27, 'Pekerjaan Pengadaan Dongkrak 100 Ton dan Kuci Roda Hydrolic (Periode TW I/2018) PT Jasamarga (Perser', ' PT. JASAMARGA (PERSERO) TBk. Cabang Jak-Pek', ' PT. JASAMARGA (PERSERO', 'PT. Jasamarga (Persero) Tbk \r\nCab. Jakarta-Cikampek\r\nJl. Teuku Umar Sepanjang Jaya\r\nBekasi', '021 821 6515, 824 30', 'CG.KPB.30', 529550400, 100, 79432560, '2018-04-03', NULL, '2018-04-03', 'Pekerjaan Pengadaan Dongkrak 100 Ton dan Kuci Roda Hydrolic (Periode TW I/2018) PT Jasamarga (Persero) Cab.  Jakarta-Cikampek, sudah termasuk PPN 10%.', '27_on_going_0.663460001535354336_.pdf', NULL, 2018, 0, 0),
(10, 27, 'Pengadaan   Jasa  Cleaning  Service   2018 PT JMTO', 'Cab. Jagorawi lt.4', 'pt jasamarga (persro) tbk', 'Plaza Tol Taman Mini Indonesia Indah\r\nKantor Cabang Jagorawi Lt. 4\r\nJakarta  Timur 13550\r\n', '082124999631', '00.1.6/SP-JLO/I/2018', 221324888, 0, 33198733.2, '2018-01-02', NULL, '2018-01-02', 'Pengadaan   Jasa  Cleaning  Service   2018 PT JMTO', '27_on_going_0.658657001535354884_.pdf', NULL, 2018, 0, 0),
(11, 27, 'PENGADAAN OBAT P3K', 'CAB. JAKARTA -CIKAMPEK', 'PT JASAMARGA (PERSERO) TBk.', 'PT JASA MARGA (PERSERO) Tbk.\r\nBRANCH JAKARTA-CIKAMPEK\r\nJl. Teuku Umar, Sepanjang Jaya Rawa Lumbu\r\nBekasi 17114 - Indonesia', '021 821 6515, 824 30', 'CG.KPB', 152890100, 0, 22933515, '2018-02-28', NULL, '2018-02-28', 'KONTRAK PENGADAAN OBAT P3K AMBULANS DAN GERBANG TOL JALAN TOL JAKARTA-CIKAMPEK', '27_on_going_0.301285001535358259_.pdf', NULL, 2018, 0, 0),
(12, 27, 'Pemeliharaan rutin AC Gerbang Tol dan Kantor Operasional PT. MARGA LINGKAR JAKARTA', 'JORR W2 Utara - Plaza Tol Meruya', 'PT MLJ', 'JORR W2 Utara - Plaza Tol Meruya\r\nJl. Raua Meruya Utara No. 1, \r\nJakarta Barat 11620', '021 589 08462', '196/AB-SI/MLJ/III/2018', 248387145, 70, 37258071.75, '2018-03-21', NULL, '2018-03-21', 'Pemeliharaan rutin AC Gerbang Tol dan Kantor Operasional PT. MARGA LINGKAR JAKARTA TAHUN 2018', '27_on_going_0.528712001535361154_.pdf', NULL, 2018, 0, 0),
(13, 15, '-', '-', '-', '-', '-', '-', 0, 0, 0, '1970-01-01', NULL, '1970-01-01', '-', '15_on_going_0.344346001535441675_.pdf', NULL, 2018, 0, 0),
(14, 30, 'SEWA KENDARAAN SHUTTLE', 'GT. KARAWANG', 'PT. JMTO', 'GEDUNG CABANG JAGORAWI LT 4 JAKARTA TIMUR', '021-22944722', '94/SIPP-JMTO/III/2018', 92565000, 20, 9256500, '2018-03-27', NULL, '2018-04-01', '', '30_on_going_0.479910001535686857_.pdf', NULL, 2018, 0, 0),
(15, 19, '-', '-', '-', '-', '-', '-', 0, 0, 0, '1970-01-01', NULL, '1970-01-01', '0', '19_on_going_0.215875001535805800_.pdf', NULL, 2018, 0, 0),
(17, 4, 'derek', ' gjhbjnm', 'vibjlnkmb', 'viujblknm', '890', '808uj', 1234567890, 345789, 678989, '2018-12-17', 9999, '2018-12-17', 'gvhjkboivu', '4_pekerjaan_berjalan_20181217034240.pdf', '2018-12-17 03:42:58', 2018, 0, 0);

-- --------------------------------------------------------

--
-- Struktur dari tabel `drt_pemilik`
--

CREATE TABLE IF NOT EXISTS `drt_pemilik` (
  `id` int(11) NOT NULL AUTO_INCREMENT,
  `id_peserta` int(255) DEFAULT NULL,
  `nama` varchar(150) DEFAULT NULL,
  `no_ktp` varchar(20) DEFAULT NULL,
  `alamat` varchar(255) DEFAULT NULL,
  `saham` varchar(50) DEFAULT NULL,
  `satuan` smallint(255) DEFAULT NULL,
  `dok` varchar(150) DEFAULT NULL,
  `created` datetime DEFAULT NULL,
  `updated` datetime DEFAULT NULL,
  `status` smallint(6) DEFAULT '0',
  `status_delete` smallint(6) DEFAULT '0',
  PRIMARY KEY (`id`) USING BTREE
) ENGINE=InnoDB DEFAULT CHARSET=latin1 ROW_FORMAT=COMPACT AUTO_INCREMENT=1 ;

-- --------------------------------------------------------

--
-- Struktur dari tabel `drt_pengalaman`
--

CREATE TABLE IF NOT EXISTS `drt_pengalaman` (
  `id` int(11) NOT NULL AUTO_INCREMENT,
  `nama_kontrak` varchar(100) DEFAULT NULL,
  `lokasi` varchar(100) DEFAULT NULL,
  `instansi` varchar(100) DEFAULT NULL,
  `alamat` varchar(200) DEFAULT NULL,
  `telepon` varchar(20) DEFAULT NULL,
  `nomor_kontrak` varchar(40) DEFAULT NULL,
  `persen_sharing` double(3,0) DEFAULT NULL,
  `nilai_kontrak` double(20,0) DEFAULT NULL,
  `nilai_project` double(20,0) DEFAULT NULL,
  `tanggal_pelaksanaan` date DEFAULT NULL,
  `persentase_pelaksanaan` varchar(10) DEFAULT NULL,
  `selesai_kontrak` varchar(20) DEFAULT NULL,
  `tanggal_serah_terima` date DEFAULT NULL,
  `keterangan` varchar(255) DEFAULT NULL,
  `id_peserta` int(11) DEFAULT NULL,
  `file` varchar(100) DEFAULT NULL,
  `status` smallint(6) DEFAULT '0',
  `created` datetime DEFAULT NULL,
  `updated` datetime DEFAULT NULL,
  `status_delete` smallint(6) DEFAULT NULL,
  PRIMARY KEY (`id`) USING BTREE
) ENGINE=InnoDB  DEFAULT CHARSET=latin1 ROW_FORMAT=COMPACT AUTO_INCREMENT=21 ;

--
-- Dumping data untuk tabel `drt_pengalaman`
--

INSERT INTO `drt_pengalaman` (`id`, `nama_kontrak`, `lokasi`, `instansi`, `alamat`, `telepon`, `nomor_kontrak`, `persen_sharing`, `nilai_kontrak`, `nilai_project`, `tanggal_pelaksanaan`, `persentase_pelaksanaan`, `selesai_kontrak`, `tanggal_serah_terima`, `keterangan`, `id_peserta`, `file`, `status`, `created`, `updated`, `status_delete`) VALUES
(1, 'Jaket Karyawan Operasional', 'jakarta', 'PT Jasamarga Tollroad Operator', 'Gedung Kantor Cabang Jagorawi Lt 4 Plaza Toll TMII Jakarta Timur 13550', '', '', NULL, 535300000, 0, '0000-00-00', '', '', '0000-00-00', '', 5, NULL, 0, '2018-07-12 09:01:50', NULL, 0),
(2, 'Pengadaan roll paper', 'PT Jasamarga Tollroad Operator', 'PT Jasamarga Tollroad Operator', 'Gedung Kantor cabang Jagorawi Lt.4 Plaza Toll  TMII', '', '', NULL, 0, 0, '0000-00-00', '', '', '0000-00-00', '', 5, '5_pengalaman_0.295581001531996590_.pdf', 0, '2018-07-19 17:36:30', NULL, 0),
(3, 'Pekerjaan Jasa Sistem Aplikasi Sumber Daya Manusia', 'Jakarta', 'PT Kereta Depat Indonesia China', 'Jl.D.iPanjaitan  Kav.9  Jakarta Timur', '', '0068/CA-4/KCIC/17.05.17', 0, 496, 0, '2017-05-17', '0', '180 hari', '2017-11-17', '', 8, '8_pengalaman_0.469515001535092643_.pdf', 0, '2018-08-24 13:37:23', NULL, 0),
(4, 'PENGADAAN JASA PENGEMUDI OPERASIONAL (PATROLI, AMBULANCE DAN PENJEMPUTAN)', 'JAKARTA', 'PT MARGA LINGKAR JAKARTA', 'PLAZA TOL MERUYA JORR W2 UTARA, KEMBANGAN JAKARTA BARAT', '02158908462', '401/AA/MLJ/V/2018', 10, 1, 147, '0000-00-00', '0', '31-05-2018', '0000-00-00', '', 14, '14_pengalaman_0.794828001535094105_.pdf', 0, '2018-08-24 14:01:45', NULL, 0),
(5, 'PENGADAAN GULA, KOPI DAN TEH', 'CAWANG-TOMANG-CENGKARENG', 'PT. Jasa Marga (Persero) Tbk Cabang Cawang Tomang Cengkareng', 'JL. CILILITAN BESAR , JAKARTA 13510', '021 80887227', 'CJ.SPK.009', 0, 272229375, 0, '0000-00-00', '0', '13-02-2016', '0000-00-00', '', 13, '13_pengalaman_0.588491001535112570_.pdf', 0, '2018-08-24 19:09:30', NULL, 0),
(6, 'PENGADAAN RUBBERCONE DAN SARANA K3 TAHUN 2018', 'Cab. Palimanan Kanci', 'PT. JASAMARGA', 'PT JASA MARGA (PERSERO) Tbk.\r\nCABANG Palimanan Kanci\r\nJl. Jenderal Sudirman No. 138 Ciperna, Cirebon 45171 - Indonesia', '0231 484268, 489800', '28/SPK-CM/2018', 15, 315853000, 0, '2018-05-11', '0', '', '2018-05-11', 'PEKERJAAN PENGADAAN RUBBERCONE DAN SARANA K3 TAHUN 2018', 27, '27_pengalaman_0.137177001535357575_.pdf', 0, '2018-08-27 15:12:55', '2018-08-27 16:03:38', 0),
(7, 'PENGADAAN PERBAIKAN KANTOR BARU', 'PT. JASAMARGA TRANSJAWA TOLL (PT JTT)', 'PT. JASAMARGA TRANSJAWA TOLL (PT JTT)', 'Plaza Tol Taman Mini Indonesia Indah\r\nJakarta 13560 - Indonesia\r\nKantor Cabang Jagorawi Lt. 3\r\nJakarta Timur', '082124999631', '002/BA/JTT.01/2018', 15, 44055000, 0, '2018-07-24', '0', '', '2018-07-24', 'PENGADAAN PERBAIKAN KANTOR BARU, PEMASANGAN AC & INSTALASI, PEMASANGAN PARTISI/SEKAT, DAN MOBILISASI PEMINJAMAN BARANG INVENTARIS', 27, '27_pengalaman_0.568974001535360451_.pdf', 0, '2018-08-27 16:00:51', NULL, 0),
(8, 'PENGADAAN AC', 'Cab. Jakarta-Cikampek', 'PT. JASAMARGA', 'PT JASA MARGA (PERSERO) Tbk.\r\nBRANCH JAKARTA-CIKAMPEK\r\nJl. Teuku Umar, Sepanjang Jaya Rawa Lumbu\r\nBekasi 17114 - Indonesia', '021 821 6515, 824 30', 'CG.KPJ.123', 15, 493566150, 0, '2018-03-26', '0', '', '2018-03-26', 'PENGADAAN JASA AIR CONDITIONER (AC) PERUNTUKAN KANTOR CABANG DAN KANTOR GERBANG PERIODE TW.I/2018 ', 27, '27_pengalaman_0.473357001535362032_.pdf', 0, '2018-08-27 16:27:12', NULL, 0),
(9, 'PENGADAAN BELANJA BAHAN/BIBIT TANAMAN - BIBIT BAWANG MERAH', 'KAB. KARO', 'PEMERINTAH KABUPATEN KARO DINAS PERTANIAN DAN PERKEBUNAN', 'JL. VETERAN NO. 24 KABANJAHE', '-', '190/PPKAPBD/Prod/XII/2016', 0, 805, 0, '2016-12-08', '0', '31-12-2016', '2016-12-31', '', 15, '15_pengalaman_0.719717001535454343_.pdf', 0, '2018-08-28 18:05:43', '2018-08-28 18:12:54', 0),
(10, 'BELANJA MODAL BUKU PERPUSTAKAAN KEGIATAN PENGADAAN BUKU PERPUSTAKAAN DAN KELENGKAPAN TINGKAT SMP PAD', 'MEDAN', 'PEMERINTAH KOTA MEDAN DINAS PENDIDIKAN', 'JL. PELITA IV NO. 77 MEDAN', '061-6629322', '420/15415A.PPMP/2016', 0, 500000000, 0, '2016-10-15', '0', '13-12-2016', '2016-12-13', '', 15, '15_pengalaman_0.843101001535454733_.pdf', 0, '2018-08-28 18:12:13', NULL, 0),
(11, 'REHABILITASI/PEMELIHARAAN JALAN - PENGASPALAN JALAN DI JL. ASOKA/KENANGA RAYA M/D JL. RING ROAD ARAH', 'MEDAN', 'PEMKO MEDAN DINAS PEKERJAAN UMUM', 'JL. PINANG BARIS NO. 114-C MEDAN', '061-8451766', '188/SP/KPA/DPUKM/APBD/LPSE/2017', 0, 1000000001, 0, '2017-06-09', '0', '07-09-2017', '2017-09-17', '', 4, '19_pengalaman_0.521789001535966544_.pdf', 0, '2018-09-03 16:22:24', NULL, 0),
(12, 'BELANJA MODAL PERALATAN LAB. KOMPUTER KEGIATAN PENGADAAN PERALATAN LAB. KOMPUTER SMA PADA DINAS PEND', 'MEDAN', 'PEMKO MEDAN DINAS PENDIDIKAN', 'JL. PELITA IV NO. 77 MEDAN', '061-6629322', '420/15719.PPMP/2016', 0, 3000000000, 0, '2016-10-20', '0', '10-12-2016', '2016-12-10', '', 4, '19_pengalaman_0.841072001535967708_.pdf', 0, '2018-09-03 16:41:48', NULL, 0),
(13, 'REHABILITASI SEDANG/BERAT BANGUNAN SEKOLAH SD NEGERI 060970', 'MEDAN', 'PEMKO MEDAN DINAS PENDIDIKAN', 'JL. PELITA IV NO. 77 MEDAN', '061-6629322', '420/17062.SARPAS/2017', 0, 300000000, 0, '2017-11-15', '0', '29-12-2017', '2017-12-29', '', 4, '19_pengalaman_0.586140001535968081_.pdf', 0, '2018-09-03 16:48:01', NULL, 0),
(14, 'PENGADAAN MEUBLEAIR KEPERLUAN BIRO ADMINISTRASI UNIMED', 'KAMPUS UNIVERSITAS NEGERI MEDAN', 'KEMENTRIAN RISET, TEKNOLOGI DAN PWNDIDIKAN TINGGI UNIVERSITAS NEGERI MEDAN', 'JL. WILIEM ISKANDAR PASAR V MEDAN', '061-6613276', '1897/UN33-PPK/PNPB/SPK/2017', 0, 151, 0, '2017-06-08', '0', '21-06-2017', '2017-06-21', '', 19, '19_pengalaman_0.825425001535968585_.pdf', 0, '2018-09-03 16:56:25', NULL, 0),
(15, 'Pengadaan Kebutuhan SUsu Kemasan ', 'Gerbang Tol Cluster Jasamarga ', 'PT. Jasamarga Tollroad Operator', 'Gedung Cabang Jagorawi Lt.4 Plaza Tol Taman Mini Indonesia Indah Jakarta 13550', '021-22984722', '050/SP-JMTO/III/2018', 0, 3146774400, 0, '2018-04-01', '0', '2019-03-31', '0000-00-00', '', 11, '11_pengalaman_0.938539001536116013_.pdf', 0, '2018-09-05 09:53:33', '2018-09-05 09:57:30', 0),
(16, 'Pengadaan Kebutuhan Gula,Kopi,Teh dan Air Mineral ', 'Gerbang Tol Cluster Jasamarga', 'PT. Jasamarga Tollroad Operator', 'Gedung Cabang Jagorawi Lt.4 Plaza Tol Taman Mini Indonesia Indah Jakarta 13550', '021-22984722', '049/SP-JMTO/III/2018', 0, 2516857200, 0, '2018-04-01', '0', '2019-03-31', '0000-00-00', '', 11, '11_pengalaman_0.756447001536116184_.pdf', 0, '2018-09-05 09:56:24', NULL, 0),
(17, '2323', '2323', '2323232', '', '223', '6565656565656565', 0, 5656565656, 0, '2018-11-22', '0.00', '2332', '2018-11-23', '23233', 4, '4_pengalaman_20181216031132.pdf', 0, '2018-12-16 03:11:32', '2018-12-16 03:11:32', 0),
(20, '1111111111', 'MEDAN', 'PEMKO MEDAN DINAS PENDIDIKAN', 'uyvhbi', '789', '9809', 87, 8097788, 78990, '2018-12-17', '798090.00', '29-12-2017', '2017-12-29', '9ugblkbnb', 4, '4_pengalaman_20181217034143.pdf', 0, '2018-12-17 03:41:43', '2018-12-17 03:41:43', 0);

-- --------------------------------------------------------

--
-- Struktur dari tabel `drt_pengurus`
--

CREATE TABLE IF NOT EXISTS `drt_pengurus` (
  `id` int(11) NOT NULL AUTO_INCREMENT,
  `id_peserta` int(255) DEFAULT NULL,
  `nama` varchar(150) DEFAULT NULL,
  `no_ktp` varchar(20) DEFAULT NULL,
  `alamat` varchar(255) DEFAULT NULL,
  `jabatan` varchar(150) DEFAULT NULL,
  `sjabat` date DEFAULT NULL,
  `ejabat` date DEFAULT NULL,
  `notaris` varchar(150) DEFAULT NULL,
  `dok` varchar(150) DEFAULT NULL,
  `created` date DEFAULT NULL,
  `updated` date DEFAULT NULL,
  `status` smallint(6) DEFAULT '0',
  `status_delete` smallint(6) DEFAULT '0',
  PRIMARY KEY (`id`) USING BTREE
) ENGINE=InnoDB  DEFAULT CHARSET=latin1 ROW_FORMAT=COMPACT AUTO_INCREMENT=34 ;

--
-- Dumping data untuk tabel `drt_pengurus`
--

INSERT INTO `drt_pengurus` (`id`, `id_peserta`, `nama`, `no_ktp`, `alamat`, `jabatan`, `sjabat`, `ejabat`, `notaris`, `dok`, `created`, `updated`, `status`, `status_delete`) VALUES
(1, 4, NULL, NULL, NULL, NULL, NULL, NULL, NULL, '4_pengurus_0.453111001531210818_.pdf', '2018-07-10', '2018-12-14', 0, 1),
(2, 4, NULL, NULL, NULL, NULL, NULL, NULL, NULL, '4_pengurus_0.591237001531212429_.pdf', '2018-07-10', '2018-12-14', 0, 1),
(3, 5, 'Sujakat Triyanto', '3674041108620006', 'Gedung Kantor Cabang Jagorawi Lt 4 Plaza Toll TMII Jakarta Timur', 'Ketua', '2016-04-07', '2021-04-06', 'H.Rizul Sudarmadi', '5_pengurus_0.619378001531360633_.pdf', '2018-07-12', NULL, 0, 0),
(4, 11, 'Harly Tambunan,SE ', '3175071106620003', 'Jl. Nusa Indah VI/10/35 RT. 007/003  Malaka Jaya  Duren sawit ', 'Direktur ', '2017-11-30', '0000-00-00', 'Linda  Darlinah,SH,MKn', '11_pengurus_0.823707001534758766_.pdf', '2018-08-20', '2018-08-20', 0, 1),
(5, 11, 'Harly Tambunan,SE ', '3175071106620003', 'Jl. Nusa Indah VI/10/35 RT. 007/003  Malaka Jaya  Duren sawit ', 'Direktur ', '2017-11-30', '0000-00-00', 'Linda  Darlinah,SH,MKn', '11_pengurus_0.540453001534758854_.pdf', '2018-08-20', '2018-08-20', 0, 1),
(6, 11, 'Harly Tambunan,SE ', '3175071106620003', 'Jl. Nusa Indah VI/10/35 RT. 007/003  Malaka Jaya  Duren sawit ', 'Direktur ', '2017-11-30', '0000-00-00', 'Linda  Darlinah,SH,MKn', '11_pengurus_0.476472001534759073_.pdf', '2018-08-20', '2018-08-20', 0, 0),
(7, 11, 'Betty Manurung', '3175075909660002', 'Jl. Nusa Indah VI/10/35 RT.007 RW.003 Malaka Jaya  Duren Sawit Jakarta Timur ', 'Komisaris ', '2017-11-30', '0000-00-00', 'Linda Darlinah Siran,SH,Mkn', '11_pengurus_0.632456001534822783_.pdf', '2018-08-21', NULL, 0, 0),
(8, 8, 'Roby Riswan', '31575040709770012', 'JLn.Dukuh VI No.23B Rt006/002 Kel.Dukuh Kec.Kramatjati Jakarta Timur', 'Direktur Utama', '2005-06-02', '2016-02-29', 'Indra Tjahja Rinanto,SH', '8_pengurus_0.449534001535080526_.pdf', '2018-08-24', '2018-08-24', 0, 1),
(9, 8, 'Roby Riswan', '31575040709770012', 'JLn.Dukuh VI No.23B Rt006/002 Kel.Dukuh Kec.Kramatjati Jakarta Timur', 'Direktur Utama', '2005-06-02', '2016-02-29', 'Indra Tjahja Rinanto,SH', '8_pengurus_0.884454001535081105_.pdf', '2018-08-24', '2018-08-24', 0, 0),
(10, 8, 'Anton Sugianto', '3175090800353004', 'JLn.Raya PKP GG H.BAIN No.5 Rt.001 RW 008 Kel.Kelapa Dua wetan Kec.Ciracas Jakarta Timur', 'Komisaris', '2016-02-29', '2016-02-29', 'Indra Tjahja Rinanto,SH', '8_pengurus_0.941389001535081288_.pdf', '2018-08-24', NULL, 0, 0),
(11, 8, 'Indra Rachman', '3216081901860003', '\r\nperum Telaga Harapan Blok G3 /4 RT.006/011 Kel.Telaga Mutni Kec Cikarang Barat Jawa Barat', 'komisaris Utama', '2005-06-02', '0000-00-00', 'Indra Tjahja Rinanto,SH', '8_pengurus_0.278052001535082679_.pdf', '2018-08-24', NULL, 0, 0),
(12, 14, 'TRIWIYADI', '3674051604880002', 'KP SAWAH JALAN JALAK 2, NO 42 RT 01 RW 5 TANGERANG SELATAN', 'DIREKTUR', '2017-12-16', '0000-00-00', 'CARSUANDY, SH', '14_pengurus_0.710435001535083308_.pdf', '2018-08-24', NULL, 0, 0),
(13, 8, 'Trikora Simanjuntak,SE', '3174021912620001', 'Jl.Subur Raya No 22 RT.002 Kel.Menteng Atas Kec.Setia Budi Jakarta', 'Direktur', '2016-02-29', '2016-02-29', 'Indra Tjahja Rinanto,SH', '8_pengurus_0.374229001535089824_.pdf', '2018-08-24', NULL, 0, 0),
(14, 20, 'Herry Siswanto', '3515070504690012', 'Jl. Raya Candi 217. Desa Candi RT.010/RW.003 Kec. Candi Kab. Sidoarjo', 'Direktur Utama', '2006-01-01', '0000-00-00', 'Siti Nurul Yuliami, S.H.,M.Kn', '20_pengurus_0.689248001535094639_.jpg', '2018-08-24', NULL, 0, 0),
(15, 13, 'ACHMAD SYARIFUDIN', '3175100709700001', 'JL. GEMPOL NO.2 RT. 011 RW. 002 KEL. CEGER KEC. CIPAYUNG, JAKARTA TIMUR', 'DIREKTUR UTAMA', '2012-12-03', '2018-01-29', 'RACHMAT BASUKI, S.., M.Kn.', '13_pengurus_0.967884001535107086_.pdf', '2018-08-24', NULL, 0, 1),
(16, 13, 'MUHAMAD NASIR', '3175101510740002', 'JL. REMAJA RT. 001 RW. 001 KEL. CEGER KEC. CIPAYUNG, JAKARTA TIMUR', 'DIREKTUR', '2012-12-03', '2018-01-29', 'RACHMAT BASUKI, S.., M.Kn.', '13_pengurus_0.295160001535107468_.pdf', '2018-08-24', NULL, 0, 0),
(17, 13, 'ACHMAD SYARIFUDIN', '3175100709700001', 'JL. GEMPOL NO.2 RT. 011 RW. 002 KEL. CEGER KEC. CIPAYUNG, JAKARTA TIMUR', 'DIREKTUR UTAMA', '2012-12-03', '2018-01-29', 'RACHMAT BASUKI, S.., M.Kn.', '13_pengurus_0.492867001535107531_.pdf', '2018-08-24', NULL, 0, 0),
(18, 13, 'RETNO PRATIWI TSN', '3175097103840003', 'JL. KELAPA DUA WETAN RT. 003 RW. 004 KEL. KELAPA DUA WETAN KEC. CIRACAS, JAKARTA TIMUR', 'KOMISARIS', '2018-01-29', '2018-01-29', 'RACHMAT BASUKI, S.., M.Kn.', '13_pengurus_0.557635001535107821_.pdf', '2018-08-24', NULL, 0, 0),
(19, 16, 'IR. ZULFIAR', '1271042601560002', 'JALAN MENTENG RAYA GG. BENTENG NO. 23, KELURAHAN BINJAI, KECAMATAN MEDAN DENAI', 'KOMISARIS', '2017-04-19', '2017-06-20', 'BINSAR SIMANJUNTAK, SH', '16_pengurus_0.903412001535342034_.pdf', '2018-08-27', NULL, 0, 0),
(20, 19, 'Arjuna R. Siregar', '1208011304900002', 'Jl. Belimbing II No. 248/07 Kel. Nusa Harapan Kec. Siantar Kab. Simalungun Provinsi Sumatera Utara', 'Direktur', '2016-02-19', '2018-08-27', 'Ali Muda Rambe, SH', '19_pengurus_0.415409001535343068_.pdf', '2018-08-27', NULL, 0, 0),
(21, 16, 'HERMAN', '1271032212580001', 'DUSUN IV JL. TANJUNG PERMAI LINGK. UTARA NO. 3, KELURAHAN TANJUNG GUSTA, KECAMATAN SUNGGAL', 'DIREKTUR', '2016-05-17', '2018-08-27', 'BINSAR SIMANJUNTAK, SH', '16_pengurus_0.971478001535343068_.pdf', '2018-08-27', NULL, 0, 0),
(22, 19, 'Fajar Asri', '1207211305870003', 'Jl. Pertahanan Gg. Puskesmas Dsn III SGR RT. 001 RW. 001 Kel. Sigara Gara Kec. Patumbak Kab. Deli Serdang Prov. Sumatera Utara', 'Komisaris', '2016-02-19', '2018-08-27', 'Ali Muda Rambe, SH', '19_pengurus_0.052097001535343213_.pdf', '2018-08-27', NULL, 0, 0),
(23, 27, 'Tono Saryono', '3201071000560003', 'Limus Pratama Regency Blok F2/38 Rt .006/011 Kel. Limus Nunggal Kec.Cileungsi – Kab.Bogor', 'komut', '2015-06-26', '2018-08-27', 'NY. FRANSISCA INNING SOEMANTRI, SH', '27_pengurus_0.615660001535351289_.pdf', '2018-08-27', NULL, 0, 0),
(24, 27, 'Sri Fitriyani', ' 3201077011700004', 'Limus Pratama Regency Blok F2/38 Rt .006/011 Kel. Limus Nunggal Kec.Cileungsi – Kab.Bogor', 'Direktur', '2015-06-26', '2018-08-27', 'NY. FRANSISCA INNING SOEMANTRI, SH', '27_pengurus_0.393033001535351418_.pdf', '2018-08-27', NULL, 0, 0),
(25, 27, 'Amal Huzaini S', '3175010302810011', 'JL. Rasamala IV No. 24 RT/RW  008/006, KEL/DESA  Utan Kayu Selatan, \r\nKEC. MATRAMAN - JAKARTA TIMUR\r\n', 'Administrasi', '2017-03-02', '2018-08-27', 'NY. FRANSISCA INNING SOEMANTRI, SH', '27_pengurus_0.983812001535351693_.pdf', '2018-08-27', NULL, 0, 0),
(26, 27, 'Bambang Martono', '3201030903580004', 'Kp. Sanja Rt 01/05, Kel. Sanja, Citeureup, Bogor- Jawa Barat', 'PENGAWAS', '2018-02-01', '2018-08-27', 'NY. FRANSISCA INNING SOEMANTRI, SH', '27_pengurus_0.296373001535351995_.pdf', '2018-08-27', NULL, 0, 0),
(27, 30, 'SUJAKAT TRIYANTO', '3674041108620006', 'JL. PINANG KAV. 1913 BUKIT NUSA INDAH RT. 007 RW. 016 SERUA CIPUTAT TANGERANG SELATAN', 'KETUA', '2015-12-04', '2018-12-03', 'H. RIZUL SUDARMADI, SH. MKn.', '30_pengurus_0.600524001535360178_.JPG', '2018-08-27', NULL, 0, 0),
(28, 30, 'DEDI RACHMAT SE.', '3674060906730008', 'GRIYA PAMULANG 2 E1/5 RT. 004 RW. 020 PONDOK BENDA PAMULANG TANGERANG SELATAN', 'BENDAHARA', '2015-12-04', '2018-12-03', 'H. RIZUL SUDARMADI, SH. MKn.', '30_pengurus_0.621086001535360306_.JPG', '2018-08-27', NULL, 0, 0),
(29, 30, 'SRI MARGONO', '3175021605700008', 'JL. BATU BIDURI BULAN NO. 61 RT. 002 RW. 010 KAYU PUTIH PULOGADUNG JAKARTA TIMUR', 'SEKRETARIS', '2015-12-04', '2018-12-03', 'H. RIZUL SUDARMADI, SH. MKn.', '30_pengurus_0.100434001535360429_.JPG', '2018-08-27', NULL, 0, 0),
(30, 15, 'JOKO MULIO', '1207232507850010', 'JL. TANI ASLI NO. 88 DS. II BARAT KEL. TANJUNG GUSTA KEC. SUNGGAL', 'DIREKTUR', '2016-02-19', '2018-08-28', 'Ali Muda Rambe, SH', '15_pengurus_0.713791001535439796_.pdf', '2018-08-28', NULL, 0, 0),
(31, 15, 'RAHMAT AKBAR', '1207243012840009', 'DUSUN XIX PASAR IV NO. 58 KEL. KLAMBIR V KEBUN KEC. HAMPARAN PERAK', 'KOMISARIS', '2016-02-19', '2018-08-28', 'Ali Muda Rambe, SH', '15_pengurus_0.473446001535441432_.pdf', '2018-08-28', NULL, 0, 0),
(33, 4, 'Ardy Sundana', 'asd', 'asd', 'asd', '2018-12-24', '2018-12-24', 'asdasd', '4_pengurus_20181216144214.pdf', '2018-12-17', '2018-12-17', 0, 0);

-- --------------------------------------------------------

--
-- Struktur dari tabel `drt_peralatan`
--

CREATE TABLE IF NOT EXISTS `drt_peralatan` (
  `id` int(11) NOT NULL AUTO_INCREMENT,
  `id_peserta` int(255) DEFAULT NULL,
  `nama_alat` varchar(150) DEFAULT NULL,
  `jumlah` double DEFAULT NULL,
  `kapasitas` varchar(50) DEFAULT NULL,
  `merk` varchar(100) DEFAULT NULL,
  `tahun` int(4) DEFAULT NULL,
  `kondisi` smallint(255) DEFAULT NULL,
  `lokasi` varchar(150) DEFAULT NULL,
  `status_milik` smallint(6) DEFAULT NULL,
  `bukti_milik` varchar(100) DEFAULT NULL,
  `created` datetime DEFAULT NULL,
  `updated` datetime DEFAULT NULL,
  `status` smallint(6) DEFAULT '0',
  `status_delete` smallint(6) DEFAULT '0',
  PRIMARY KEY (`id`) USING BTREE
) ENGINE=InnoDB  DEFAULT CHARSET=latin1 ROW_FORMAT=COMPACT AUTO_INCREMENT=42 ;

--
-- Dumping data untuk tabel `drt_peralatan`
--

INSERT INTO `drt_peralatan` (`id`, `id_peserta`, `nama_alat`, `jumlah`, `kapasitas`, `merk`, `tahun`, `kondisi`, `lokasi`, `status_milik`, `bukti_milik`, `created`, `updated`, `status`, `status_delete`) VALUES
(1, 5, 'Komputer Dekstop', 3, '', '', 2014, 1, 'Jakarta Timur', 1, NULL, NULL, '2018-07-19 17:46:11', 0, 0),
(2, 8, 'Komputer', 2, '', 'Rakitan', 2010, 1, 'Jakarta', 1, NULL, NULL, '2018-08-24 10:31:45', 0, 0),
(3, 8, 'Meja Kerja', 4, '', 'olympic', 2016, 1, 'Jakarta', 1, NULL, NULL, '2018-08-24 10:35:35', 0, 0),
(4, 8, 'Motor Honda Supra X 125', 1, '125 cc', 'Honda', 2011, 1, 'Jakarta', 1, NULL, NULL, '2018-08-24 10:43:53', 0, 0),
(5, 8, 'Motor Honda Beat', 1, '110', 'Honda', 2014, 1, 'Jakarta', 1, NULL, NULL, '2018-08-24 10:44:21', 0, 0),
(6, 8, 'Mobil ', 1, '1500cc', 'Honda', 2014, 1, 'Jakarta', 1, NULL, NULL, '2018-08-24 10:45:02', 0, 0),
(7, 8, 'Notebook Asus', 1, '', 'Asus', 2016, 1, 'Jakarta', 1, NULL, NULL, '2018-08-24 10:45:43', 0, 0),
(8, 8, 'Printer HP pro 8610', 4, '', 'HP', 2015, 1, 'Jakarta', 1, NULL, NULL, '2018-08-24 10:47:22', 0, 0),
(9, 8, 'Scanner HP 200', 1, '', 'HP', 2016, 1, 'Jakarta', 1, NULL, NULL, '2018-08-24 10:48:01', 0, 0),
(10, 8, 'Lemari Besi Arsip', 1, '', 'Arsip', 2018, 1, 'Jakarta', 1, NULL, NULL, '2018-08-24 10:52:18', 0, 0),
(11, 8, 'filling Kabinet', 2, '', 'Ellite', 2000, 1, 'Jakarta', 1, NULL, NULL, '2018-08-24 10:54:40', 0, 0),
(12, 14, 'MOBIL', 12, '8', 'DAIHATSU', 2016, 1, 'JAKARTA, SOLO, SURABAYA', 1, NULL, NULL, '2018-08-24 13:47:53', 0, 0),
(13, 11, 'Genset ', 2, '175 KVA ', 'Mitsubishi', 2014, 1, 'Jakarta ', 1, NULL, NULL, '2018-08-24 14:24:20', 0, 0),
(14, 11, 'Excavator ', 1, '-', 'Catterpilar 320 D ', 2007, 1, 'Jakarta', 1, NULL, NULL, '2018-08-24 14:27:04', 0, 0),
(15, 11, 'Mesin Las  Listrik ', 2, '3 KVa /10 Kva ', 'Yanmar ', 2014, 1, 'Jakarta ', 1, NULL, NULL, '2018-08-24 14:26:54', 0, 0),
(16, 11, 'Mesin Bor ', 14, '2500 rpm', 'Makita ', 2016, 1, 'Jakarta ', 1, NULL, NULL, '2018-08-24 14:28:15', 0, 0),
(17, 11, 'Meisn Gerinda ', 3, '110000 rpm', 'Maktek ', 2015, 1, 'Jakarta ', 1, NULL, NULL, '2018-08-24 14:29:31', 0, 0),
(18, 11, 'Kompresor', 3, '-', 'Michelin ', 2014, 1, 'Jakarta ', 1, NULL, NULL, '2018-08-24 14:31:22', 0, 0),
(19, 11, 'Meisn Circle ', 2, '-', 'Maktek ', 2012, 1, 'Jakarta ', 1, NULL, NULL, '2018-08-24 14:32:38', 0, 0),
(20, 11, 'Mesin Potong  Keramik ', 4, '-', 'Maktek ', 2016, 1, 'Jakarta ', 1, NULL, NULL, '2018-08-24 14:33:45', 0, 0),
(21, 13, 'KENDARAAN RODA EMPAT', 3, '95%', 'HONDA/TOYOTA/SUZUKI- MINIBUS', 2017, 1, 'KANTOR', 1, NULL, NULL, '2018-08-24 18:17:17', 0, 0),
(22, 27, 'mobil Pick-Up', 1, '', 'Daihatsu ', 2013, 1, 'Cab. Jagorawi', 2, NULL, NULL, '2018-08-27 13:42:16', 0, 0),
(23, 27, 'sedan vios', 1, '', '', 2006, 1, 'Cab. Jagorawi', 2, NULL, NULL, '2018-08-27 13:42:58', 0, 0),
(24, 27, 'komputer', 2, '', '', 2017, NULL, 'Cab. Jagorawi', 1, NULL, NULL, '2018-08-27 13:43:40', 0, 0),
(25, 27, 'laptop', 2, '', 'asus', 2016, 1, 'Cab. Jagorawi', 1, NULL, NULL, '2018-08-27 13:44:09', 0, 0),
(26, 15, 'DUMP TRUCK', 4, '3-6 M3', 'HYUNDAI', 2011, 1, 'MEDAN', 2, NULL, NULL, '2018-08-28 14:24:17', 0, 0),
(27, 15, 'CONCRETE VIBRATOR', 2, '-', 'SUBARU', 2016, 1, 'MEDAN', 1, NULL, NULL, '2018-08-28 14:24:54', 0, 0),
(28, 15, 'MESIN MOLEN', 2, '0,3-0,6 M3', 'YANMAR', 2016, 1, 'MEDAN', 1, NULL, NULL, '2018-08-28 14:25:36', 0, 0),
(29, 15, 'GENERATOR SET', 2, '-', 'HONDA', 2016, 1, 'MEDAN', 1, NULL, NULL, '2018-08-28 14:26:09', 0, 0),
(30, 15, 'BARBENDER/BARCUTTER', 2, '-', '-', 2016, 1, 'MEDAN', 1, NULL, NULL, '2018-08-28 14:26:47', 0, 0),
(31, 15, 'WATER PUMP', 2, '-', 'ROBIN', 2016, 1, 'MEDAN', 1, NULL, NULL, '2018-08-28 14:27:14', 0, 0),
(32, 15, 'MESIN LAS', 2, '-', 'LAKONI', 2016, 1, 'MEDAN', 1, NULL, NULL, '2018-08-28 14:27:38', 0, 0),
(33, 19, 'BETON MOLEN', 1, '0,3 M3', 'DONFENG', 2017, 1, 'MEDAN', 1, NULL, NULL, '2018-09-03 16:08:23', 0, 0),
(34, 19, 'KERETA SORONG', 15, '1 - 1,5 M3', 'ARTCO', 2018, 1, 'MEDAN', 1, NULL, NULL, '2018-09-03 16:09:26', 0, 0),
(35, 19, 'PERALATAN TUKANG', 5, '-', 'BERGAM', 2018, 1, 'MEDAN', 1, NULL, NULL, '2018-09-03 16:11:18', 0, 0),
(36, 19, 'SCAFOLDING', 15, '-', '-', 2018, 1, 'MEDAN', 1, NULL, NULL, '2018-09-03 16:11:57', 0, 0),
(37, 19, 'PEMOTONG KERAMIK', 5, '-', 'SAKAI', 2017, 1, 'MEDAN', 1, NULL, NULL, '2018-09-03 16:12:29', 0, 0),
(38, 19, 'BOR LISTRIK', 3, '-', 'BOSCH', 2017, 1, 'MEDAN', 1, NULL, NULL, '2018-09-03 16:15:08', 0, 0),
(39, 19, 'GERENDA LISTRIK', 5, '-', 'BOSCH', 2017, 1, 'MEDAN', 1, NULL, NULL, '2018-09-03 16:16:27', 0, 0),
(41, 4, 'Derek', 67, 'gchgvc', 'vghbmn', 798, 1, 'vhjbmn', 1, '4_peralatan_20181217034013.pdf', '2018-12-17 03:40:13', '2018-12-17 03:40:13', 0, 0);

-- --------------------------------------------------------

--
-- Struktur dari tabel `drt_peserta`
--

CREATE TABLE IF NOT EXISTS `drt_peserta` (
  `id` int(11) NOT NULL AUTO_INCREMENT,
  `nm_perusahaan` varchar(155) DEFAULT NULL,
  `tipe_perusahaan` smallint(2) DEFAULT NULL,
  `npwp` varchar(50) DEFAULT NULL,
  `user_id` varchar(50) DEFAULT NULL,
  `pass` varchar(255) DEFAULT NULL,
  `rpass` varchar(255) DEFAULT NULL,
  `nama_lengkap` varchar(255) DEFAULT NULL,
  `email` varchar(100) DEFAULT NULL,
  `alamat` varchar(255) DEFAULT NULL,
  `propinsi` smallint(5) DEFAULT NULL,
  `kota` smallint(5) DEFAULT NULL,
  `no_tlp` varchar(20) DEFAULT NULL,
  `no_hp` varchar(20) DEFAULT NULL,
  `created` timestamp NOT NULL DEFAULT CURRENT_TIMESTAMP ON UPDATE CURRENT_TIMESTAMP,
  `status` smallint(255) DEFAULT '0',
  `id_pra_daftar` int(11) DEFAULT NULL,
  PRIMARY KEY (`id`) USING BTREE
) ENGINE=InnoDB  DEFAULT CHARSET=latin1 ROW_FORMAT=COMPACT AUTO_INCREMENT=37 ;

--
-- Dumping data untuk tabel `drt_peserta`
--

INSERT INTO `drt_peserta` (`id`, `nm_perusahaan`, `tipe_perusahaan`, `npwp`, `user_id`, `pass`, `rpass`, `nama_lengkap`, `email`, `alamat`, `propinsi`, `kota`, `no_tlp`, `no_hp`, `created`, `status`, `id_pra_daftar`) VALUES
(4, 'PT. SAPTA PESONA', 1, NULL, '123', 'c8ca7520b59cf28bbc51a69e9e7dd4ef', '123', 'Ahmad Ismail', 'ismail.proyek@gmail.com', 'Taman Mini 2', 31, 3171, '021-8282828', '0817212162', '2018-10-15 02:45:29', 0, 4),
(8, 'Paku Mas', 1, NULL, 'robyiswra5', '4d4dd02026a86e5c95d5d52e55cc457f', '1579538651', 'Roby Riswan', 'robyriswan0709@gmail.com', 'Kom.rukan Taman Pondok Kelapa Blok F No.2 Jl Raya Pondok Kelapa Kec Duren Sawit', 31, 3172, '021 87798473', '08179171815', '2018-08-15 07:33:59', 0, NULL),
(9, 'Asa Inti Sejahtera', 2, NULL, 'indraiafrm1', 'b8dc83cfef216246db50f730f98dd6e9', '51235588', 'Indra Firmansyah', 'indrafirmansyah009@gmail.com', 'Komplek Rukan Pondok Kelapa Blok J1 No. 1 Jl. Raya Pondok Kelapa RT.001 RW.001 Kelurahan Pondok Kelapa  Kecamatan Duren sawit', 31, 3172, '021 8414457', '081298847182', '2018-08-15 08:05:02', 0, NULL),
(10, 'Putri Karya Abadi', 2, NULL, 'iminsamre8', '395295065174d9b3ca4c9a42668c6c6e', '1785059488', 'Imin Resmana', 'putrikaryaabadi123@gmail.com', 'Jl. Johar Utara III Blok i4 No. 72 Pengasinan RT.004 RW 016 Pengasinan Rawa Lumbu Kota Bekasi', 32, 3275, '081317460666', '081317460666', '2018-08-15 08:22:48', 0, NULL),
(11, 'PT. Tamba Ria Jaya ', 1, NULL, 'harlyumbat10', '6b4f4cb0bb037a02356e8f85f900b37b', '1651916334', 'Harly Tambunan,SE', 'tambaria.jaya@yahoo.com', 'Komp. Rukan Taman Pondok Kelapa Blok F No.4 Jl. Raya Pondok  Kelapa  Jakarta  Timur ', 31, 3172, '02186901255', '081315684653', '2018-08-20 04:20:39', 0, NULL),
(12, 'PT. Tamba Ria Jaya', 1, NULL, 'harlytaubm8', 'e8a4438336e38947d4e75662fecf2248', '862160686', 'Harly Tambunan,SE', 'tambaria.jaya@yahoo.com', 'Komp. Rukan  Taman Pondok Kelapa  Blok F No.4 Jal. Raya Pondok Kelapa  Jakarta Timur ', 31, 3172, '02186901255', '081315684653', '2018-08-20 04:22:11', 0, NULL),
(13, 'PT. Duta Hidayah', 1, NULL, 'pt.dtua7', '85b2e00ee09b23dba5f88edab6b551e0', '290031230', 'PT. DUTA HIDAYAH', 'achmad.dt@gmail.com', 'JL.GIRI KENCANA PERUMAHAN WIRA KENCANA NO.16 A RT.008 RW 002, CILANGKAP CIPAYUNG', 31, 3172, '021-84594832', '08128045948', '2018-08-21 02:31:15', 0, NULL),
(14, 'PT MULTIARTHA ADHI SARANA', 1, NULL, 'ptmultia1', '4f4196c17fc8b5d7958f13dd7ebc6465', '577323643', 'ptmultiarthaadhisarana', 'triwiyadi735@gmail.com', 'JALAN RADEN FATAH NO 111 KELURAHAN PARUNG SERAB', 36, 3671, '02122742798', '082227776916', '2018-08-24 03:13:45', 0, NULL),
(15, 'RAJA KARYA', 2, NULL, 'rajaaykra6', '5a398cf7769aa4bdd3e2acfb2b7abcaf', '597594710', 'RAJA KARYA', 'RAJAKARYA24@gmail.com', 'JL. GATOT SUBROTO GG JOHAR NO. 1 SEI PUTIH BARAT MEDAN PETISAH', 12, 1275, '082164534568', '082164534568', '2018-08-24 03:41:06', 0, NULL),
(16, 'PT. Eratama Putra Prakarsa', 1, NULL, 'dindaaitrp2', '8150e3be63e45746a8c3644400f77d3b', '647549599', 'Dinda Pratiwi Ningrum Hutabarat', 'dindapratiwiningrumh@gmail.com', 'Dusun III Gg. Aman No. 99 Desa Suka Makmur Kec. Deli Tua', 12, 1212, '-', '0821-6614-3346', '2018-08-24 03:42:26', 0, NULL),
(19, 'PUTRA DELI', 2, NULL, 'arjunar.7', '824cf95a5fb38ce149552581836eca1c', '512601655', 'ARJUNA R. SIREGAR', 'madiahhandayani22@gmail.com', 'JL. MONGONSIDI SIMPANG KARYA KASIH GG UPAH TENDI NO. 1 K KEL. ANGGRUNG', 12, 1275, '085361250423', '085361250423', '2018-08-24 03:50:52', 0, NULL),
(20, 'PT Bangun Persada Transportation', 1, NULL, 'herryswisa10', 'eab8a3d282043f3d835e2132e1aef141', '1592744612', 'Herry Siswanto', 'bpt_trans39@yahoo.com', 'Jl. raya Krian No. 07 Ds. Ponokawan RT.006/RW.001 Kec. Krian - Kab. Sidoarjo ', 35, 3515, '031-8986531', '082230912444', '2018-08-24 03:56:20', 0, NULL),
(21, 'PT. Lintas Cakra Cipta', 1, NULL, 'leonidasyrenh1', '5fb4d199dff5571bdbff4233d843c287', '307801039', 'Leonidas Henry', 'lhenrylcc@gmail.com', 'Jl. A. H. Nasution No. 57', 32, 3273, '022 - 7204800', '083829800000', '2018-08-24 03:58:52', 0, NULL),
(22, 'SRIKANDI INTI LESTARI', 1, NULL, 'pt.sil7', '279091feb863ecc7daa75f73a924e78c', '753769481', 'PT.SIL', 'diansrikandi8@gmail.com', 'JL.PUKAT 2 NO 78 G MEDAN ', 12, 1275, '42073316', '081360965588', '2018-08-24 04:09:29', 0, NULL),
(23, 'PT Husada Putra Pratama', 1, NULL, 'hendra8', 'ed36ab175eb69bfa5c231f2f9f8c7055', '955606658', 'Hendra', 'husadaputra.hpp@gmail.com', 'Jln. Raya Trosoo Utama No. 01 Ds. Sidodadi RT.019/RW.005 Taman - Sidoarjo ', 35, 3515, '031-7882685', '081335333177', '2018-08-24 04:16:38', 0, NULL),
(24, 'PT Kurnia Mega Jaya Pratama', 1, NULL, 'srinurik3', 'd3dd9638ba274cb5f6f82a3dd4e53f74', '447309582', 'Sri Kurniawati', 'kurniamega.kmjp@gmail.com', 'Dsn. Bendomungal, RT.001/RW.001, Sidorejo, Kec. Krian, Kab.Sidoaarjo', 35, 3515, '031-8986531', '082230958171', '2018-08-24 04:32:09', 0, NULL),
(25, 'PT Husada Adi Utama', 1, NULL, 'hendra6', '6a1446386a049c9e6d38151ed098b7d8', '670222303', 'Hendra', 'tivani.hernanda@gmail.com', 'Jln. Raya Trosobo Utama No.01 Blok A/7 Ds. Tanjungsari Taman - Sidoarjo', 35, 3515, '031-8986531', '082232602729', '2018-08-24 04:39:07', 0, NULL),
(26, 'PT. Multi Adhi Perkasa', 1, NULL, 'antoniuscsrhi1', 'eb28b55a4343dd4f591c040573404960', '1971097027', 'Antonius Christian', 'chris@multiadhiperkasa.com', 'Jl. Pungkur No. 34\r\nBandung 40252', 32, 3273, '022-7273999', '+6285100555570; +628', '2018-08-24 04:55:10', 0, NULL),
(27, 'KUMALA CAHAYA KITA', 1, NULL, 'sriiifrt7', '211791176d99d59bd8f349b3bc90efbb', '1999089528', 'SRI FITRIYANI', 'pt.kumalack@yahoo.co.id', 'Kindo square Blok C4 Lt 3 Jl Duren Tiga No. 101 RT 008/01 Jaksel', 31, 3171, '02179195081', '082124999631', '2018-08-24 07:13:14', 0, NULL),
(28, 'PT ARMADA ANTAR LINTAS NUSA', 1, NULL, 'aaclub_i2', '42b3e6ebb37b4f7a9357b4cab57d69c7', '1590467594', 'aaclub_indo', 'aaclub_indo@yahoo.co.id', 'JL.RS FATMAWATI NO. 4M LT. 3 CILANDAK BARAT CILANDAK JAKARTA SELATAN', 31, 3171, '0217656042', '0816868037', '2018-08-24 08:13:39', 0, NULL),
(29, 'PT RAHARJA PURNAMA SANTOSA', 1, NULL, 'rps_towi0', '308d04fa66512b3f3c14e72b143c6d18', '470511305', 'rps_towing', 'rps_towing@yahoo.com', 'JL. RS. FATMAWATI NO. 4M CILANDAK BARAT CILANDAK JAKARTA SELATAN', 31, 3171, '0217656042', '087783039182', '2018-08-24 10:29:41', 0, NULL),
(30, 'KOPERASI JASA LAYANAN OPERASI BERSAMA', 4, NULL, 'akhmadaiasf2', 'de0d5623a8fbb5fd5a5bcd44f5a52ec2', '260780908', 'AKHMAD FAISAL', 'koperasijlo@gmail.com', 'PLAZA TOL TAMAN MINI INDONESIA INDAH, KAMPUNG DUKUH VI RT. 008 RW. 003 DUKUH, KRAMAT JATI', 31, 3172, '02122701977', '081318375610', '2018-08-27 04:06:38', 0, NULL),
(31, 'MITSUBOSHI', NULL, NULL, 'ismail.p9', 'ec5decca5ed3d6b8079e2e7e7bacc9f2', '127', NULL, 'ismail.proyek@gmail.com', NULL, NULL, NULL, '22222', NULL, '2018-12-13 07:05:49', 0, 1),
(32, 'Media Telekomunikasi Jaya', NULL, NULL, 'mtj@gmai8', 'b6d767d2f8ed5d21a44b0e5886680cb9', '22', NULL, 'mtj@gmail.com', NULL, NULL, NULL, '021-228283', NULL, '2018-12-13 07:05:49', 0, 4),
(33, 'Prima Asri Jaya', NULL, NULL, 'ismail.p4', '03d015a5f7a729b37c5f35c89516c4b2', '20567', NULL, 'ismail.proyek@gmail.com', NULL, NULL, NULL, '021-83944', NULL, '2018-10-14 07:06:10', 0, 5),
(34, 'KOPERASI', NULL, NULL, 'ismail.p2', '02c27682b80b462437ba4efc71267562', '7318', NULL, 'ismail.proyek@gmail.com', NULL, NULL, NULL, '0817212162', NULL, '2018-10-14 10:28:56', 0, 3),
(35, 'Quadra Solution', NULL, NULL, 'ismail.p2', 'f042fe2d8c2e42a80c9cb8ffc652d914', '16928', NULL, 'ismail.proyek@gmail.com', NULL, NULL, NULL, '021-8727263', NULL, '2018-10-15 02:31:36', 0, 6),
(36, 'unit jaya', NULL, NULL, 'ismail.p10', 'a11ee83e7026b0c537c7cfff4d0135b3', '23744', NULL, 'ismail.proyek@gmail.com', NULL, NULL, NULL, '021-928276', NULL, '2018-10-15 04:30:57', 0, 8);

-- --------------------------------------------------------

--
-- Struktur dari tabel `drt_pra_daftar`
--

CREATE TABLE IF NOT EXISTS `drt_pra_daftar` (
  `id` int(11) NOT NULL AUTO_INCREMENT,
  `id_tipe_perusahaan` int(11) DEFAULT NULL,
  `nama_perusahaan` varchar(255) DEFAULT NULL,
  `tlp` varchar(25) DEFAULT NULL,
  `email` varchar(150) DEFAULT NULL,
  `file_ktp` varchar(255) DEFAULT NULL,
  `file_siup` varchar(255) DEFAULT NULL,
  `file_tdp` varchar(255) DEFAULT NULL,
  `file_npwp` varchar(255) DEFAULT NULL,
  `barang` smallint(6) DEFAULT NULL,
  `jasa_lain` smallint(6) DEFAULT NULL,
  `jasa_konsultansi` smallint(6) DEFAULT NULL,
  `jasa_lainnya` smallint(6) DEFAULT NULL,
  `status` smallint(1) DEFAULT '0',
  PRIMARY KEY (`id`) USING BTREE
) ENGINE=InnoDB  DEFAULT CHARSET=latin1 ROW_FORMAT=COMPACT AUTO_INCREMENT=11 ;

--
-- Dumping data untuk tabel `drt_pra_daftar`
--

INSERT INTO `drt_pra_daftar` (`id`, `id_tipe_perusahaan`, `nama_perusahaan`, `tlp`, `email`, `file_ktp`, `file_siup`, `file_tdp`, `file_npwp`, `barang`, `jasa_lain`, `jasa_konsultansi`, `jasa_lainnya`, `status`) VALUES
(2, 2, 'Aqua', '0229299', 'tasya@gmail.com', 'ktp_0.795103001539185157_.pdf', 'siup_0.798295001539185157_.pdf', 'tdp_0.800767001539185157_.pdf', 'npwp_0.802999001539185157_.pdf', 1, 1, 1, 1, 2),
(3, 2, 'KOPERASI', '0817212162', 'ismail.proyek@gmail.com', 'ktp_0.025328001539313241_.pdf', 'siup_0.026951001539313241_.pdf', 'tdp_0.028430001539313241_.pdf', 'npwp_0.029885001539313241_.pdf', 1, 0, 0, 0, 1),
(4, 2, 'Media Telekomunikasi Jaya', '021-228283', 'mtj@gmail.com', 'ktp_0.263647001539499698_.pdf', 'siup_0.265349001539499698_.pdf', 'tdp_0.266902001539499698_.pdf', 'npwp_0.269310001539499698_.pdf', 1, 1, 1, 0, 1),
(5, 2, 'Prima Asri Jaya', '021-83944', 'ismail.proyek@gmail.com', 'ktp_0.583636001539500695_.pdf', 'siup_0.585282001539500695_.pdf', 'tdp_0.587258001539500695_.pdf', 'npwp_0.588974001539500695_.pdf', 1, 0, 0, 0, 1),
(6, 1, 'Quadra Solution', '021-8727263', 'ismail.proyek@gmail.com', 'ktp_0.581414001539570156_.pdf', 'siup_0.583162001539570156_.pdf', 'tdp_0.585148001539570156_.pdf', 'npwp_0.587453001539570156_.pdf', 1, 1, 1, 1, 1),
(7, 1, 'Citra Borneo', '028-77373636', 'ismail.proyek@gmail.com', 'ktp_0.408304001539570544_.pdf', 'siup_0.410776001539570544_.pdf', '', 'npwp_0.413195001539570544_.pdf', 1, 1, 0, 0, 0),
(8, 1, 'unit jaya', '021-928276', 'ismail.proyek@gmail.com', 'ktp_0.036264001539577780_.pdf', 'siup_0.038040001539577780_.pdf', 'tdp_0.039944001539577780_.pdf', 'npwp_0.041748001539577780_.pdf', 1, 1, 0, 0, 1),
(9, 1, 'wewe', '232323', 'wewe@sdsdsd.com', 'ktp_19_10_2018_08_14_08_.pdf', 'siup_19_10_2018_08_14_08_.pdf', 'tdp_19_10_2018_08_14_08_.pdf', 'npwp_19_10_2018_08_14_08_.pdf', 1, 0, 0, 0, 0),
(10, 1, 'wewewe', '232323', 'ismail.proyek@gmail.com', 'ktp_19_10_2018_08_19_02_.pdf', 'siup_19_10_2018_08_19_02_.pdf', 'tdp_19_10_2018_08_19_02_.pdf', 'npwp_19_10_2018_08_19_02_.pdf', 1, 0, 0, 0, 0);

-- --------------------------------------------------------

--
-- Struktur dari tabel `drt_sbu`
--

CREATE TABLE IF NOT EXISTS `drt_sbu` (
  `id` int(11) NOT NULL AUTO_INCREMENT,
  `nomor` varchar(100) DEFAULT NULL,
  `instansi_pemberi` varchar(100) DEFAULT NULL,
  `tgl_terbit` date DEFAULT NULL,
  `masa_berlaku` date DEFAULT NULL,
  `id_peserta` int(11) DEFAULT NULL,
  `file` varchar(255) DEFAULT NULL,
  PRIMARY KEY (`id`) USING BTREE
) ENGINE=InnoDB  DEFAULT CHARSET=latin1 ROW_FORMAT=COMPACT AUTO_INCREMENT=7 ;

--
-- Dumping data untuk tabel `drt_sbu`
--

INSERT INTO `drt_sbu` (`id`, `nomor`, `instansi_pemberi`, `tgl_terbit`, `masa_berlaku`, `id_peserta`, `file`) VALUES
(6, '4356789087654', 'Ardy', '2018-12-17', '2018-12-17', 4, '4.20181217033235.pdf');

-- --------------------------------------------------------

--
-- Struktur dari tabel `drt_sbu_detil`
--

CREATE TABLE IF NOT EXISTS `drt_sbu_detil` (
  `id` int(11) NOT NULL AUTO_INCREMENT,
  `nomor` varchar(100) DEFAULT NULL,
  `subkode_bidang` varchar(100) DEFAULT NULL,
  `sub_bidang` varchar(100) DEFAULT NULL,
  `kualifikasi` varchar(100) DEFAULT NULL,
  PRIMARY KEY (`id`) USING BTREE
) ENGINE=InnoDB DEFAULT CHARSET=latin1 ROW_FORMAT=COMPACT AUTO_INCREMENT=1 ;

-- --------------------------------------------------------

--
-- Struktur dari tabel `drt_simulasi_formula`
--

CREATE TABLE IF NOT EXISTS `drt_simulasi_formula` (
  `id` int(11) NOT NULL AUTO_INCREMENT,
  `kode` int(11) DEFAULT NULL,
  `nama` varchar(255) DEFAULT NULL,
  `nilai` double(22,2) DEFAULT NULL,
  `created` datetime DEFAULT NULL,
  PRIMARY KEY (`id`) USING BTREE
) ENGINE=InnoDB  DEFAULT CHARSET=latin1 ROW_FORMAT=COMPACT AUTO_INCREMENT=20 ;

--
-- Dumping data untuk tabel `drt_simulasi_formula`
--

INSERT INTO `drt_simulasi_formula` (`id`, `kode`, `nama`, `nilai`, `created`) VALUES
(18, 1, 'testingan saja', 4000000000.00, '2018-10-15 10:37:53'),
(19, 2, 'barang ', 1000000000.00, '2018-10-15 11:47:17');

-- --------------------------------------------------------

--
-- Struktur dari tabel `drt_simulasi_formula_detil`
--

CREATE TABLE IF NOT EXISTS `drt_simulasi_formula_detil` (
  `id` int(11) NOT NULL AUTO_INCREMENT,
  `kode` int(11) DEFAULT NULL,
  `kode_klbi` varchar(11) DEFAULT NULL,
  PRIMARY KEY (`id`) USING BTREE
) ENGINE=InnoDB  DEFAULT CHARSET=latin1 ROW_FORMAT=COMPACT AUTO_INCREMENT=19 ;

--
-- Dumping data untuk tabel `drt_simulasi_formula_detil`
--

INSERT INTO `drt_simulasi_formula_detil` (`id`, `kode`, `kode_klbi`) VALUES
(18, 6, '4510');

-- --------------------------------------------------------

--
-- Struktur dari tabel `drt_soft_copy`
--

CREATE TABLE IF NOT EXISTS `drt_soft_copy` (
  `id` int(11) NOT NULL AUTO_INCREMENT,
  `id_peserta` int(255) DEFAULT NULL,
  `surat_kuasa` varchar(100) DEFAULT NULL,
  `pakta_integritas` varchar(100) DEFAULT NULL,
  `surat_pernyataan_minat` varchar(100) DEFAULT NULL,
  `formulir_keikutsertaan` varchar(100) DEFAULT NULL,
  `created` datetime DEFAULT NULL,
  `updated` datetime DEFAULT NULL,
  `status` smallint(6) DEFAULT '0',
  `status_delete` smallint(6) DEFAULT '0',
  PRIMARY KEY (`id`) USING BTREE
) ENGINE=InnoDB  DEFAULT CHARSET=latin1 ROW_FORMAT=COMPACT AUTO_INCREMENT=2 ;

--
-- Dumping data untuk tabel `drt_soft_copy`
--

INSERT INTO `drt_soft_copy` (`id`, `id_peserta`, `surat_kuasa`, `pakta_integritas`, `surat_pernyataan_minat`, `formulir_keikutsertaan`, `created`, `updated`, `status`, `status_delete`) VALUES
(1, 4, '4_surat_kuasa_20181216144425.pdf', '4_pakta_integritas_20181217033312.pdf', NULL, NULL, NULL, NULL, 0, 0);

-- --------------------------------------------------------

--
-- Struktur dari tabel `drt_soft_copy2`
--

CREATE TABLE IF NOT EXISTS `drt_soft_copy2` (
  `id` int(11) NOT NULL AUTO_INCREMENT,
  `id_peserta` int(255) DEFAULT NULL,
  `file_surat_kuasa` varchar(100) DEFAULT NULL,
  `file_pakta_integritas` varchar(100) DEFAULT NULL,
  `file_pernyataan_minat` varchar(100) DEFAULT NULL,
  `file_pernyataan_kebenaran_data` varchar(100) DEFAULT NULL,
  `file_isian_pq` varchar(100) DEFAULT NULL,
  `file_pengalaman_kerja` varchar(100) DEFAULT NULL,
  `file_copy_rekening` varchar(100) DEFAULT NULL,
  `file_copy_lapkeu` varchar(100) DEFAULT NULL,
  `no_npwp` varchar(50) DEFAULT NULL,
  `file_npwp` varchar(100) DEFAULT NULL,
  `no_sp_pkp` varchar(50) DEFAULT NULL,
  `file_sp_pkp` varchar(100) DEFAULT NULL,
  `no_spt_badan` varchar(50) DEFAULT NULL,
  `file_spt_badan` varchar(100) DEFAULT NULL,
  `no_siup` varchar(50) DEFAULT NULL,
  `tgl_akhir_siup` date DEFAULT NULL,
  `file_siup` varchar(100) DEFAULT NULL,
  `no_siujk` varchar(50) DEFAULT NULL,
  `tgl_akhir_siujk` date DEFAULT NULL,
  `file_siujk` varchar(100) DEFAULT NULL,
  `no_ijin_usaha_lainnya` varchar(50) DEFAULT NULL,
  `tgl_akhir_ijin_usaha_lainnya` date DEFAULT NULL,
  `file_ijin_usaha_lainnya` varchar(100) DEFAULT NULL,
  `no_tdp` varchar(50) DEFAULT NULL,
  `tgl_akhir_tdp` date DEFAULT NULL,
  `file_tdp` varchar(100) DEFAULT NULL,
  `no_akta_pendirian` varchar(50) DEFAULT NULL,
  `tgl_akhir_akta_pendirian` date DEFAULT NULL,
  `file_akta_pendirian` varchar(100) DEFAULT NULL,
  `no_surat_domisili` varchar(50) DEFAULT NULL,
  `tgl_akhir_surat_domisili` date DEFAULT NULL,
  `file_akhir_surat_domisili` varchar(100) DEFAULT NULL,
  `no_sbu` varchar(50) DEFAULT NULL,
  `tgl_akhir_sbu` date DEFAULT NULL,
  `file_sbu` varchar(100) DEFAULT NULL,
  `created` datetime DEFAULT NULL,
  `updated` datetime DEFAULT NULL,
  `status` smallint(6) DEFAULT '0',
  `status_delete` smallint(6) DEFAULT '0',
  PRIMARY KEY (`id`) USING BTREE
) ENGINE=InnoDB  DEFAULT CHARSET=latin1 ROW_FORMAT=COMPACT AUTO_INCREMENT=4 ;

--
-- Dumping data untuk tabel `drt_soft_copy2`
--

INSERT INTO `drt_soft_copy2` (`id`, `id_peserta`, `file_surat_kuasa`, `file_pakta_integritas`, `file_pernyataan_minat`, `file_pernyataan_kebenaran_data`, `file_isian_pq`, `file_pengalaman_kerja`, `file_copy_rekening`, `file_copy_lapkeu`, `no_npwp`, `file_npwp`, `no_sp_pkp`, `file_sp_pkp`, `no_spt_badan`, `file_spt_badan`, `no_siup`, `tgl_akhir_siup`, `file_siup`, `no_siujk`, `tgl_akhir_siujk`, `file_siujk`, `no_ijin_usaha_lainnya`, `tgl_akhir_ijin_usaha_lainnya`, `file_ijin_usaha_lainnya`, `no_tdp`, `tgl_akhir_tdp`, `file_tdp`, `no_akta_pendirian`, `tgl_akhir_akta_pendirian`, `file_akta_pendirian`, `no_surat_domisili`, `tgl_akhir_surat_domisili`, `file_akhir_surat_domisili`, `no_sbu`, `tgl_akhir_sbu`, `file_sbu`, `created`, `updated`, `status`, `status_delete`) VALUES
(2, 0, '1_file_spt_badan_0034505001520991238_.JPG', '1_file_pakta_integritas_0007634001520991238_.JPG', '1_file_pernyataan_minat_0009717001520991238_.JPG', '1_file_pernyataan_kebenaran_data_0012511001520991238_.JPG', '1_file_isian_pq_0015336001520991238_.JPG', '1_file_pengalaman_kerja_0021741001520991238_.JPG', '1_file_copy_rekening_0024498001520991238_.JPG', '1_file_copy_lapkeu_0027204001520991238_.JPG', NULL, '1_file_npwp_0029311001520991238_.JPG', NULL, '1_file_sp_pkp_0031949001520991238_.JPG', NULL, '1_file_spt_badan_0034505001520991238_.JPG', NULL, NULL, '1_file_siup_0037000001520991238_.JPG', NULL, NULL, '1_file_siujk_0039986001520991238_.JPG', NULL, NULL, '1_file__ijin_usaha_lainnya_0042510001520991238_.JPG', NULL, NULL, '1_file_tdp_0045147001520991238_.JPG', NULL, NULL, '1_file_akta_pendirian_0047456001520991238_.JPG', NULL, NULL, '1_file_akhir_surat_domisili_0049563001520991238_.JPG', NULL, NULL, '1_file_sbu_0051682001520991238_.JPG', NULL, NULL, 0, 0),
(3, 1, '0', '0', '0', '0', '0', '0', '0', '0', NULL, '0', NULL, '0', NULL, '0', NULL, NULL, '0', NULL, NULL, '0', NULL, NULL, '0', NULL, NULL, '0', NULL, NULL, '0', NULL, NULL, '0', NULL, NULL, '0', NULL, NULL, 0, 0);

-- --------------------------------------------------------

--
-- Struktur dari tabel `drt_status_konfirmasi`
--

CREATE TABLE IF NOT EXISTS `drt_status_konfirmasi` (
  `id` int(11) NOT NULL AUTO_INCREMENT,
  `description` varchar(255) DEFAULT NULL,
  PRIMARY KEY (`id`) USING BTREE
) ENGINE=InnoDB  DEFAULT CHARSET=latin1 ROW_FORMAT=COMPACT AUTO_INCREMENT=3 ;

--
-- Dumping data untuk tabel `drt_status_konfirmasi`
--

INSERT INTO `drt_status_konfirmasi` (`id`, `description`) VALUES
(1, 'Lengkap'),
(2, 'Tdk Lengkap');

-- --------------------------------------------------------

--
-- Struktur dari tabel `drt_surat_penting`
--

CREATE TABLE IF NOT EXISTS `drt_surat_penting` (
  `id` int(11) NOT NULL AUTO_INCREMENT,
  `id_peserta` int(11) DEFAULT NULL,
  `jenis` varchar(100) DEFAULT NULL,
  `nomor` varchar(100) DEFAULT NULL,
  `instansi_pemberi` varchar(100) DEFAULT NULL,
  `tgl_terbit` date DEFAULT NULL,
  `masa_berlaku` date DEFAULT NULL,
  `ringkasan_surat` varchar(255) DEFAULT NULL,
  `file` varchar(100) DEFAULT NULL,
  `created` datetime DEFAULT NULL,
  `status` int(11) DEFAULT NULL,
  PRIMARY KEY (`id`) USING BTREE
) ENGINE=InnoDB  DEFAULT CHARSET=latin1 ROW_FORMAT=COMPACT AUTO_INCREMENT=4 ;

--
-- Dumping data untuk tabel `drt_surat_penting`
--

INSERT INTO `drt_surat_penting` (`id`, `id_peserta`, `jenis`, `nomor`, `instansi_pemberi`, `tgl_terbit`, `masa_berlaku`, `ringkasan_surat`, `file`, `created`, `status`) VALUES
(3, 4, 'aeaae', '45675875', 'tdhjfff', '2018-12-17', '2018-12-17', 'xgchvjbhcj', '4_surat_penting_20181217034543.pdf', NULL, NULL);

-- --------------------------------------------------------

--
-- Struktur dari tabel `drt_tdp`
--

CREATE TABLE IF NOT EXISTS `drt_tdp` (
  `id` int(11) NOT NULL AUTO_INCREMENT,
  `nomor` varchar(100) DEFAULT NULL,
  `instansi_penerbit` varchar(100) DEFAULT NULL,
  `tgl_terbit` date DEFAULT NULL,
  `masa_berlaku` date DEFAULT NULL,
  `kegiatan_usaha_pokok` varchar(255) DEFAULT NULL,
  `file` varchar(100) DEFAULT NULL,
  `id_peserta` int(11) DEFAULT NULL,
  PRIMARY KEY (`id`) USING BTREE
) ENGINE=InnoDB  DEFAULT CHARSET=latin1 ROW_FORMAT=COMPACT AUTO_INCREMENT=12 ;

--
-- Dumping data untuk tabel `drt_tdp`
--

INSERT INTO `drt_tdp` (`id`, `nomor`, `instansi_penerbit`, `tgl_terbit`, `masa_berlaku`, `kegiatan_usaha_pokok`, `file`, `id_peserta`) VALUES
(9, '', '', '1970-01-01', '1970-01-01', '', '8_ijin_usaha_0.835746001544694123.txt', 8),
(10, '', '', '1970-01-01', '1970-01-01', '', '8_ijin_usaha_0.775988001544694176.txt', 8),
(11, '', '', '1970-01-01', '1970-01-01', '', '8_ijin_usaha_0.816357001544694448.txt', 8);

-- --------------------------------------------------------

--
-- Struktur dari tabel `drt_tenaga_ahli`
--

CREATE TABLE IF NOT EXISTS `drt_tenaga_ahli` (
  `id` int(11) NOT NULL AUTO_INCREMENT,
  `id_peserta` int(11) DEFAULT NULL,
  `nama` varchar(150) DEFAULT NULL,
  `tgl_lahir` date DEFAULT NULL,
  `jenis_kelamin` smallint(6) DEFAULT NULL,
  `alamat` varchar(255) DEFAULT NULL,
  `pendidikan_terakhir` varchar(100) DEFAULT NULL,
  `kewarganegaraan` varchar(50) DEFAULT NULL,
  `pengalaman_kerja` varchar(100) DEFAULT NULL,
  `email` varchar(50) DEFAULT NULL,
  `status_pegawaian` smallint(6) DEFAULT NULL,
  `keahlian` varchar(255) DEFAULT NULL,
  `jabatan` varchar(100) DEFAULT NULL,
  `pengalaman_tahun_1` int(11) DEFAULT NULL,
  `pengalaman_tahun_2` int(11) DEFAULT NULL,
  `pengalaman_tahun_3` int(11) DEFAULT NULL,
  `pengalaman_tahun_4` int(11) DEFAULT NULL,
  `pengalaman_tahun_5` int(11) DEFAULT NULL,
  `pengalaman_uraian_1` varchar(100) DEFAULT NULL,
  `pengalaman_uraian_2` varchar(100) DEFAULT NULL,
  `pengalaman_uraian_3` varchar(100) DEFAULT NULL,
  `pengalaman_uraian_4` varchar(100) DEFAULT NULL,
  `pengalaman_uraian_5` varchar(100) DEFAULT NULL,
  `sertifitikat_tahun_1` int(11) DEFAULT NULL,
  `sertifitikat_tahun_2` int(11) DEFAULT NULL,
  `sertifitikat_tahun_3` int(11) DEFAULT NULL,
  `sertifitikat_tahun_4` int(11) DEFAULT NULL,
  `sertifitikat_tahun_5` int(11) DEFAULT NULL,
  `sertifitikat_uraian_1` varchar(100) DEFAULT NULL,
  `sertifitikat_uraian_2` varchar(100) DEFAULT NULL,
  `sertifitikat_uraian_3` varchar(100) DEFAULT NULL,
  `sertifitikat_uraian_4` varchar(100) DEFAULT NULL,
  `sertifitikat_uraian_5` varchar(100) DEFAULT NULL,
  `bahasa_uraian_1` varchar(100) DEFAULT NULL,
  `bahasa_uraian_2` varchar(100) DEFAULT NULL,
  `bahasa_uraian_3` varchar(100) DEFAULT NULL,
  `file` varchar(100) DEFAULT NULL,
  `created` datetime DEFAULT NULL,
  `updated` datetime DEFAULT NULL,
  `status` smallint(6) DEFAULT '0',
  `status_delete` smallint(6) DEFAULT '0',
  PRIMARY KEY (`id`) USING BTREE
) ENGINE=InnoDB  DEFAULT CHARSET=latin1 ROW_FORMAT=COMPACT AUTO_INCREMENT=21 ;

--
-- Dumping data untuk tabel `drt_tenaga_ahli`
--

INSERT INTO `drt_tenaga_ahli` (`id`, `id_peserta`, `nama`, `tgl_lahir`, `jenis_kelamin`, `alamat`, `pendidikan_terakhir`, `kewarganegaraan`, `pengalaman_kerja`, `email`, `status_pegawaian`, `keahlian`, `jabatan`, `pengalaman_tahun_1`, `pengalaman_tahun_2`, `pengalaman_tahun_3`, `pengalaman_tahun_4`, `pengalaman_tahun_5`, `pengalaman_uraian_1`, `pengalaman_uraian_2`, `pengalaman_uraian_3`, `pengalaman_uraian_4`, `pengalaman_uraian_5`, `sertifitikat_tahun_1`, `sertifitikat_tahun_2`, `sertifitikat_tahun_3`, `sertifitikat_tahun_4`, `sertifitikat_tahun_5`, `sertifitikat_uraian_1`, `sertifitikat_uraian_2`, `sertifitikat_uraian_3`, `sertifitikat_uraian_4`, `sertifitikat_uraian_5`, `bahasa_uraian_1`, `bahasa_uraian_2`, `bahasa_uraian_3`, `file`, `created`, `updated`, `status`, `status_delete`) VALUES
(1, 5, 'Mustika Sari', '1990-06-05', 2, 'Gedung Kantor Cabang Jagorawi Lt.4 Plaza Toll TMII Jakarta Timur 13550', 'Strata 1', 'Indonesia', '3 ', '', 1, 'Administrasi Management', 'Administrasi', 0, 0, 0, 0, 0, '', '', '', '', '', 0, 0, 0, 0, 0, '', '', '', '', '', '', '', NULL, NULL, '2018-07-12 08:58:57', NULL, 0, 0),
(9, 5, 'Mustika Sari', '1987-07-18', 2, 'Kampung Dukuh , Jakarta Timur', 'Strata 1', '', '5 ', '', 1, 'administrasi', '', 0, 0, 0, 0, 0, '', '', '', '', '', 0, 0, 0, 0, 0, '', '', '', '', '', '', '', NULL, '5_tenaga_ahli_0.940110001531995484_.pdf', '2018-07-19 17:18:04', NULL, 0, 0),
(10, 11, 'Eddi Rambang Tua Sinaga ', '1977-07-24', 1, 'Jl. G.Batok Raya No.10 Denpasar BR/Link Bhuana Mert Tegal Harum \r\nDenpasar Barat ', 'S1 Teknik Sipil', 'Indonesia', '16 Tahun', '-', 1, 'Ahli Teknik Jalan - Madya ', 'Tenaga Ahli ', 0, 0, 0, 0, 0, '', '', '', '', '', 2018, 0, 0, 0, 0, 'Gattindo ', '', '', '', '', 'Indonesia ', '', NULL, '11_tenaga_ahli_0.797542001535091117_.pdf', '2018-08-24 13:11:57', NULL, 0, 0),
(11, 11, 'Ir.Edwin Parlyn SGN', '1960-10-03', 1, 'Jl. Belida 1 No.39 RT.001/010 Kayuringin  Bekasi Selatan ', 'S1 Teknik Sipil', 'Indonesia ', '30 Tahun ', '-', 1, 'Ahli Teknik Bangunan Gedung - Muda ', 'Tenaga Ahli', 0, 0, 0, 0, 0, '', '', '', '', '', 2015, 0, 0, 0, 0, 'HATSINDO ', '', '', '', '', 'Indonesia ', '', NULL, '11_tenaga_ahli_0.903349001535091698_.pdf', '2018-08-24 13:21:38', NULL, 0, 0),
(12, 14, 'TRIWIYADI', '0000-00-00', 1, 'KP SAWAH, JALAN JALAK 2 NO 42 RT 01 RW 5 CIPUTAT, TANGERANG SELATAN', 'S1', 'INDONESIA', '12 TAHUN', 'triwiyadi735@gmail.com', 1, 'PENGELOLAAN SUMBER DAYA MANUSIA', 'DIREKTUR', 0, 0, 0, 0, 0, '', '', '', '', '', 0, 0, 0, 0, 0, '', '', '', '', '', '', '', NULL, '14_tenaga_ahli_0.513773001535093155_.pdf', '2018-08-24 13:45:55', NULL, 0, 0),
(13, 13, 'ACMAD SYARIFUDIN', '0000-00-00', NULL, 'JL. GEMPOL NO. 2 RT. 011 R. 002 KEL. CEGER KEC. CIPAYUNG, JAKARTA TIMUR', 'S1', 'INDONESIA', '7', 'achmad.dt@gmail.com', 1, 'MANAJEMEN', 'KEPALA PELAKSANA', 0, 0, 0, 0, 0, '', '', '', '', '', 0, 0, 0, 0, 0, '', '', '', '', '', 'INDONESIA', '', NULL, '13_tenaga_ahli_0.581563001535109270_.pdf', '2018-08-24 18:14:30', NULL, 0, 0),
(14, 27, 'Pebri Tugas Riyanto', '1966-01-04', 1, 'Komplek Kostrad, Rt.06/07, Kebayoran lama, Jakarta Selatan', 'Strata 1', 'INDONESIA', '3 tahun', '', 2, 'ahli k3 umum', 'ahli k3 umum', 0, 0, 0, 0, 0, '', '', '', '', '', 0, 0, 0, 0, 0, '', '', '', '', '', '', '', NULL, '27_tenaga_ahli_0.433568001535352633_.jpg', '2018-08-27 13:50:33', NULL, 0, 0),
(15, 15, 'M. RIDHO NASUTION', '0000-00-00', 1, 'JL. SM RAJA NO. 3 KE. BAKARAN BATU. KEC. RANTAU SELATAN', 'SMK', 'Indonesia', '7', '-', 1, 'PELAKSANA PEKERJAAN JALAN', 'TENAGA AHLI', 0, 0, 0, 0, 0, '', '', '', '', '', 2017, 0, 0, 0, 0, 'SERTIFIKAT KETERAMPILAN KERJA PELAKSANA PEKERJAAN JALAN', '', '', '', '', 'INDONESIA', 'INGGRIS', NULL, '15_tenaga_ahli_0.931341001535440207_.pdf', '2018-08-28 14:10:07', NULL, 0, 0),
(16, 19, 'TEUKU ADE BENNI SYAHPUTRA', '1989-03-23', 1, 'JL. KAMPUNG BARU GG. RAME NO. 17 KEL. KAMPUNG BARU KEC. MEDAN MAIMUN', 'S1', 'Indonesia', '2', '-', 2, 'JURU GAMBAR/DRAFTMAN - SIPIL', 'TENAGA AHLI', 0, 0, 0, 0, 0, '', '', '', '', '', 2016, 0, 0, 0, 0, 'JURU GAMBAR/DRAFTMAN - SIPIL', '', '', '', '', 'Indonesia', 'INGGRIS', NULL, '19_tenaga_ahli_0.918919001536123248_.pdf', '2018-09-05 11:54:08', NULL, 0, 0),
(17, 19, 'JEFFRY SYAHPUTRA KESUMA', '1989-12-16', 1, 'JL. KARYA UJUNG GG. KELUARGA NO. 62, KEL. HELVETIA TIMUR, KEC. MEDAN HELVETIA', 'SMK', 'Indonesia', '3', '-', 2, 'PELAKSANA BANGUNAN GEDUNG/PEKERJAAN GEDUNG', 'TENAGA AHLI', 0, 0, 0, 0, 0, '', '', '', '', '', 2016, 0, 0, 0, 0, 'PELAKSANA BANGUNAN GEDUNG/PEKERJAAN GEDUNG', '', '', '', '', 'Indonesia', 'INGGRIS', NULL, '19_tenaga_ahli_0.770519001536123481_.pdf', '2018-09-05 11:58:01', NULL, 0, 0),
(19, 4, 'Ardy Sundana', '1989-07-13', 1, 'xrtycuvyibjnk', 't7yvbuin', 'ctvuyhbij', '7', 'sundana52@gmail.com', 1, 'fgvyuhbijnk', 'guhj', 1, 1, 4, 5, 5, 'hbjnk', 'ghbj1', 'dfd', 'dgfsgsf', 'fgfg', 4, 4, 2, 1, 1, 'dsgfdsg', 'sfdgfsg', 'dgsfg', 'dsgsg', 'dgsdg', 'xtrcgvhu', 'cyvguhb', NULL, '4_tenaga_ahli_20181217045746.pdf', '2018-12-17 04:57:46', '2018-12-17 04:57:46', 0, 0),
(20, 4, 'Ardy Sundana', '2018-12-17', 1, 'yiugihjl', 'tfyu', 'vyubjn', 'bjnk', 'sundana52@gmail.com', 1, 'uyvibjnk', 'cvbj', 1, 22, 3, 3, 4, 'jhknj11', 'hjkblkn', 'hkjbnl', 'hbkjn', 'bjkkln', 44, 4, 3, 4, 4, 'kbjnl', 'jkbnk', 'bvjkn', 'bjlkn', 'bjlkn', 'bokln;l', 'bjkn;m', 'jbnkm,', '4_tenaga_ahli_20181217051735.pdf', '2018-12-17 05:17:35', '2018-12-17 05:17:35', 0, 0);

-- --------------------------------------------------------

--
-- Struktur dari tabel `drt_tipe_perusahaan`
--

CREATE TABLE IF NOT EXISTS `drt_tipe_perusahaan` (
  `id` int(11) NOT NULL AUTO_INCREMENT,
  `tipe_perusahaan` varchar(255) DEFAULT NULL,
  `status` smallint(255) DEFAULT '1',
  PRIMARY KEY (`id`) USING BTREE
) ENGINE=InnoDB  DEFAULT CHARSET=latin1 ROW_FORMAT=COMPACT AUTO_INCREMENT=12 ;

--
-- Dumping data untuk tabel `drt_tipe_perusahaan`
--

INSERT INTO `drt_tipe_perusahaan` (`id`, `tipe_perusahaan`, `status`) VALUES
(1, 'PT – Perseroan Terbatas', 1),
(2, 'CV', 1),
(3, 'Firma', 1),
(4, 'Koperasi', 1),
(5, 'Yayasan', 1),
(6, 'PP – Perusahaan Perorangan', 1),
(7, 'PU – Perusahaan Umum', 1),
(8, 'PD – Perusahaan Dagang', 1),
(9, 'Individu', 1),
(10, 'Persekutuan Perdata', 1),
(11, 'Kerjasama Operasi', 1);

-- --------------------------------------------------------

--
-- Struktur dari tabel `groups`
--

CREATE TABLE IF NOT EXISTS `groups` (
  `id` int(11) NOT NULL,
  `group` varchar(100) DEFAULT NULL,
  `created` datetime DEFAULT NULL,
  `created_by` smallint(6) DEFAULT NULL,
  `updated` datetime DEFAULT NULL,
  `updated_by` smallint(6) DEFAULT NULL,
  `is_delete` smallint(6) DEFAULT '0',
  PRIMARY KEY (`id`) USING BTREE
) ENGINE=InnoDB DEFAULT CHARSET=latin1 ROW_FORMAT=COMPACT;

--
-- Dumping data untuk tabel `groups`
--

INSERT INTO `groups` (`id`, `group`, `created`, `created_by`, `updated`, `updated_by`, `is_delete`) VALUES
(1, 'Administrator', '2017-11-11 14:59:57', 1, '2017-11-11 14:59:57', 1, 0),
(2, 'DRT', '2018-03-25 14:02:03', 1, '2018-03-25 14:02:03', 8, 0),
(3, 'PCMS', '2018-07-09 09:16:32', 1, '2018-03-25 14:02:13', 8, 1),
(4, 'sss', '2018-03-31 14:03:39', 1, '2017-11-27 10:11:11', NULL, 1);

-- --------------------------------------------------------

--
-- Struktur dari tabel `provinces`
--

CREATE TABLE IF NOT EXISTS `provinces` (
  `id` char(2) COLLATE utf8_unicode_ci NOT NULL,
  `name` varchar(255) COLLATE utf8_unicode_ci NOT NULL,
  PRIMARY KEY (`id`) USING BTREE
) ENGINE=InnoDB DEFAULT CHARSET=utf8 COLLATE=utf8_unicode_ci ROW_FORMAT=COMPACT;

--
-- Dumping data untuk tabel `provinces`
--

INSERT INTO `provinces` (`id`, `name`) VALUES
('11', 'ACEH'),
('12', 'SUMATERA UTARA'),
('13', 'SUMATERA BARAT'),
('14', 'RIAU'),
('15', 'JAMBI'),
('16', 'SUMATERA SELATAN'),
('17', 'BENGKULU'),
('18', 'LAMPUNG'),
('19', 'KEPULAUAN BANGKA BELITUNG'),
('21', 'KEPULAUAN RIAU'),
('31', 'DKI JAKARTA'),
('32', 'JAWA BARAT'),
('33', 'JAWA TENGAH'),
('34', 'DI YOGYAKARTA'),
('35', 'JAWA TIMUR'),
('36', 'BANTEN'),
('51', 'BALI'),
('52', 'NUSA TENGGARA BARAT'),
('53', 'NUSA TENGGARA TIMUR'),
('61', 'KALIMANTAN BARAT'),
('62', 'KALIMANTAN TENGAH'),
('63', 'KALIMANTAN SELATAN'),
('64', 'KALIMANTAN TIMUR'),
('65', 'KALIMANTAN UTARA'),
('71', 'SULAWESI UTARA'),
('72', 'SULAWESI TENGAH'),
('73', 'SULAWESI SELATAN'),
('74', 'SULAWESI TENGGARA'),
('75', 'GORONTALO'),
('76', 'SULAWESI BARAT'),
('81', 'MALUKU'),
('82', 'MALUKU UTARA'),
('91', 'PAPUA BARAT'),
('94', 'PAPUA');

-- --------------------------------------------------------

--
-- Struktur dari tabel `regencies`
--

CREATE TABLE IF NOT EXISTS `regencies` (
  `id` char(4) COLLATE utf8_unicode_ci NOT NULL,
  `province_id` char(2) COLLATE utf8_unicode_ci NOT NULL,
  `name` varchar(255) COLLATE utf8_unicode_ci NOT NULL,
  PRIMARY KEY (`id`) USING BTREE,
  KEY `regencies_province_id_index` (`province_id`) USING BTREE
) ENGINE=InnoDB DEFAULT CHARSET=utf8 COLLATE=utf8_unicode_ci ROW_FORMAT=COMPACT;

--
-- Dumping data untuk tabel `regencies`
--

INSERT INTO `regencies` (`id`, `province_id`, `name`) VALUES
('1101', '11', 'KABUPATEN SIMEULUE'),
('1102', '11', 'KABUPATEN ACEH SINGKIL'),
('1103', '11', 'KABUPATEN ACEH SELATAN'),
('1104', '11', 'KABUPATEN ACEH TENGGARA'),
('1105', '11', 'KABUPATEN ACEH TIMUR'),
('1106', '11', 'KABUPATEN ACEH TENGAH'),
('1107', '11', 'KABUPATEN ACEH BARAT'),
('1108', '11', 'KABUPATEN ACEH BESAR'),
('1109', '11', 'KABUPATEN PIDIE'),
('1110', '11', 'KABUPATEN BIREUEN'),
('1111', '11', 'KABUPATEN ACEH UTARA'),
('1112', '11', 'KABUPATEN ACEH BARAT DAYA'),
('1113', '11', 'KABUPATEN GAYO LUES'),
('1114', '11', 'KABUPATEN ACEH TAMIANG'),
('1115', '11', 'KABUPATEN NAGAN RAYA'),
('1116', '11', 'KABUPATEN ACEH JAYA'),
('1117', '11', 'KABUPATEN BENER MERIAH'),
('1118', '11', 'KABUPATEN PIDIE JAYA'),
('1171', '11', 'KOTA BANDA ACEH'),
('1172', '11', 'KOTA SABANG'),
('1173', '11', 'KOTA LANGSA'),
('1174', '11', 'KOTA LHOKSEUMAWE'),
('1175', '11', 'KOTA SUBULUSSALAM'),
('1201', '12', 'KABUPATEN NIAS'),
('1202', '12', 'KABUPATEN MANDAILING NATAL'),
('1203', '12', 'KABUPATEN TAPANULI SELATAN'),
('1204', '12', 'KABUPATEN TAPANULI TENGAH'),
('1205', '12', 'KABUPATEN TAPANULI UTARA'),
('1206', '12', 'KABUPATEN TOBA SAMOSIR'),
('1207', '12', 'KABUPATEN LABUHAN BATU'),
('1208', '12', 'KABUPATEN ASAHAN'),
('1209', '12', 'KABUPATEN SIMALUNGUN'),
('1210', '12', 'KABUPATEN DAIRI'),
('1211', '12', 'KABUPATEN KARO'),
('1212', '12', 'KABUPATEN DELI SERDANG'),
('1213', '12', 'KABUPATEN LANGKAT'),
('1214', '12', 'KABUPATEN NIAS SELATAN'),
('1215', '12', 'KABUPATEN HUMBANG HASUNDUTAN'),
('1216', '12', 'KABUPATEN PAKPAK BHARAT'),
('1217', '12', 'KABUPATEN SAMOSIR'),
('1218', '12', 'KABUPATEN SERDANG BEDAGAI'),
('1219', '12', 'KABUPATEN BATU BARA'),
('1220', '12', 'KABUPATEN PADANG LAWAS UTARA'),
('1221', '12', 'KABUPATEN PADANG LAWAS'),
('1222', '12', 'KABUPATEN LABUHAN BATU SELATAN'),
('1223', '12', 'KABUPATEN LABUHAN BATU UTARA'),
('1224', '12', 'KABUPATEN NIAS UTARA'),
('1225', '12', 'KABUPATEN NIAS BARAT'),
('1271', '12', 'KOTA SIBOLGA'),
('1272', '12', 'KOTA TANJUNG BALAI'),
('1273', '12', 'KOTA PEMATANG SIANTAR'),
('1274', '12', 'KOTA TEBING TINGGI'),
('1275', '12', 'KOTA MEDAN'),
('1276', '12', 'KOTA BINJAI'),
('1277', '12', 'KOTA PADANGSIDIMPUAN'),
('1278', '12', 'KOTA GUNUNGSITOLI'),
('1301', '13', 'KABUPATEN KEPULAUAN MENTAWAI'),
('1302', '13', 'KABUPATEN PESISIR SELATAN'),
('1303', '13', 'KABUPATEN SOLOK'),
('1304', '13', 'KABUPATEN SIJUNJUNG'),
('1305', '13', 'KABUPATEN TANAH DATAR'),
('1306', '13', 'KABUPATEN PADANG PARIAMAN'),
('1307', '13', 'KABUPATEN AGAM'),
('1308', '13', 'KABUPATEN LIMA PULUH KOTA'),
('1309', '13', 'KABUPATEN PASAMAN'),
('1310', '13', 'KABUPATEN SOLOK SELATAN'),
('1311', '13', 'KABUPATEN DHARMASRAYA'),
('1312', '13', 'KABUPATEN PASAMAN BARAT'),
('1371', '13', 'KOTA PADANG'),
('1372', '13', 'KOTA SOLOK'),
('1373', '13', 'KOTA SAWAH LUNTO'),
('1374', '13', 'KOTA PADANG PANJANG'),
('1375', '13', 'KOTA BUKITTINGGI'),
('1376', '13', 'KOTA PAYAKUMBUH'),
('1377', '13', 'KOTA PARIAMAN'),
('1401', '14', 'KABUPATEN KUANTAN SINGINGI'),
('1402', '14', 'KABUPATEN INDRAGIRI HULU'),
('1403', '14', 'KABUPATEN INDRAGIRI HILIR'),
('1404', '14', 'KABUPATEN PELALAWAN'),
('1405', '14', 'KABUPATEN S I A K'),
('1406', '14', 'KABUPATEN KAMPAR'),
('1407', '14', 'KABUPATEN ROKAN HULU'),
('1408', '14', 'KABUPATEN BENGKALIS'),
('1409', '14', 'KABUPATEN ROKAN HILIR'),
('1410', '14', 'KABUPATEN KEPULAUAN MERANTI'),
('1471', '14', 'KOTA PEKANBARU'),
('1473', '14', 'KOTA D U M A I'),
('1501', '15', 'KABUPATEN KERINCI'),
('1502', '15', 'KABUPATEN MERANGIN'),
('1503', '15', 'KABUPATEN SAROLANGUN'),
('1504', '15', 'KABUPATEN BATANG HARI'),
('1505', '15', 'KABUPATEN MUARO JAMBI'),
('1506', '15', 'KABUPATEN TANJUNG JABUNG TIMUR'),
('1507', '15', 'KABUPATEN TANJUNG JABUNG BARAT'),
('1508', '15', 'KABUPATEN TEBO'),
('1509', '15', 'KABUPATEN BUNGO'),
('1571', '15', 'KOTA JAMBI'),
('1572', '15', 'KOTA SUNGAI PENUH'),
('1601', '16', 'KABUPATEN OGAN KOMERING ULU'),
('1602', '16', 'KABUPATEN OGAN KOMERING ILIR'),
('1603', '16', 'KABUPATEN MUARA ENIM'),
('1604', '16', 'KABUPATEN LAHAT'),
('1605', '16', 'KABUPATEN MUSI RAWAS'),
('1606', '16', 'KABUPATEN MUSI BANYUASIN'),
('1607', '16', 'KABUPATEN BANYU ASIN'),
('1608', '16', 'KABUPATEN OGAN KOMERING ULU SELATAN'),
('1609', '16', 'KABUPATEN OGAN KOMERING ULU TIMUR'),
('1610', '16', 'KABUPATEN OGAN ILIR'),
('1611', '16', 'KABUPATEN EMPAT LAWANG'),
('1612', '16', 'KABUPATEN PENUKAL ABAB LEMATANG ILIR'),
('1613', '16', 'KABUPATEN MUSI RAWAS UTARA'),
('1671', '16', 'KOTA PALEMBANG'),
('1672', '16', 'KOTA PRABUMULIH'),
('1673', '16', 'KOTA PAGAR ALAM'),
('1674', '16', 'KOTA LUBUKLINGGAU'),
('1701', '17', 'KABUPATEN BENGKULU SELATAN'),
('1702', '17', 'KABUPATEN REJANG LEBONG'),
('1703', '17', 'KABUPATEN BENGKULU UTARA'),
('1704', '17', 'KABUPATEN KAUR'),
('1705', '17', 'KABUPATEN SELUMA'),
('1706', '17', 'KABUPATEN MUKOMUKO'),
('1707', '17', 'KABUPATEN LEBONG'),
('1708', '17', 'KABUPATEN KEPAHIANG'),
('1709', '17', 'KABUPATEN BENGKULU TENGAH'),
('1771', '17', 'KOTA BENGKULU'),
('1801', '18', 'KABUPATEN LAMPUNG BARAT'),
('1802', '18', 'KABUPATEN TANGGAMUS'),
('1803', '18', 'KABUPATEN LAMPUNG SELATAN'),
('1804', '18', 'KABUPATEN LAMPUNG TIMUR'),
('1805', '18', 'KABUPATEN LAMPUNG TENGAH'),
('1806', '18', 'KABUPATEN LAMPUNG UTARA'),
('1807', '18', 'KABUPATEN WAY KANAN'),
('1808', '18', 'KABUPATEN TULANGBAWANG'),
('1809', '18', 'KABUPATEN PESAWARAN'),
('1810', '18', 'KABUPATEN PRINGSEWU'),
('1811', '18', 'KABUPATEN MESUJI'),
('1812', '18', 'KABUPATEN TULANG BAWANG BARAT'),
('1813', '18', 'KABUPATEN PESISIR BARAT'),
('1871', '18', 'KOTA BANDAR LAMPUNG'),
('1872', '18', 'KOTA METRO'),
('1901', '19', 'KABUPATEN BANGKA'),
('1902', '19', 'KABUPATEN BELITUNG'),
('1903', '19', 'KABUPATEN BANGKA BARAT'),
('1904', '19', 'KABUPATEN BANGKA TENGAH'),
('1905', '19', 'KABUPATEN BANGKA SELATAN'),
('1906', '19', 'KABUPATEN BELITUNG TIMUR'),
('1971', '19', 'KOTA PANGKAL PINANG'),
('2101', '21', 'KABUPATEN KARIMUN'),
('2102', '21', 'KABUPATEN BINTAN'),
('2103', '21', 'KABUPATEN NATUNA'),
('2104', '21', 'KABUPATEN LINGGA'),
('2105', '21', 'KABUPATEN KEPULAUAN ANAMBAS'),
('2171', '21', 'KOTA B A T A M'),
('2172', '21', 'KOTA TANJUNG PINANG'),
('3101', '31', 'KABUPATEN KEPULAUAN SERIBU'),
('3171', '31', 'KOTA JAKARTA SELATAN'),
('3172', '31', 'KOTA JAKARTA TIMUR'),
('3173', '31', 'KOTA JAKARTA PUSAT'),
('3174', '31', 'KOTA JAKARTA BARAT'),
('3175', '31', 'KOTA JAKARTA UTARA'),
('3201', '32', 'KABUPATEN BOGOR'),
('3202', '32', 'KABUPATEN SUKABUMI'),
('3203', '32', 'KABUPATEN CIANJUR'),
('3204', '32', 'KABUPATEN BANDUNG'),
('3205', '32', 'KABUPATEN GARUT'),
('3206', '32', 'KABUPATEN TASIKMALAYA'),
('3207', '32', 'KABUPATEN CIAMIS'),
('3208', '32', 'KABUPATEN KUNINGAN'),
('3209', '32', 'KABUPATEN CIREBON'),
('3210', '32', 'KABUPATEN MAJALENGKA'),
('3211', '32', 'KABUPATEN SUMEDANG'),
('3212', '32', 'KABUPATEN INDRAMAYU'),
('3213', '32', 'KABUPATEN SUBANG'),
('3214', '32', 'KABUPATEN PURWAKARTA'),
('3215', '32', 'KABUPATEN KARAWANG'),
('3216', '32', 'KABUPATEN BEKASI'),
('3217', '32', 'KABUPATEN BANDUNG BARAT'),
('3218', '32', 'KABUPATEN PANGANDARAN'),
('3271', '32', 'KOTA BOGOR'),
('3272', '32', 'KOTA SUKABUMI'),
('3273', '32', 'KOTA BANDUNG'),
('3274', '32', 'KOTA CIREBON'),
('3275', '32', 'KOTA BEKASI'),
('3276', '32', 'KOTA DEPOK'),
('3277', '32', 'KOTA CIMAHI'),
('3278', '32', 'KOTA TASIKMALAYA'),
('3279', '32', 'KOTA BANJAR'),
('3301', '33', 'KABUPATEN CILACAP'),
('3302', '33', 'KABUPATEN BANYUMAS'),
('3303', '33', 'KABUPATEN PURBALINGGA'),
('3304', '33', 'KABUPATEN BANJARNEGARA'),
('3305', '33', 'KABUPATEN KEBUMEN'),
('3306', '33', 'KABUPATEN PURWOREJO'),
('3307', '33', 'KABUPATEN WONOSOBO'),
('3308', '33', 'KABUPATEN MAGELANG'),
('3309', '33', 'KABUPATEN BOYOLALI'),
('3310', '33', 'KABUPATEN KLATEN'),
('3311', '33', 'KABUPATEN SUKOHARJO'),
('3312', '33', 'KABUPATEN WONOGIRI'),
('3313', '33', 'KABUPATEN KARANGANYAR'),
('3314', '33', 'KABUPATEN SRAGEN'),
('3315', '33', 'KABUPATEN GROBOGAN'),
('3316', '33', 'KABUPATEN BLORA'),
('3317', '33', 'KABUPATEN REMBANG'),
('3318', '33', 'KABUPATEN PATI'),
('3319', '33', 'KABUPATEN KUDUS'),
('3320', '33', 'KABUPATEN JEPARA'),
('3321', '33', 'KABUPATEN DEMAK'),
('3322', '33', 'KABUPATEN SEMARANG'),
('3323', '33', 'KABUPATEN TEMANGGUNG'),
('3324', '33', 'KABUPATEN KENDAL'),
('3325', '33', 'KABUPATEN BATANG'),
('3326', '33', 'KABUPATEN PEKALONGAN'),
('3327', '33', 'KABUPATEN PEMALANG'),
('3328', '33', 'KABUPATEN TEGAL'),
('3329', '33', 'KABUPATEN BREBES'),
('3371', '33', 'KOTA MAGELANG'),
('3372', '33', 'KOTA SURAKARTA'),
('3373', '33', 'KOTA SALATIGA'),
('3374', '33', 'KOTA SEMARANG'),
('3375', '33', 'KOTA PEKALONGAN'),
('3376', '33', 'KOTA TEGAL'),
('3401', '34', 'KABUPATEN KULON PROGO'),
('3402', '34', 'KABUPATEN BANTUL'),
('3403', '34', 'KABUPATEN GUNUNG KIDUL'),
('3404', '34', 'KABUPATEN SLEMAN'),
('3471', '34', 'KOTA YOGYAKARTA'),
('3501', '35', 'KABUPATEN PACITAN'),
('3502', '35', 'KABUPATEN PONOROGO'),
('3503', '35', 'KABUPATEN TRENGGALEK'),
('3504', '35', 'KABUPATEN TULUNGAGUNG'),
('3505', '35', 'KABUPATEN BLITAR'),
('3506', '35', 'KABUPATEN KEDIRI'),
('3507', '35', 'KABUPATEN MALANG'),
('3508', '35', 'KABUPATEN LUMAJANG'),
('3509', '35', 'KABUPATEN JEMBER'),
('3510', '35', 'KABUPATEN BANYUWANGI'),
('3511', '35', 'KABUPATEN BONDOWOSO'),
('3512', '35', 'KABUPATEN SITUBONDO'),
('3513', '35', 'KABUPATEN PROBOLINGGO'),
('3514', '35', 'KABUPATEN PASURUAN'),
('3515', '35', 'KABUPATEN SIDOARJO'),
('3516', '35', 'KABUPATEN MOJOKERTO'),
('3517', '35', 'KABUPATEN JOMBANG'),
('3518', '35', 'KABUPATEN NGANJUK'),
('3519', '35', 'KABUPATEN MADIUN'),
('3520', '35', 'KABUPATEN MAGETAN'),
('3521', '35', 'KABUPATEN NGAWI'),
('3522', '35', 'KABUPATEN BOJONEGORO'),
('3523', '35', 'KABUPATEN TUBAN'),
('3524', '35', 'KABUPATEN LAMONGAN'),
('3525', '35', 'KABUPATEN GRESIK'),
('3526', '35', 'KABUPATEN BANGKALAN'),
('3527', '35', 'KABUPATEN SAMPANG'),
('3528', '35', 'KABUPATEN PAMEKASAN'),
('3529', '35', 'KABUPATEN SUMENEP'),
('3571', '35', 'KOTA KEDIRI'),
('3572', '35', 'KOTA BLITAR'),
('3573', '35', 'KOTA MALANG'),
('3574', '35', 'KOTA PROBOLINGGO'),
('3575', '35', 'KOTA PASURUAN'),
('3576', '35', 'KOTA MOJOKERTO'),
('3577', '35', 'KOTA MADIUN'),
('3578', '35', 'KOTA SURABAYA'),
('3579', '35', 'KOTA BATU'),
('3601', '36', 'KABUPATEN PANDEGLANG'),
('3602', '36', 'KABUPATEN LEBAK'),
('3603', '36', 'KABUPATEN TANGERANG'),
('3604', '36', 'KABUPATEN SERANG'),
('3671', '36', 'KOTA TANGERANG'),
('3672', '36', 'KOTA CILEGON'),
('3673', '36', 'KOTA SERANG'),
('3674', '36', 'KOTA TANGERANG SELATAN'),
('5101', '51', 'KABUPATEN JEMBRANA'),
('5102', '51', 'KABUPATEN TABANAN'),
('5103', '51', 'KABUPATEN BADUNG'),
('5104', '51', 'KABUPATEN GIANYAR'),
('5105', '51', 'KABUPATEN KLUNGKUNG'),
('5106', '51', 'KABUPATEN BANGLI'),
('5107', '51', 'KABUPATEN KARANG ASEM'),
('5108', '51', 'KABUPATEN BULELENG'),
('5171', '51', 'KOTA DENPASAR'),
('5201', '52', 'KABUPATEN LOMBOK BARAT'),
('5202', '52', 'KABUPATEN LOMBOK TENGAH'),
('5203', '52', 'KABUPATEN LOMBOK TIMUR'),
('5204', '52', 'KABUPATEN SUMBAWA'),
('5205', '52', 'KABUPATEN DOMPU'),
('5206', '52', 'KABUPATEN BIMA'),
('5207', '52', 'KABUPATEN SUMBAWA BARAT'),
('5208', '52', 'KABUPATEN LOMBOK UTARA'),
('5271', '52', 'KOTA MATARAM'),
('5272', '52', 'KOTA BIMA'),
('5301', '53', 'KABUPATEN SUMBA BARAT'),
('5302', '53', 'KABUPATEN SUMBA TIMUR'),
('5303', '53', 'KABUPATEN KUPANG'),
('5304', '53', 'KABUPATEN TIMOR TENGAH SELATAN'),
('5305', '53', 'KABUPATEN TIMOR TENGAH UTARA'),
('5306', '53', 'KABUPATEN BELU'),
('5307', '53', 'KABUPATEN ALOR'),
('5308', '53', 'KABUPATEN LEMBATA'),
('5309', '53', 'KABUPATEN FLORES TIMUR'),
('5310', '53', 'KABUPATEN SIKKA'),
('5311', '53', 'KABUPATEN ENDE'),
('5312', '53', 'KABUPATEN NGADA'),
('5313', '53', 'KABUPATEN MANGGARAI'),
('5314', '53', 'KABUPATEN ROTE NDAO'),
('5315', '53', 'KABUPATEN MANGGARAI BARAT'),
('5316', '53', 'KABUPATEN SUMBA TENGAH'),
('5317', '53', 'KABUPATEN SUMBA BARAT DAYA'),
('5318', '53', 'KABUPATEN NAGEKEO'),
('5319', '53', 'KABUPATEN MANGGARAI TIMUR'),
('5320', '53', 'KABUPATEN SABU RAIJUA'),
('5321', '53', 'KABUPATEN MALAKA'),
('5371', '53', 'KOTA KUPANG'),
('6101', '61', 'KABUPATEN SAMBAS'),
('6102', '61', 'KABUPATEN BENGKAYANG'),
('6103', '61', 'KABUPATEN LANDAK'),
('6104', '61', 'KABUPATEN MEMPAWAH'),
('6105', '61', 'KABUPATEN SANGGAU'),
('6106', '61', 'KABUPATEN KETAPANG'),
('6107', '61', 'KABUPATEN SINTANG'),
('6108', '61', 'KABUPATEN KAPUAS HULU'),
('6109', '61', 'KABUPATEN SEKADAU'),
('6110', '61', 'KABUPATEN MELAWI'),
('6111', '61', 'KABUPATEN KAYONG UTARA'),
('6112', '61', 'KABUPATEN KUBU RAYA'),
('6171', '61', 'KOTA PONTIANAK'),
('6172', '61', 'KOTA SINGKAWANG'),
('6201', '62', 'KABUPATEN KOTAWARINGIN BARAT'),
('6202', '62', 'KABUPATEN KOTAWARINGIN TIMUR'),
('6203', '62', 'KABUPATEN KAPUAS'),
('6204', '62', 'KABUPATEN BARITO SELATAN'),
('6205', '62', 'KABUPATEN BARITO UTARA'),
('6206', '62', 'KABUPATEN SUKAMARA'),
('6207', '62', 'KABUPATEN LAMANDAU'),
('6208', '62', 'KABUPATEN SERUYAN'),
('6209', '62', 'KABUPATEN KATINGAN'),
('6210', '62', 'KABUPATEN PULANG PISAU'),
('6211', '62', 'KABUPATEN GUNUNG MAS'),
('6212', '62', 'KABUPATEN BARITO TIMUR'),
('6213', '62', 'KABUPATEN MURUNG RAYA'),
('6271', '62', 'KOTA PALANGKA RAYA'),
('6301', '63', 'KABUPATEN TANAH LAUT'),
('6302', '63', 'KABUPATEN KOTA BARU'),
('6303', '63', 'KABUPATEN BANJAR'),
('6304', '63', 'KABUPATEN BARITO KUALA'),
('6305', '63', 'KABUPATEN TAPIN'),
('6306', '63', 'KABUPATEN HULU SUNGAI SELATAN'),
('6307', '63', 'KABUPATEN HULU SUNGAI TENGAH'),
('6308', '63', 'KABUPATEN HULU SUNGAI UTARA'),
('6309', '63', 'KABUPATEN TABALONG'),
('6310', '63', 'KABUPATEN TANAH BUMBU'),
('6311', '63', 'KABUPATEN BALANGAN'),
('6371', '63', 'KOTA BANJARMASIN'),
('6372', '63', 'KOTA BANJAR BARU'),
('6401', '64', 'KABUPATEN PASER'),
('6402', '64', 'KABUPATEN KUTAI BARAT'),
('6403', '64', 'KABUPATEN KUTAI KARTANEGARA'),
('6404', '64', 'KABUPATEN KUTAI TIMUR'),
('6405', '64', 'KABUPATEN BERAU'),
('6409', '64', 'KABUPATEN PENAJAM PASER UTARA'),
('6411', '64', 'KABUPATEN MAHAKAM HULU'),
('6471', '64', 'KOTA BALIKPAPAN'),
('6472', '64', 'KOTA SAMARINDA'),
('6474', '64', 'KOTA BONTANG'),
('6501', '65', 'KABUPATEN MALINAU'),
('6502', '65', 'KABUPATEN BULUNGAN'),
('6503', '65', 'KABUPATEN TANA TIDUNG'),
('6504', '65', 'KABUPATEN NUNUKAN'),
('6571', '65', 'KOTA TARAKAN'),
('7101', '71', 'KABUPATEN BOLAANG MONGONDOW'),
('7102', '71', 'KABUPATEN MINAHASA'),
('7103', '71', 'KABUPATEN KEPULAUAN SANGIHE'),
('7104', '71', 'KABUPATEN KEPULAUAN TALAUD'),
('7105', '71', 'KABUPATEN MINAHASA SELATAN'),
('7106', '71', 'KABUPATEN MINAHASA UTARA'),
('7107', '71', 'KABUPATEN BOLAANG MONGONDOW UTARA'),
('7108', '71', 'KABUPATEN SIAU TAGULANDANG BIARO'),
('7109', '71', 'KABUPATEN MINAHASA TENGGARA'),
('7110', '71', 'KABUPATEN BOLAANG MONGONDOW SELATAN'),
('7111', '71', 'KABUPATEN BOLAANG MONGONDOW TIMUR'),
('7171', '71', 'KOTA MANADO'),
('7172', '71', 'KOTA BITUNG'),
('7173', '71', 'KOTA TOMOHON'),
('7174', '71', 'KOTA KOTAMOBAGU'),
('7201', '72', 'KABUPATEN BANGGAI KEPULAUAN'),
('7202', '72', 'KABUPATEN BANGGAI'),
('7203', '72', 'KABUPATEN MOROWALI'),
('7204', '72', 'KABUPATEN POSO'),
('7205', '72', 'KABUPATEN DONGGALA'),
('7206', '72', 'KABUPATEN TOLI-TOLI'),
('7207', '72', 'KABUPATEN BUOL'),
('7208', '72', 'KABUPATEN PARIGI MOUTONG'),
('7209', '72', 'KABUPATEN TOJO UNA-UNA'),
('7210', '72', 'KABUPATEN SIGI'),
('7211', '72', 'KABUPATEN BANGGAI LAUT'),
('7212', '72', 'KABUPATEN MOROWALI UTARA'),
('7271', '72', 'KOTA PALU'),
('7301', '73', 'KABUPATEN KEPULAUAN SELAYAR'),
('7302', '73', 'KABUPATEN BULUKUMBA'),
('7303', '73', 'KABUPATEN BANTAENG'),
('7304', '73', 'KABUPATEN JENEPONTO'),
('7305', '73', 'KABUPATEN TAKALAR'),
('7306', '73', 'KABUPATEN GOWA'),
('7307', '73', 'KABUPATEN SINJAI'),
('7308', '73', 'KABUPATEN MAROS'),
('7309', '73', 'KABUPATEN PANGKAJENE DAN KEPULAUAN'),
('7310', '73', 'KABUPATEN BARRU'),
('7311', '73', 'KABUPATEN BONE'),
('7312', '73', 'KABUPATEN SOPPENG'),
('7313', '73', 'KABUPATEN WAJO'),
('7314', '73', 'KABUPATEN SIDENRENG RAPPANG'),
('7315', '73', 'KABUPATEN PINRANG'),
('7316', '73', 'KABUPATEN ENREKANG'),
('7317', '73', 'KABUPATEN LUWU'),
('7318', '73', 'KABUPATEN TANA TORAJA'),
('7322', '73', 'KABUPATEN LUWU UTARA'),
('7325', '73', 'KABUPATEN LUWU TIMUR'),
('7326', '73', 'KABUPATEN TORAJA UTARA'),
('7371', '73', 'KOTA MAKASSAR'),
('7372', '73', 'KOTA PAREPARE'),
('7373', '73', 'KOTA PALOPO'),
('7401', '74', 'KABUPATEN BUTON'),
('7402', '74', 'KABUPATEN MUNA'),
('7403', '74', 'KABUPATEN KONAWE'),
('7404', '74', 'KABUPATEN KOLAKA'),
('7405', '74', 'KABUPATEN KONAWE SELATAN'),
('7406', '74', 'KABUPATEN BOMBANA'),
('7407', '74', 'KABUPATEN WAKATOBI'),
('7408', '74', 'KABUPATEN KOLAKA UTARA'),
('7409', '74', 'KABUPATEN BUTON UTARA'),
('7410', '74', 'KABUPATEN KONAWE UTARA'),
('7411', '74', 'KABUPATEN KOLAKA TIMUR'),
('7412', '74', 'KABUPATEN KONAWE KEPULAUAN'),
('7413', '74', 'KABUPATEN MUNA BARAT'),
('7414', '74', 'KABUPATEN BUTON TENGAH'),
('7415', '74', 'KABUPATEN BUTON SELATAN'),
('7471', '74', 'KOTA KENDARI'),
('7472', '74', 'KOTA BAUBAU'),
('7501', '75', 'KABUPATEN BOALEMO'),
('7502', '75', 'KABUPATEN GORONTALO'),
('7503', '75', 'KABUPATEN POHUWATO'),
('7504', '75', 'KABUPATEN BONE BOLANGO'),
('7505', '75', 'KABUPATEN GORONTALO UTARA'),
('7571', '75', 'KOTA GORONTALO'),
('7601', '76', 'KABUPATEN MAJENE'),
('7602', '76', 'KABUPATEN POLEWALI MANDAR'),
('7603', '76', 'KABUPATEN MAMASA'),
('7604', '76', 'KABUPATEN MAMUJU'),
('7605', '76', 'KABUPATEN MAMUJU UTARA'),
('7606', '76', 'KABUPATEN MAMUJU TENGAH'),
('8101', '81', 'KABUPATEN MALUKU TENGGARA BARAT'),
('8102', '81', 'KABUPATEN MALUKU TENGGARA'),
('8103', '81', 'KABUPATEN MALUKU TENGAH'),
('8104', '81', 'KABUPATEN BURU'),
('8105', '81', 'KABUPATEN KEPULAUAN ARU'),
('8106', '81', 'KABUPATEN SERAM BAGIAN BARAT'),
('8107', '81', 'KABUPATEN SERAM BAGIAN TIMUR'),
('8108', '81', 'KABUPATEN MALUKU BARAT DAYA'),
('8109', '81', 'KABUPATEN BURU SELATAN'),
('8171', '81', 'KOTA AMBON'),
('8172', '81', 'KOTA TUAL'),
('8201', '82', 'KABUPATEN HALMAHERA BARAT'),
('8202', '82', 'KABUPATEN HALMAHERA TENGAH'),
('8203', '82', 'KABUPATEN KEPULAUAN SULA'),
('8204', '82', 'KABUPATEN HALMAHERA SELATAN'),
('8205', '82', 'KABUPATEN HALMAHERA UTARA'),
('8206', '82', 'KABUPATEN HALMAHERA TIMUR'),
('8207', '82', 'KABUPATEN PULAU MOROTAI'),
('8208', '82', 'KABUPATEN PULAU TALIABU'),
('8271', '82', 'KOTA TERNATE'),
('8272', '82', 'KOTA TIDORE KEPULAUAN'),
('9101', '91', 'KABUPATEN FAKFAK'),
('9102', '91', 'KABUPATEN KAIMANA'),
('9103', '91', 'KABUPATEN TELUK WONDAMA'),
('9104', '91', 'KABUPATEN TELUK BINTUNI'),
('9105', '91', 'KABUPATEN MANOKWARI'),
('9106', '91', 'KABUPATEN SORONG SELATAN'),
('9107', '91', 'KABUPATEN SORONG'),
('9108', '91', 'KABUPATEN RAJA AMPAT'),
('9109', '91', 'KABUPATEN TAMBRAUW'),
('9110', '91', 'KABUPATEN MAYBRAT'),
('9111', '91', 'KABUPATEN MANOKWARI SELATAN'),
('9112', '91', 'KABUPATEN PEGUNUNGAN ARFAK'),
('9171', '91', 'KOTA SORONG'),
('9401', '94', 'KABUPATEN MERAUKE'),
('9402', '94', 'KABUPATEN JAYAWIJAYA'),
('9403', '94', 'KABUPATEN JAYAPURA'),
('9404', '94', 'KABUPATEN NABIRE'),
('9408', '94', 'KABUPATEN KEPULAUAN YAPEN'),
('9409', '94', 'KABUPATEN BIAK NUMFOR'),
('9410', '94', 'KABUPATEN PANIAI'),
('9411', '94', 'KABUPATEN PUNCAK JAYA'),
('9412', '94', 'KABUPATEN MIMIKA'),
('9413', '94', 'KABUPATEN BOVEN DIGOEL'),
('9414', '94', 'KABUPATEN MAPPI'),
('9415', '94', 'KABUPATEN ASMAT'),
('9416', '94', 'KABUPATEN YAHUKIMO'),
('9417', '94', 'KABUPATEN PEGUNUNGAN BINTANG'),
('9418', '94', 'KABUPATEN TOLIKARA'),
('9419', '94', 'KABUPATEN SARMI'),
('9420', '94', 'KABUPATEN KEEROM'),
('9426', '94', 'KABUPATEN WAROPEN'),
('9427', '94', 'KABUPATEN SUPIORI'),
('9428', '94', 'KABUPATEN MAMBERAMO RAYA'),
('9429', '94', 'KABUPATEN NDUGA'),
('9430', '94', 'KABUPATEN LANNY JAYA'),
('9431', '94', 'KABUPATEN MAMBERAMO TENGAH'),
('9432', '94', 'KABUPATEN YALIMO'),
('9433', '94', 'KABUPATEN PUNCAK'),
('9434', '94', 'KABUPATEN DOGIYAI'),
('9435', '94', 'KABUPATEN INTAN JAYA'),
('9436', '94', 'KABUPATEN DEIYAI'),
('9471', '94', 'KOTA JAYAPURA');

-- --------------------------------------------------------

--
-- Struktur dari tabel `session_log`
--

CREATE TABLE IF NOT EXISTS `session_log` (
  `id` int(11) NOT NULL AUTO_INCREMENT,
  `user_id` int(11) NOT NULL,
  `logintime` timestamp NOT NULL DEFAULT CURRENT_TIMESTAMP ON UPDATE CURRENT_TIMESTAMP,
  PRIMARY KEY (`id`) USING BTREE
) ENGINE=InnoDB  DEFAULT CHARSET=latin1 ROW_FORMAT=COMPACT AUTO_INCREMENT=374 ;

--
-- Dumping data untuk tabel `session_log`
--

INSERT INTO `session_log` (`id`, `user_id`, `logintime`) VALUES
(247, 1, '2018-07-09 02:08:16'),
(248, 1, '2018-07-09 02:08:59'),
(249, 1, '2018-07-09 02:13:19'),
(250, 1, '2018-07-09 02:15:44'),
(251, 1, '2018-07-09 06:49:50'),
(252, 1, '2018-07-09 06:50:16'),
(253, 1, '2018-07-10 04:57:07'),
(254, 1, '2018-07-10 05:03:03'),
(255, 1, '2018-07-10 06:25:21'),
(256, 1, '2018-07-10 07:31:54'),
(257, 1, '2018-07-10 07:47:52'),
(258, 1, '2018-07-11 00:54:15'),
(259, 1, '2018-07-12 02:06:55'),
(260, 1, '2018-07-12 02:09:28'),
(261, 1, '2018-07-12 02:17:44'),
(262, 1, '2018-07-12 06:33:09'),
(263, 1, '2018-07-16 07:32:39'),
(264, 1, '2018-07-16 09:24:03'),
(265, 1, '2018-07-17 01:31:41'),
(266, 1, '2018-07-17 01:41:48'),
(267, 1, '2018-07-17 01:50:35'),
(268, 1, '2018-07-19 01:51:59'),
(269, 1, '2018-07-19 09:26:38'),
(270, 1, '2018-07-19 09:28:43'),
(271, 1, '2018-07-19 09:34:11'),
(272, 1, '2018-07-19 10:42:56'),
(273, 1, '2018-08-06 06:59:34'),
(274, 1, '2018-08-07 01:17:57'),
(275, 1, '2018-08-08 02:43:49'),
(276, 1, '2018-08-08 02:47:31'),
(277, 1, '2018-08-14 03:42:10'),
(278, 1, '2018-08-14 03:55:54'),
(279, 1, '2018-08-15 04:26:33'),
(280, 1, '2018-08-15 04:53:47'),
(281, 1, '2018-08-15 09:47:48'),
(282, 1, '2018-08-16 07:22:38'),
(283, 1, '2018-08-16 07:36:54'),
(284, 1, '2018-08-16 07:41:03'),
(285, 1, '2018-08-16 07:41:21'),
(286, 1, '2018-08-20 02:06:20'),
(287, 1, '2018-08-20 07:19:35'),
(288, 1, '2018-08-23 07:02:47'),
(289, 1, '2018-08-23 09:04:07'),
(290, 1, '2018-08-24 03:06:14'),
(291, 1, '2018-08-24 03:23:42'),
(292, 1, '2018-08-24 03:55:06'),
(293, 1, '2018-08-24 03:59:07'),
(294, 1, '2018-08-24 04:02:56'),
(295, 1, '2018-08-24 07:28:58'),
(296, 1, '2018-08-24 08:13:26'),
(297, 1, '2018-08-27 04:18:16'),
(298, 1, '2018-08-27 09:42:21'),
(299, 1, '2018-08-30 08:14:29'),
(300, 1, '2018-09-04 01:20:34'),
(301, 1, '2018-09-04 01:28:32'),
(302, 1, '2018-09-04 08:58:36'),
(303, 1, '2018-09-04 09:05:36'),
(304, 1, '2018-09-07 09:36:07'),
(305, 1, '2018-09-07 09:42:05'),
(306, 1, '2018-09-07 09:49:25'),
(307, 1, '2018-09-10 07:27:12'),
(308, 1, '2018-09-10 07:35:07'),
(309, 1, '2018-09-10 09:36:49'),
(310, 1, '2018-09-11 04:39:25'),
(311, 1, '2018-09-11 13:23:53'),
(312, 1, '2018-09-11 21:21:37'),
(313, 1, '2018-09-12 01:10:14'),
(314, 1, '2018-09-12 02:22:08'),
(315, 1, '2018-09-12 02:29:27'),
(316, 1, '2018-09-12 22:09:49'),
(317, 1, '2018-09-13 13:35:52'),
(318, 1, '2018-09-21 06:11:57'),
(319, 1, '2018-09-21 07:47:46'),
(320, 1, '2018-10-04 01:14:30'),
(321, 1, '2018-10-04 02:29:17'),
(322, 1, '2018-10-04 22:16:47'),
(323, 1, '2018-10-05 01:42:00'),
(324, 1, '2018-10-05 01:43:36'),
(325, 1, '2018-10-08 03:48:09'),
(326, 1, '2018-10-08 03:54:38'),
(327, 1, '2018-10-08 03:55:46'),
(328, 1, '2018-10-09 02:24:33'),
(329, 1, '2018-10-09 08:08:40'),
(330, 1, '2018-10-10 15:13:01'),
(331, 1, '2018-10-10 15:26:07'),
(332, 1, '2018-10-10 16:00:15'),
(333, 1, '2018-10-10 16:22:39'),
(334, 1, '2018-10-10 22:04:21'),
(335, 1, '2018-10-10 22:45:10'),
(336, 1, '2018-10-10 22:56:25'),
(337, 1, '2018-10-11 01:04:22'),
(338, 1, '2018-10-11 01:07:38'),
(339, 1, '2018-10-11 02:03:41'),
(340, 1, '2018-10-11 03:37:49'),
(341, 1, '2018-10-11 03:54:11'),
(342, 1, '2018-10-11 04:10:22'),
(343, 1, '2018-10-11 04:22:10'),
(344, 1, '2018-10-11 09:12:11'),
(345, 1, '2018-10-11 13:16:02'),
(346, 1, '2018-10-12 00:18:57'),
(347, 1, '2018-10-12 00:29:50'),
(348, 1, '2018-10-12 01:24:37'),
(349, 1, '2018-10-12 01:39:57'),
(350, 1, '2018-10-12 01:54:35'),
(351, 1, '2018-10-12 03:01:06'),
(352, 1, '2018-10-12 03:04:41'),
(353, 1, '2018-10-12 03:56:23'),
(354, 1, '2018-10-14 06:48:55'),
(355, 1, '2018-10-14 07:05:05'),
(356, 1, '2018-10-14 09:40:58'),
(357, 1, '2018-10-14 13:56:38'),
(358, 1, '2018-10-14 21:58:15'),
(359, 1, '2018-10-15 01:22:44'),
(360, 1, '2018-10-15 02:08:26'),
(361, 1, '2018-10-15 02:22:45'),
(362, 1, '2018-10-15 02:29:13'),
(363, 1, '2018-10-15 02:44:19'),
(364, 1, '2018-10-15 03:20:39'),
(365, 1, '2018-10-15 03:37:06'),
(366, 1, '2018-10-15 04:29:54'),
(367, 1, '2018-10-15 04:42:34'),
(368, 1, '2018-10-15 04:46:39'),
(369, 1, '2018-10-16 01:35:03'),
(370, 1, '2018-10-16 05:23:17'),
(371, 1, '2018-12-11 22:36:36'),
(372, 1, '2018-12-13 10:27:54'),
(373, 1, '2018-12-14 02:28:00');

-- --------------------------------------------------------

--
-- Struktur dari tabel `tbl_config_app`
--

CREATE TABLE IF NOT EXISTS `tbl_config_app` (
  `param` varchar(255) DEFAULT NULL,
  `val` varchar(255) DEFAULT NULL
) ENGINE=InnoDB DEFAULT CHARSET=latin1;

--
-- Dumping data untuk tabel `tbl_config_app`
--

INSERT INTO `tbl_config_app` (`param`, `val`) VALUES
('kode_prov', 'UJHflHNITkxvkEW9nG3ypd/m/Fot1RsflFDjLPJKfWH2d8kW7Fu5KYkKsI9WR6roPzDMhwoP6sQo4yB2n3cVrw==');

-- --------------------------------------------------------

--
-- Struktur dari tabel `users`
--

CREATE TABLE IF NOT EXISTS `users` (
  `id` int(11) NOT NULL AUTO_INCREMENT,
  `username` varchar(50) DEFAULT NULL,
  `nama` varchar(200) DEFAULT NULL,
  `pass` varchar(200) DEFAULT NULL,
  `email` varchar(100) DEFAULT NULL,
  `hp` varchar(15) DEFAULT NULL,
  `alamat` varchar(250) DEFAULT NULL,
  `group_id` smallint(6) DEFAULT NULL,
  `created` timestamp NOT NULL DEFAULT CURRENT_TIMESTAMP ON UPDATE CURRENT_TIMESTAMP,
  `created_by` smallint(6) DEFAULT NULL,
  `updated` timestamp NOT NULL DEFAULT '0000-00-00 00:00:00',
  `updated_by` smallint(6) DEFAULT NULL,
  `is_delete` smallint(6) DEFAULT '0',
  PRIMARY KEY (`id`) USING BTREE
) ENGINE=InnoDB  DEFAULT CHARSET=latin1 ROW_FORMAT=COMPACT AUTO_INCREMENT=11 ;

--
-- Dumping data untuk tabel `users`
--

INSERT INTO `users` (`id`, `username`, `nama`, `pass`, `email`, `hp`, `alamat`, `group_id`, `created`, `created_by`, `updated`, `updated_by`, `is_delete`) VALUES
(1, 'admin', 'Administrator', '21232f297a57a5a743894a0e4a801fc3', 'admin@ptjlo.co.id', '0817212162', 'Jl. Siliwangi Raya Pamulang', 1, '2017-11-11 01:56:07', NULL, '2017-11-11 01:56:07', NULL, 0),
(2, 'ismail', 'Ahmad Ismail', '21232f297a57a5a743894a0e4a801fc3', 'ismail@gmail.com', '0817212162', 'Jl. Bratasena Raya Blok t3', 2, '2018-03-25 06:06:35', 1, '2017-11-11 01:58:16', 1, 1),
(3, 'Fathur', 'Fathur rohman', 'c2b1a7a28ace620c96223bf66bd037cf', 'fathur@jlo.co.id', '0817272626', 'Jl. Akasia ', 3, '2018-03-25 06:06:32', 1, '2017-11-27 03:15:15', NULL, 1),
(4, 'xxx', 'xxx', 'f561aaf6ef0bf14d4208bb46a4ccb3ad', 'xxx', 'sss', 'ss', 1, '2017-11-11 02:02:24', 1, '2017-11-11 02:02:24', NULL, 1),
(5, 'ssss', 'sss', '9f6e6800cfae7749eb6c486619254b9c', 'sss', '2232323', 'sdsdsd', 2, '2017-11-11 02:02:42', 1, '2017-11-11 02:02:42', NULL, 1),
(6, 'dsd', 'sdsd', 'cc2bd8f09bb88b5dd20f9b432631b8ca', '', '23232', 'dsdsd', 1, '2017-11-11 02:15:07', 1, '2017-11-11 02:15:07', NULL, 1),
(7, 'mustika', 'Mustika Sari', 'a835b0267805e30cf094fdca7d4b5832', 'musmustikaa@gmail.com', '087888450902', 'Jl. Durian II RT.003 RW.010 No.15 Kel/Kec. Jatiasih Kota Bekasi', 1, '2018-03-25 06:06:38', 1, '2018-02-21 05:06:29', 1, 1),
(8, 'test', 'test', '098f6bcd4621d373cade4e832627b4f6', 'test@gmail.com', '2323', 'test', 1, '2018-03-25 06:42:46', 1, '0000-00-00 00:00:00', NULL, 0),
(9, NULL, NULL, NULL, NULL, NULL, NULL, NULL, '2018-03-25 06:44:04', NULL, '0000-00-00 00:00:00', NULL, 1),
(10, 'drt', 'user drt', '577a59598ca3b7faa0447dffeaff70a2', 'drt@jmto.co.id', '086898666', '', 2, '2018-05-02 07:34:24', 1, '0000-00-00 00:00:00', NULL, 1);

-- --------------------------------------------------------

--
-- Struktur dari tabel `web_dokumen`
--

CREATE TABLE IF NOT EXISTS `web_dokumen` (
  `id` int(11) NOT NULL AUTO_INCREMENT,
  `nama` varchar(255) DEFAULT NULL,
  `isi` text,
  `lampiran` varchar(255) DEFAULT NULL,
  PRIMARY KEY (`id`)
) ENGINE=InnoDB  DEFAULT CHARSET=latin1 AUTO_INCREMENT=2 ;

--
-- Dumping data untuk tabel `web_dokumen`
--

INSERT INTO `web_dokumen` (`id`, `nama`, `isi`, `lampiran`) VALUES
(1, 'Alamat Unit Kantor JMTO', 'Alamat Unit Kantor JMTO', 'File-Kantor-JMTO.pdf');

-- --------------------------------------------------------

--
-- Struktur dari tabel `web_faq`
--

CREATE TABLE IF NOT EXISTS `web_faq` (
  `id` int(11) NOT NULL AUTO_INCREMENT,
  `pertanyaan` varchar(200) DEFAULT NULL,
  `jawaban` varchar(500) DEFAULT NULL,
  PRIMARY KEY (`id`) USING BTREE
) ENGINE=InnoDB  DEFAULT CHARSET=latin1 ROW_FORMAT=COMPACT AUTO_INCREMENT=2 ;

--
-- Dumping data untuk tabel `web_faq`
--

INSERT INTO `web_faq` (`id`, `pertanyaan`, `jawaban`) VALUES
(1, 'Saya Gagal melakukan Proses Upload Dokumen , Apa yang harus saya lakukan ?', '<p>\n1. Periksa Jaringan di Tempat Anda apakah dalam kondisi Normal dan terhubung dengan Aplikasi <br/>\n2. Periksa kembali File yang akan anda Upload dalam kondisi baik dan bisa dibuka <br/>\n3. Periksa kondisi PC  anda apakah terkena virus atau tidak Jika langkah diatas sudah dilakukan dan tetap tidak bisa melakukan Upload , silahkan hubungi Kantor PT JMTO Pusat untuk melakukan proses Upload<br/><br/></p>');

-- --------------------------------------------------------

--
-- Struktur dari tabel `web_maksud_tujuan`
--

CREATE TABLE IF NOT EXISTS `web_maksud_tujuan` (
  `id` int(11) NOT NULL AUTO_INCREMENT,
  `description` text,
  `created` datetime DEFAULT NULL,
  PRIMARY KEY (`id`) USING BTREE
) ENGINE=InnoDB  DEFAULT CHARSET=latin1 ROW_FORMAT=COMPACT AUTO_INCREMENT=3 ;

--
-- Dumping data untuk tabel `web_maksud_tujuan`
--

INSERT INTO `web_maksud_tujuan` (`id`, `description`, `created`) VALUES
(1, '<p>Maksud dan Tujuan\nMaksud pelaksanaan e-Procurement JMTO adalah :\nSarana Pengadaan Barang/Jasa secara online;\nSarana pendokumentasian Pengadaan Barang/Jasa ;\nSarana informasi Data Rekanan Terdaftar;\n<br/><br/>\n\nTujuan pelaksanaan e-Procurement JMTO adalah :\nuntuk lebih meningkatkan kinerja proses pengadaan barang/jasa, transparansi, efisiensi waktu dan biaya, akuntabilitas, memudahkan pengendalian dan pengawasan, dan mengoptimalkan pemanfaat teknologi di era globalisasi.</p>', '2018-03-31 17:52:15'),
(2, NULL, NULL);

-- --------------------------------------------------------

--
-- Struktur dari tabel `web_syarat_ketentuan`
--

CREATE TABLE IF NOT EXISTS `web_syarat_ketentuan` (
  `id` int(11) NOT NULL AUTO_INCREMENT,
  `judul` text,
  `description` text,
  `created` datetime DEFAULT NULL,
  PRIMARY KEY (`id`) USING BTREE
) ENGINE=InnoDB  DEFAULT CHARSET=latin1 ROW_FORMAT=COMPACT AUTO_INCREMENT=6 ;

--
-- Dumping data untuk tabel `web_syarat_ketentuan`
--

INSERT INTO `web_syarat_ketentuan` (`id`, `judul`, `description`, `created`) VALUES
(1, 'A. RUANG LINGKUP', '<p>1. Pengadaan Barang/Jasa dengan sumber dana APLN.<br>\r\n2.	Pengadaan Barang/Jasa dengan sumber dana lainnya, yaitu dari Pinjaman/Hibah Luar Negeri dan/atau Pinjaman Dalam Negeri yang secara langsung diberikan ke PT JMTO (Persero), sepanjang tidak diatur dalam naskah pemberi pinjaman (guide lines).</p>', '2018-03-31 17:52:15'),
(2, 'B. PENGERTIAN/ISTILAH', '<span align="justify"><p>Semua pengertian/istilah tetap mengacu pada pengertian/istilah yang tercantum dalam Edaran Direksi PT JMTO (Persero) Nomor 0003.E/DIR/2014 tentang Petunjuk Teknis Pengadaan Barang/Jasa PT JMTO (Persero) sebagaimana telah diubah dengan Edaran Direksi PT JMTO (Persero) Nomor 0014.E/DIR/2014, dengan beberapa tambahan pengertian/istilah yaitu:<br><br>\r\n\r\n1.	Anggota adalah peserta/pengguna aplikasi e-Procurement JMTO yang mempunyai User ID, terregistrasi dan terverifikasi di e-Procurement JMTO. <br>\r\n\r\n2.	e-Auction adalah proses Pengadaan Barang/Jasa melalui aplikasi e-Procurement JMTO dimana pemasukan penawaran dapat dilakukan berulang-ulang dalam jangka waktu yang telah ditentukan oleh Pejabat Pelaksana Pengadaan, terdiri dari e-Auction terbuka dan e-Auction tertutup. <br>\r\n\r\n3.	e-Bidding adalah proses Pengadaan Barang/Jasa melalui aplikasi e-Procurement JMTO dimana pemasukan penawaran dilakukan 1 (satu) kali dalam waktu yang telah ditentukan oleh Pejabat Pelaksana Pengadaan. <br>\r\n\r\n4.	Password adalah kumpulan karakter atau string yang digunakan oleh Anggota untuk memverifikasi User ID agar dapat menggunakan aplikasi e-Procurement JMTO. <br>\r\n\r\n5.	User ID adalah nama atau pengenal sebagai identitas diri dari Anggota yang digunakan untuk beroperasi dalam aplikasi e-Procurement JMTO. </p></justify>', '2018-12-18 15:07:21'),
(4, 'C. TANGGUNG JAWAB PENGGUNAAN USER ID DAN PASSWORD', '<span align="justify"><p>1. Anggota bertanggung jawab penuh atas kerahasiaan, keamanan, dan penyalahgunaan User ID serta Password miliknya.<br>\r\n\r\n2.	Anggota dapat mengganti password-nya secara periodik untuk tetap menjaga kerahasiaan dan kemungkinan penyalahgunaan oleh pihak lain. <br>\r\n\r\n3.	Bila Anggota lupa dengan password-nya, harus segera mengganti password dengan cara klik [lupa password] di aplikasi e-Procurement JMTO dan mengikuti panduan aplikasi. <br>\r\n\r\n4.	Anggota segera memberitahukan kepada JMTO apabila mengetahui adanya penyalahgunaan User ID miliknya oleh pihak lain atau jika ada masalah lainnya terhadap User ID miliknya. <br>\r\n\r\n5.	1 (satu) User ID hanya dapat digunakan oleh 1 (satu) pengguna secara bersamaan. </p></justify>', '2018-12-18 15:30:17'),
(5, 'D. JENIS DAN METODE e-PROCUREMENT JMTO', '<span align="justify"><p>\r\n\r\n1.	Jenis Pengadaan Barang/Jasa melalui e-Procurement terdiri dari: <br>\r\n\r\na.	Pengadaan Barang<br>\r\n\r\nb.	Pengadaan Jasa Konstruksi<br>\r\n\r\nc.	Pengadaan Jasa Konsultansi<br>\r\n\r\nd.	Pengadaan Jasa Lainnya<br><br> \r\n2.	Metode Pengadaan Barang/Jasa melalui e-Procurement terdiri dari: <br>\r\n\r\na.	Pelelangan Terbatas<br>\r\n\r\nb.	Pelelangan Terbuka<br>\r\n\r\nc.	Penunjukan Langsung<br>\r\n\r\nd.	Pengadaan Langsung<br></p></justify>', '2018-12-18 17:15:49');

-- --------------------------------------------------------

--
-- Struktur dari tabel `web_tentang_kami`
--

CREATE TABLE IF NOT EXISTS `web_tentang_kami` (
  `id` int(11) NOT NULL AUTO_INCREMENT,
  `description` text,
  `created` datetime DEFAULT NULL,
  PRIMARY KEY (`id`) USING BTREE
) ENGINE=InnoDB  DEFAULT CHARSET=latin1 ROW_FORMAT=COMPACT AUTO_INCREMENT=2 ;

--
-- Dumping data untuk tabel `web_tentang_kami`
--

INSERT INTO `web_tentang_kami` (`id`, `description`, `created`) VALUES
(1, '<p>e-Proc JMTO adalah e-Procurement di lingkungan PT Jasamarga Tollroad Operator untuk sarana pengadaan barang/jasa sesuai dengan Pedoman pengadaan barang/jasa yang berlaku di PT Jasamarga Tollroad Operator yang dilakukan secara online/elektronik dengan menggunakan fasilitas aplikasi e-Proc JMTO</p>', '2018-03-31 17:52:15');

-- --------------------------------------------------------

--
-- Struktur dari tabel `~drt_ijin_usaha`
--

CREATE TABLE IF NOT EXISTS `~drt_ijin_usaha` (
  `id` int(11) NOT NULL AUTO_INCREMENT,
  `id_peserta` int(11) DEFAULT NULL,
  `jenis_ijin` varchar(100) DEFAULT NULL,
  `nomor_surat` varchar(100) DEFAULT NULL,
  `berlaku_sampai` date DEFAULT NULL,
  `instansi_pemberi` varchar(100) DEFAULT NULL,
  `kualifikasi` smallint(2) DEFAULT NULL,
  `klasifikasi` varchar(255) DEFAULT NULL,
  `dok` varchar(100) DEFAULT NULL,
  `created` datetime DEFAULT NULL,
  `updated` datetime DEFAULT NULL,
  `status` smallint(1) DEFAULT '0',
  `status_delete` smallint(1) DEFAULT '0',
  `klasifikasi_lainnya` varchar(200) DEFAULT NULL,
  PRIMARY KEY (`id`) USING BTREE
) ENGINE=InnoDB  DEFAULT CHARSET=latin1 ROW_FORMAT=COMPACT AUTO_INCREMENT=5 ;

--
-- Dumping data untuk tabel `~drt_ijin_usaha`
--

INSERT INTO `~drt_ijin_usaha` (`id`, `id_peserta`, `jenis_ijin`, `nomor_surat`, `berlaku_sampai`, `instansi_pemberi`, `kualifikasi`, `klasifikasi`, `dok`, `created`, `updated`, `status`, `status_delete`, `klasifikasi_lainnya`) VALUES
(1, 4, 'SIUP', '787878', '2018-07-11', 'Dinas Perdangaan', 1, '8', '4_ijin_usaha_0.526652001531209357_.pdf', '2018-07-10 14:55:57', NULL, 0, 0, NULL),
(2, 4, '89989', 'yuu', '2018-07-11', 'Dinas Perdangaan', 1, '6', '4_ijin_usaha_0.031439001531209568_.pdf', '2018-07-10 14:59:28', NULL, 0, 0, NULL),
(3, 5, 'SIUP KECIL Jasa Perdagangan', '64/24.1PK/31.75.04/-1.824.27/e/2016', '2021-07-12', 'SPPTS Kecamatan Kramat jati', 1, '11', '5_ijin_usaha_0.114513001531360413_.pdf', '2018-07-12 08:53:33', NULL, 0, 0, NULL),
(4, 14, 'SURA IZIN USAHA PERDAGANGAN', '0345/PM/V/DPMPTSP/2017', '1970-01-01', 'DINAS PENANAMAN MODA DAN PELAYANAN TERPADU SATU PINTU', 3, '11', '14_ijin_usaha_0.960465001535082735.pdf', '2018-08-24 10:52:15', NULL, 0, 0, 'PENYEDIA TENAGA KERJA/ JASA KEMANANAN');

-- --------------------------------------------------------

--
-- Struktur dari tabel `~drt_ijin_usaha_klasifikasi`
--

CREATE TABLE IF NOT EXISTS `~drt_ijin_usaha_klasifikasi` (
  `id` int(11) NOT NULL AUTO_INCREMENT,
  `klasifikasi` varchar(255) DEFAULT NULL,
  `status` smallint(255) DEFAULT '1',
  PRIMARY KEY (`id`) USING BTREE
) ENGINE=InnoDB  DEFAULT CHARSET=latin1 AUTO_INCREMENT=13 ;

--
-- Dumping data untuk tabel `~drt_ijin_usaha_klasifikasi`
--

INSERT INTO `~drt_ijin_usaha_klasifikasi` (`id`, `klasifikasi`, `status`) VALUES
(1, 'Bahan pangan', 1),
(2, 'Bahan tekstil', 1),
(3, 'Jasa sewa derek', 1),
(4, 'Jasa sewa ambulance & kendaraan rescue', 1),
(5, 'Jasa sewa kendaraan operasional', 1),
(6, 'Jasa komputer', 1),
(7, 'Jasa software', 1),
(8, 'Jasa perawatan peralatan tol', 1),
(9, 'Jasa pemasangan alat tol', 1),
(10, 'Barang lainnya', 1),
(11, 'Jasa lainnya', 1),
(12, 'Jasa konsultan', 1);

-- --------------------------------------------------------

--
-- Struktur dari tabel `~drt_ijin_usaha_kualifikasi`
--

CREATE TABLE IF NOT EXISTS `~drt_ijin_usaha_kualifikasi` (
  `id` int(11) NOT NULL AUTO_INCREMENT,
  `kualifikasi` varchar(255) DEFAULT NULL,
  `status` smallint(255) DEFAULT '1',
  PRIMARY KEY (`id`) USING BTREE
) ENGINE=InnoDB  DEFAULT CHARSET=latin1 AUTO_INCREMENT=4 ;

--
-- Dumping data untuk tabel `~drt_ijin_usaha_kualifikasi`
--

INSERT INTO `~drt_ijin_usaha_kualifikasi` (`id`, `kualifikasi`, `status`) VALUES
(1, 'Perusahaan Kecil', 1),
(2, 'Perusahaan Besar', 1),
(3, 'Perusahaan Sedang', 1);

--
-- Ketidakleluasaan untuk tabel pelimpahan (Dumped Tables)
--

--
-- Ketidakleluasaan untuk tabel `regencies`
--
ALTER TABLE `regencies`
  ADD CONSTRAINT `regencies_province_id_foreign` FOREIGN KEY (`province_id`) REFERENCES `provinces` (`id`);

/*!40101 SET CHARACTER_SET_CLIENT=@OLD_CHARACTER_SET_CLIENT */;
/*!40101 SET CHARACTER_SET_RESULTS=@OLD_CHARACTER_SET_RESULTS */;
/*!40101 SET COLLATION_CONNECTION=@OLD_COLLATION_CONNECTION */;
